employee_timesheet_id,timesheet_id,employee_project_id,employee_proposal_id,work_date,project_hours,proposal_hours
519001_1_45083,519001_AML,519001_1,,2023-06-06,1,
519001_1_45084,519001_AML,519001_1,,2023-06-07,1,
519001_1_45085,519001_AML,519001_1,,2023-06-08,1,
519001_1_45086,519001_AML,519001_1,,2023-06-09,1,
519001_1_45089,519001_AML,519001_1,,2023-06-12,1,
519001_1_45090,519001_AML,519001_1,,2023-06-13,1,
519001_1_45091,519001_AML,519001_1,,2023-06-14,1,
519001_1_45092,519001_AML,519001_1,,2023-06-15,1,
519001_1_45093,519001_AML,519001_1,,2023-06-16,1,
519001_1_45096,519001_AML,519001_1,,2023-06-19,1,
519001_1_45097,519001_AML,519001_1,,2023-06-20,1,
519001_1_45098,519001_AML,519001_1,,2023-06-21,1,
519001_1_45099,519001_AML,519001_1,,2023-06-22,1,
519001_1_45100,519001_AML,519001_1,,2023-06-23,1,
519001_1_45103,519001_AML,519001_1,,2023-06-26,1,
519001_1_45104,519001_AML,519001_1,,2023-06-27,1,
519001_1_45105,519001_AML,519001_1,,2023-06-28,1,
519001_1_45106,519001_AML,519001_1,,2023-06-29,1,
519001_1_45107,519001_AML,519001_1,,2023-06-30,1,
519001_1_45110,519001_AML,519001_1,,2023-07-03,1,
519001_1_45111,519001_AML,519001_1,,2023-07-04,1,
519001_1_45112,519001_AML,519001_1,,2023-07-05,1,
519001_1_45113,519001_AML,519001_1,,2023-07-06,1,
519001_1_45114,519001_AML,519001_1,,2023-07-07,1,
519001_1_45117,519001_AML,519001_1,,2023-07-10,1,
519001_1_45118,519001_AML,519001_1,,2023-07-11,1,
519001_1_45119,519001_AML,519001_1,,2023-07-12,1,
519001_1_45120,519001_AML,519001_1,,2023-07-13,1,
519001_1_45121,519001_AML,519001_1,,2023-07-14,1,
519001_1_45124,519001_AML,519001_1,,2023-07-17,1,
519001_1_45125,519001_AML,519001_1,,2023-07-18,1,
519001_1_45126,519001_AML,519001_1,,2023-07-19,1,
519001_1_45127,519001_AML,519001_1,,2023-07-20,1,
519001_1_45128,519001_AML,519001_1,,2023-07-21,1,
519001_1_45131,519001_AML,519001_1,,2023-07-24,1,
519001_1_45132,519001_AML,519001_1,,2023-07-25,1,
519001_1_45133,519001_AML,519001_1,,2023-07-26,1,
519001_1_45134,519001_AML,519001_1,,2023-07-27,1,
519001_1_45135,519001_AML,519001_1,,2023-07-28,1,
519001_1_45138,519001_AML,519001_1,,2023-07-31,1,
519001_1_45139,519001_AML,519001_1,,2023-08-01,1,
519001_1_45140,519001_AML,519001_1,,2023-08-02,1,
519001_1_45141,519001_AML,519001_1,,2023-08-03,1,
519001_1_45142,519001_AML,519001_1,,2023-08-04,1,
519001_1_45145,519001_AML,519001_1,,2023-08-07,1,
519001_1_45146,519001_AML,519001_1,,2023-08-08,1,
468251_1_44718,468251_EBA,468251_1,,2022-06-06,1,
468251_1_44719,468251_EBA,468251_1,,2022-06-07,1,
468251_1_44720,468251_EBA,468251_1,,2022-06-08,1,
468251_1_44721,468251_EBA,468251_1,,2022-06-09,1,
468251_1_44722,468251_EBA,468251_1,,2022-06-10,1,
468251_1_44725,468251_EBA,468251_1,,2022-06-13,1,
468251_1_44726,468251_EBA,468251_1,,2022-06-14,1,
468251_1_44727,468251_EBA,468251_1,,2022-06-15,1,
468251_1_44728,468251_EBA,468251_1,,2022-06-16,1,
468251_1_44729,468251_EBA,468251_1,,2022-06-17,1,
468251_1_44732,468251_EBA,468251_1,,2022-06-20,1,
468251_1_44733,468251_EBA,468251_1,,2022-06-21,1,
468251_1_44734,468251_EBA,468251_1,,2022-06-22,1,
468251_1_44735,468251_EBA,468251_1,,2022-06-23,1,
468251_1_44736,468251_EBA,468251_1,,2022-06-24,1,
468251_1_44739,468251_EBA,468251_1,,2022-06-27,1,
468251_1_44740,468251_EBA,468251_1,,2022-06-28,1,
468251_1_44741,468251_EBA,468251_1,,2022-06-29,1,
468251_1_44742,468251_EBA,468251_1,,2022-06-30,1,
468251_1_44743,468251_EBA,468251_1,,2022-07-01,1,
468251_1_44746,468251_EBA,468251_1,,2022-07-04,1,
468251_1_44747,468251_EBA,468251_1,,2022-07-05,1,
468251_1_44748,468251_EBA,468251_1,,2022-07-06,1,
468251_1_44749,468251_EBA,468251_1,,2022-07-07,1,
468251_1_44750,468251_EBA,468251_1,,2022-07-08,1,
468251_1_44753,468251_EBA,468251_1,,2022-07-11,1,
468251_1_44754,468251_EBA,468251_1,,2022-07-12,1,
468251_1_44755,468251_EBA,468251_1,,2022-07-13,1,
468251_1_44756,468251_EBA,468251_1,,2022-07-14,1,
468251_1_44757,468251_EBA,468251_1,,2022-07-15,1,
468251_1_44760,468251_EBA,468251_1,,2022-07-18,1,
468251_1_44761,468251_EBA,468251_1,,2022-07-19,1,
468251_1_44762,468251_EBA,468251_1,,2022-07-20,1,
468251_1_44763,468251_EBA,468251_1,,2022-07-21,1,
468251_1_44764,468251_EBA,468251_1,,2022-07-22,1,
468251_1_44767,468251_EBA,468251_1,,2022-07-25,1,
468251_1_44768,468251_EBA,468251_1,,2022-07-26,1,
468251_1_44769,468251_EBA,468251_1,,2022-07-27,1,
468251_1_44770,468251_EBA,468251_1,,2022-07-28,1,
468251_1_44771,468251_EBA,468251_1,,2022-07-29,1,
390914_1_44104,390914_FEA,390914_1,,2020-09-30,1,
390914_1_44105,390914_FEA,390914_1,,2020-10-01,1,
390914_1_44106,390914_FEA,390914_1,,2020-10-02,1,
390914_1_44109,390914_FEA,390914_1,,2020-10-05,1,
390914_1_44110,390914_FEA,390914_1,,2020-10-06,1,
390914_1_44111,390914_FEA,390914_1,,2020-10-07,1,
390914_1_44112,390914_FEA,390914_1,,2020-10-08,1,
390914_1_44113,390914_FEA,390914_1,,2020-10-09,1,
390914_1_44116,390914_FEA,390914_1,,2020-10-12,1,
390914_1_44117,390914_FEA,390914_1,,2020-10-13,1,
390914_1_44118,390914_FEA,390914_1,,2020-10-14,1,
390914_1_44119,390914_FEA,390914_1,,2020-10-15,1,
390914_1_44120,390914_FEA,390914_1,,2020-10-16,1,
390914_1_44123,390914_FEA,390914_1,,2020-10-19,1,
390914_1_44124,390914_FEA,390914_1,,2020-10-20,1,
390914_1_44125,390914_FEA,390914_1,,2020-10-21,1,
390914_1_44126,390914_FEA,390914_1,,2020-10-22,1,
390914_1_44127,390914_FEA,390914_1,,2020-10-23,1,
390914_1_44130,390914_FEA,390914_1,,2020-10-26,1,
390914_1_44131,390914_FEA,390914_1,,2020-10-27,1,
390914_1_44132,390914_FEA,390914_1,,2020-10-28,1,
390914_1_44133,390914_FEA,390914_1,,2020-10-29,1,
390914_1_44134,390914_FEA,390914_1,,2020-10-30,1,
390914_1_44137,390914_FEA,390914_1,,2020-11-02,1,
390914_1_44138,390914_FEA,390914_1,,2020-11-03,1,
390914_1_44139,390914_FEA,390914_1,,2020-11-04,1,
390914_1_44140,390914_FEA,390914_1,,2020-11-05,1,
390914_1_44141,390914_FEA,390914_1,,2020-11-06,1,
390914_1_44144,390914_FEA,390914_1,,2020-11-09,1,
390914_1_44145,390914_FEA,390914_1,,2020-11-10,1,
390914_1_44146,390914_FEA,390914_1,,2020-11-11,1,
390914_1_44147,390914_FEA,390914_1,,2020-11-12,1,
390914_1_44148,390914_FEA,390914_1,,2020-11-13,1,
390914_1_44151,390914_FEA,390914_1,,2020-11-16,1,
390914_1_44152,390914_FEA,390914_1,,2020-11-17,1,
390914_1_44153,390914_FEA,390914_1,,2020-11-18,1,
390914_1_44154,390914_FEA,390914_1,,2020-11-19,1,
390914_1_44155,390914_FEA,390914_1,,2020-11-20,1,
390914_1_44158,390914_FEA,390914_1,,2020-11-23,1,
390914_1_44159,390914_FEA,390914_1,,2020-11-24,1,
390914_1_44160,390914_FEA,390914_1,,2020-11-25,1,
390914_1_44161,390914_FEA,390914_1,,2020-11-26,1,
390914_1_44162,390914_FEA,390914_1,,2020-11-27,1,
390914_1_44165,390914_FEA,390914_1,,2020-11-30,1,
390914_1_44166,390914_FEA,390914_1,,2020-12-01,1,
390914_1_44167,390914_FEA,390914_1,,2020-12-02,1,
390914_1_44168,390914_FEA,390914_1,,2020-12-03,1,
390914_1_44169,390914_FEA,390914_1,,2020-12-04,1,
390914_1_44172,390914_FEA,390914_1,,2020-12-07,1,
390914_1_44173,390914_FEA,390914_1,,2020-12-08,1,
390914_1_44174,390914_FEA,390914_1,,2020-12-09,1,
390914_1_44175,390914_FEA,390914_1,,2020-12-10,1,
390914_1_44176,390914_FEA,390914_1,,2020-12-11,1,
390914_1_44179,390914_FEA,390914_1,,2020-12-14,1,
390914_1_44180,390914_FEA,390914_1,,2020-12-15,1,
390914_1_44181,390914_FEA,390914_1,,2020-12-16,1,
390914_1_44182,390914_FEA,390914_1,,2020-12-17,1,
390914_1_44183,390914_FEA,390914_1,,2020-12-18,1,
390914_1_44186,390914_FEA,390914_1,,2020-12-21,1,
390914_1_44187,390914_FEA,390914_1,,2020-12-22,1,
390914_1_44188,390914_FEA,390914_1,,2020-12-23,1,
390914_1_44189,390914_FEA,390914_1,,2020-12-24,1,
390914_1_44190,390914_FEA,390914_1,,2020-12-25,1,
390914_1_44193,390914_FEA,390914_1,,2020-12-28,1,
390914_1_44194,390914_FEA,390914_1,,2020-12-29,1,
390914_1_44195,390914_FEA,390914_1,,2020-12-30,1,
390914_1_44196,390914_FEA,390914_1,,2020-12-31,1,
390914_1_44197,390914_FEA,390914_1,,2021-01-01,1,
390914_1_44200,390914_FEA,390914_1,,2021-01-04,1,
390914_1_44201,390914_FEA,390914_1,,2021-01-05,1,
390914_1_44202,390914_FEA,390914_1,,2021-01-06,1,
390914_1_44203,390914_FEA,390914_1,,2021-01-07,1,
390914_1_44204,390914_FEA,390914_1,,2021-01-08,1,
390914_1_44207,390914_FEA,390914_1,,2021-01-11,1,
390914_1_44208,390914_FEA,390914_1,,2021-01-12,1,
446667_1_43852,446667_DEC,446667_1,,2020-01-22,1,
446667_1_43853,446667_DEC,446667_1,,2020-01-23,1,
446667_1_43854,446667_DEC,446667_1,,2020-01-24,1,
446667_1_43857,446667_DEC,446667_1,,2020-01-27,1,
446667_1_43858,446667_DEC,446667_1,,2020-01-28,1,
446667_1_43859,446667_DEC,446667_1,,2020-01-29,1,
446667_1_43860,446667_DEC,446667_1,,2020-01-30,1,
446667_1_43861,446667_DEC,446667_1,,2020-01-31,1,
446667_1_43864,446667_DEC,446667_1,,2020-02-03,1,
446667_1_43865,446667_DEC,446667_1,,2020-02-04,1,
446667_1_43866,446667_DEC,446667_1,,2020-02-05,1,
446667_1_43867,446667_DEC,446667_1,,2020-02-06,1,
446667_1_43868,446667_DEC,446667_1,,2020-02-07,1,
446667_1_43871,446667_DEC,446667_1,,2020-02-10,1,
446667_1_43872,446667_DEC,446667_1,,2020-02-11,1,
446667_1_43873,446667_DEC,446667_1,,2020-02-12,1,
446667_1_43874,446667_DEC,446667_1,,2020-02-13,1,
446667_1_43875,446667_DEC,446667_1,,2020-02-14,1,
446667_1_43878,446667_DEC,446667_1,,2020-02-17,1,
446667_1_43879,446667_DEC,446667_1,,2020-02-18,1,
446667_1_43880,446667_DEC,446667_1,,2020-02-19,1,
446667_1_43881,446667_DEC,446667_1,,2020-02-20,1,
446667_1_43882,446667_DEC,446667_1,,2020-02-21,1,
446667_1_43885,446667_DEC,446667_1,,2020-02-24,1,
446667_1_43886,446667_DEC,446667_1,,2020-02-25,1,
446667_1_43887,446667_DEC,446667_1,,2020-02-26,1,
446667_1_43888,446667_DEC,446667_1,,2020-02-27,1,
446667_1_43889,446667_DEC,446667_1,,2020-02-28,1,
446667_1_43892,446667_DEC,446667_1,,2020-03-02,1,
446667_1_43893,446667_DEC,446667_1,,2020-03-03,1,
446667_1_43894,446667_DEC,446667_1,,2020-03-04,1,
446667_1_43895,446667_DEC,446667_1,,2020-03-05,1,
446667_1_43896,446667_DEC,446667_1,,2020-03-06,1,
446667_1_43899,446667_DEC,446667_1,,2020-03-09,1,
446667_1_43900,446667_DEC,446667_1,,2020-03-10,1,
446667_1_43901,446667_DEC,446667_1,,2020-03-11,1,
446667_1_43902,446667_DEC,446667_1,,2020-03-12,1,
446667_1_43903,446667_DEC,446667_1,,2020-03-13,1,
446667_1_43906,446667_DEC,446667_1,,2020-03-16,1,
446667_1_43907,446667_DEC,446667_1,,2020-03-17,1,
446667_1_43908,446667_DEC,446667_1,,2020-03-18,1,
446667_1_43909,446667_DEC,446667_1,,2020-03-19,1,
446667_1_43910,446667_DEC,446667_1,,2020-03-20,1,
446667_1_43913,446667_DEC,446667_1,,2020-03-23,1,
446667_1_43914,446667_DEC,446667_1,,2020-03-24,1,
446667_1_43915,446667_DEC,446667_1,,2020-03-25,1,
446667_1_43916,446667_DEC,446667_1,,2020-03-26,1,
446667_1_43917,446667_DEC,446667_1,,2020-03-27,1,
446667_1_43920,446667_DEC,446667_1,,2020-03-30,1,
446667_1_43921,446667_DEC,446667_1,,2020-03-31,1,
446667_1_43922,446667_DEC,446667_1,,2020-04-01,1,
446667_1_43923,446667_DEC,446667_1,,2020-04-02,1,
446667_1_43924,446667_DEC,446667_1,,2020-04-03,1,
446667_1_43927,446667_DEC,446667_1,,2020-04-06,1,
446667_1_43928,446667_DEC,446667_1,,2020-04-07,1,
446667_1_43929,446667_DEC,446667_1,,2020-04-08,1,
446667_1_43930,446667_DEC,446667_1,,2020-04-09,1,
446667_1_43931,446667_DEC,446667_1,,2020-04-10,1,
446667_1_43934,446667_DEC,446667_1,,2020-04-13,1,
446667_1_43935,446667_DEC,446667_1,,2020-04-14,1,
446667_1_43936,446667_DEC,446667_1,,2020-04-15,1,
446667_1_43937,446667_DEC,446667_1,,2020-04-16,1,
446667_1_43938,446667_DEC,446667_1,,2020-04-17,1,
446667_1_43941,446667_DEC,446667_1,,2020-04-20,1,
446667_1_43942,446667_DEC,446667_1,,2020-04-21,1,
446667_1_43943,446667_DEC,446667_1,,2020-04-22,1,
446667_1_43944,446667_DEC,446667_1,,2020-04-23,1,
446667_1_43945,446667_DEC,446667_1,,2020-04-24,1,
446667_1_43948,446667_DEC,446667_1,,2020-04-27,1,
446667_1_43949,446667_DEC,446667_1,,2020-04-28,1,
446667_1_43950,446667_DEC,446667_1,,2020-04-29,1,
446667_1_43951,446667_DEC,446667_1,,2020-04-30,1,
487325_1_44749,487325_DEF,487325_1,,2022-07-07,1,
487325_1_44750,487325_DEF,487325_1,,2022-07-08,1,
487325_1_44753,487325_DEF,487325_1,,2022-07-11,1,
487325_1_44754,487325_DEF,487325_1,,2022-07-12,1,
487325_1_44755,487325_DEF,487325_1,,2022-07-13,1,
487325_1_44756,487325_DEF,487325_1,,2022-07-14,1,
487325_1_44757,487325_DEF,487325_1,,2022-07-15,1,
487325_1_44760,487325_DEF,487325_1,,2022-07-18,1,
487325_1_44761,487325_DEF,487325_1,,2022-07-19,1,
487325_1_44762,487325_DEF,487325_1,,2022-07-20,1,
487325_1_44763,487325_DEF,487325_1,,2022-07-21,1,
487325_1_44764,487325_DEF,487325_1,,2022-07-22,1,
487325_1_44767,487325_DEF,487325_1,,2022-07-25,1,
487325_1_44768,487325_DEF,487325_1,,2022-07-26,1,
487325_1_44769,487325_DEF,487325_1,,2022-07-27,1,
487325_1_44770,487325_DEF,487325_1,,2022-07-28,1,
487325_1_44771,487325_DEF,487325_1,,2022-07-29,1,
487325_1_44774,487325_DEF,487325_1,,2022-08-01,1,
487325_1_44775,487325_DEF,487325_1,,2022-08-02,1,
487325_1_44776,487325_DEF,487325_1,,2022-08-03,1,
487325_1_44777,487325_DEF,487325_1,,2022-08-04,1,
487325_1_44778,487325_DEF,487325_1,,2022-08-05,1,
487325_1_44781,487325_DEF,487325_1,,2022-08-08,1,
487325_1_44782,487325_DEF,487325_1,,2022-08-09,1,
487325_1_44783,487325_DEF,487325_1,,2022-08-10,1,
487325_1_44784,487325_DEF,487325_1,,2022-08-11,1,
487325_1_44785,487325_DEF,487325_1,,2022-08-12,1,
487325_1_44788,487325_DEF,487325_1,,2022-08-15,1,
487325_1_44789,487325_DEF,487325_1,,2022-08-16,1,
487325_1_44790,487325_DEF,487325_1,,2022-08-17,1,
487325_1_44791,487325_DEF,487325_1,,2022-08-18,1,
487325_1_44792,487325_DEF,487325_1,,2022-08-19,1,
487325_1_44795,487325_DEF,487325_1,,2022-08-22,1,
487325_1_44796,487325_DEF,487325_1,,2022-08-23,1,
487325_1_44797,487325_DEF,487325_1,,2022-08-24,1,
487325_1_44798,487325_DEF,487325_1,,2022-08-25,1,
487325_1_44799,487325_DEF,487325_1,,2022-08-26,1,
487325_1_44802,487325_DEF,487325_1,,2022-08-29,1,
487325_1_44803,487325_DEF,487325_1,,2022-08-30,1,
487325_1_44804,487325_DEF,487325_1,,2022-08-31,1,
487325_1_44805,487325_DEF,487325_1,,2022-09-01,1,
487325_1_44806,487325_DEF,487325_1,,2022-09-02,1,
487325_1_44809,487325_DEF,487325_1,,2022-09-05,1,
487325_1_44810,487325_DEF,487325_1,,2022-09-06,1,
487325_1_44811,487325_DEF,487325_1,,2022-09-07,1,
487325_1_44812,487325_DEF,487325_1,,2022-09-08,1,
487325_1_44813,487325_DEF,487325_1,,2022-09-09,1,
487325_1_44816,487325_DEF,487325_1,,2022-09-12,1,
487325_1_44817,487325_DEF,487325_1,,2022-09-13,1,
487325_1_44818,487325_DEF,487325_1,,2022-09-14,1,
487325_1_44819,487325_DEF,487325_1,,2022-09-15,1,
487325_1_44820,487325_DEF,487325_1,,2022-09-16,1,
487325_1_44823,487325_DEF,487325_1,,2022-09-19,1,
487325_1_44824,487325_DEF,487325_1,,2022-09-20,1,
487325_1_44825,487325_DEF,487325_1,,2022-09-21,1,
487325_1_44826,487325_DEF,487325_1,,2022-09-22,1,
487325_1_44827,487325_DEF,487325_1,,2022-09-23,1,
487325_1_44830,487325_DEF,487325_1,,2022-09-26,1,
487325_1_44831,487325_DEF,487325_1,,2022-09-27,1,
487325_1_44832,487325_DEF,487325_1,,2022-09-28,1,
487325_1_44833,487325_DEF,487325_1,,2022-09-29,1,
487325_1_44834,487325_DEF,487325_1,,2022-09-30,1,
487325_1_44837,487325_DEF,487325_1,,2022-10-03,1,
487325_1_44838,487325_DEF,487325_1,,2022-10-04,1,
487325_1_44839,487325_DEF,487325_1,,2022-10-05,1,
487325_1_44840,487325_DEF,487325_1,,2022-10-06,1,
487325_1_44841,487325_DEF,487325_1,,2022-10-07,1,
487325_1_44844,487325_DEF,487325_1,,2022-10-10,1,
487325_1_44845,487325_DEF,487325_1,,2022-10-11,1,
487325_1_44846,487325_DEF,487325_1,,2022-10-12,1,
487325_1_44847,487325_DEF,487325_1,,2022-10-13,1,
487325_1_44848,487325_DEF,487325_1,,2022-10-14,1,
487325_1_44851,487325_DEF,487325_1,,2022-10-17,1,
487325_1_44852,487325_DEF,487325_1,,2022-10-18,1,
487325_1_44853,487325_DEF,487325_1,,2022-10-19,1,
487325_1_44854,487325_DEF,487325_1,,2022-10-20,1,
487325_1_44855,487325_DEF,487325_1,,2022-10-21,1,
487325_1_44858,487325_DEF,487325_1,,2022-10-24,1,
487325_1_44859,487325_DEF,487325_1,,2022-10-25,1,
487325_1_44860,487325_DEF,487325_1,,2022-10-26,1,
487325_1_44861,487325_DEF,487325_1,,2022-10-27,1,
487325_1_44862,487325_DEF,487325_1,,2022-10-28,1,
487325_1_44865,487325_DEF,487325_1,,2022-10-31,1,
487325_1_44866,487325_DEF,487325_1,,2022-11-01,1,
487325_1_44867,487325_DEF,487325_1,,2022-11-02,1,
487325_1_44868,487325_DEF,487325_1,,2022-11-03,1,
487325_1_44869,487325_DEF,487325_1,,2022-11-04,1,
487325_1_44872,487325_DEF,487325_1,,2022-11-07,1,
487325_1_44873,487325_DEF,487325_1,,2022-11-08,1,
487325_1_44874,487325_DEF,487325_1,,2022-11-09,1,
487325_1_44875,487325_DEF,487325_1,,2022-11-10,1,
487325_1_44876,487325_DEF,487325_1,,2022-11-11,1,
487325_1_44879,487325_DEF,487325_1,,2022-11-14,1,
487325_1_44880,487325_DEF,487325_1,,2022-11-15,1,
487325_1_44881,487325_DEF,487325_1,,2022-11-16,1,
487325_1_44882,487325_DEF,487325_1,,2022-11-17,1,
487325_1_44883,487325_DEF,487325_1,,2022-11-18,1,
487325_1_44886,487325_DEF,487325_1,,2022-11-21,1,
487325_1_44887,487325_DEF,487325_1,,2022-11-22,1,
487325_1_44888,487325_DEF,487325_1,,2022-11-23,1,
487325_1_44889,487325_DEF,487325_1,,2022-11-24,1,
487325_1_44890,487325_DEF,487325_1,,2022-11-25,1,
487325_1_44893,487325_DEF,487325_1,,2022-11-28,1,
487325_1_44894,487325_DEF,487325_1,,2022-11-29,1,
487325_1_44895,487325_DEF,487325_1,,2022-11-30,1,
487325_1_44896,487325_DEF,487325_1,,2022-12-01,1,
487325_1_44897,487325_DEF,487325_1,,2022-12-02,1,
487325_1_44900,487325_DEF,487325_1,,2022-12-05,1,
487325_1_44901,487325_DEF,487325_1,,2022-12-06,1,
487325_1_44902,487325_DEF,487325_1,,2022-12-07,1,
487325_1_44903,487325_DEF,487325_1,,2022-12-08,1,
487325_1_44904,487325_DEF,487325_1,,2022-12-09,1,
487325_1_44907,487325_DEF,487325_1,,2022-12-12,1,
487325_1_44908,487325_DEF,487325_1,,2022-12-13,1,
487325_1_44909,487325_DEF,487325_1,,2022-12-14,1,
487325_1_44910,487325_DEF,487325_1,,2022-12-15,1,
487325_1_44911,487325_DEF,487325_1,,2022-12-16,1,
487325_1_44914,487325_DEF,487325_1,,2022-12-19,1,
487325_1_44915,487325_DEF,487325_1,,2022-12-20,1,
487325_1_44916,487325_DEF,487325_1,,2022-12-21,1,
487325_1_44917,487325_DEF,487325_1,,2022-12-22,1,
487325_1_44918,487325_DEF,487325_1,,2022-12-23,1,
487325_1_44921,487325_DEF,487325_1,,2022-12-26,1,
487325_1_44922,487325_DEF,487325_1,,2022-12-27,1,
487325_1_44923,487325_DEF,487325_1,,2022-12-28,1,
487325_1_44924,487325_DEF,487325_1,,2022-12-29,1,
487325_1_44925,487325_DEF,487325_1,,2022-12-30,1,
487325_1_44928,487325_DEF,487325_1,,2023-01-02,1,
487325_1_44929,487325_DEF,487325_1,,2023-01-03,1,
487325_1_44930,487325_DEF,487325_1,,2023-01-04,1,
487325_1_44931,487325_DEF,487325_1,,2023-01-05,1,
487325_1_44932,487325_DEF,487325_1,,2023-01-06,1,
487325_1_44935,487325_DEF,487325_1,,2023-01-09,1,
487325_1_44936,487325_DEF,487325_1,,2023-01-10,1,
487325_1_44937,487325_DEF,487325_1,,2023-01-11,1,
487325_1_44938,487325_DEF,487325_1,,2023-01-12,1,
487325_1_44939,487325_DEF,487325_1,,2023-01-13,1,
487325_1_44942,487325_DEF,487325_1,,2023-01-16,1,
487325_1_44943,487325_DEF,487325_1,,2023-01-17,1,
487325_1_44944,487325_DEF,487325_1,,2023-01-18,1,
487325_1_44945,487325_DEF,487325_1,,2023-01-19,1,
487325_1_44946,487325_DEF,487325_1,,2023-01-20,1,
487325_1_44949,487325_DEF,487325_1,,2023-01-23,1,
487325_1_44950,487325_DEF,487325_1,,2023-01-24,1,
487325_1_44951,487325_DEF,487325_1,,2023-01-25,1,
487325_1_44952,487325_DEF,487325_1,,2023-01-26,1,
487325_1_44953,487325_DEF,487325_1,,2023-01-27,1,
487325_1_44956,487325_DEF,487325_1,,2023-01-30,1,
487325_1_44957,487325_DEF,487325_1,,2023-01-31,1,
487325_1_44958,487325_DEF,487325_1,,2023-02-01,1,
487325_1_44959,487325_DEF,487325_1,,2023-02-02,1,
487325_1_44960,487325_DEF,487325_1,,2023-02-03,1,
487325_1_44963,487325_DEF,487325_1,,2023-02-06,1,
487325_1_44964,487325_DEF,487325_1,,2023-02-07,1,
487325_1_44965,487325_DEF,487325_1,,2023-02-08,1,
487325_1_44966,487325_DEF,487325_1,,2023-02-09,1,
487325_1_44967,487325_DEF,487325_1,,2023-02-10,1,
487325_1_44970,487325_DEF,487325_1,,2023-02-13,1,
487325_1_44971,487325_DEF,487325_1,,2023-02-14,1,
487325_1_44972,487325_DEF,487325_1,,2023-02-15,1,
487325_1_44973,487325_DEF,487325_1,,2023-02-16,1,
487325_1_44974,487325_DEF,487325_1,,2023-02-17,1,
487325_1_44977,487325_DEF,487325_1,,2023-02-20,1,
487325_1_44978,487325_DEF,487325_1,,2023-02-21,1,
487325_1_44979,487325_DEF,487325_1,,2023-02-22,1,
487325_1_44980,487325_DEF,487325_1,,2023-02-23,1,
487325_1_44981,487325_DEF,487325_1,,2023-02-24,1,
487325_1_44984,487325_DEF,487325_1,,2023-02-27,1,
487325_1_44985,487325_DEF,487325_1,,2023-02-28,1,
487325_1_44986,487325_DEF,487325_1,,2023-03-01,1,
487325_1_44987,487325_DEF,487325_1,,2023-03-02,1,
487325_1_44988,487325_DEF,487325_1,,2023-03-03,1,
487325_1_44991,487325_DEF,487325_1,,2023-03-06,1,
487325_1_44992,487325_DEF,487325_1,,2023-03-07,1,
487325_1_44993,487325_DEF,487325_1,,2023-03-08,1,
487325_1_44994,487325_DEF,487325_1,,2023-03-09,1,
487325_1_44995,487325_DEF,487325_1,,2023-03-10,1,
487325_1_44998,487325_DEF,487325_1,,2023-03-13,1,
487325_1_44999,487325_DEF,487325_1,,2023-03-14,1,
487325_1_45000,487325_DEF,487325_1,,2023-03-15,1,
487325_1_45001,487325_DEF,487325_1,,2023-03-16,1,
487325_1_45002,487325_DEF,487325_1,,2023-03-17,1,
487325_1_45005,487325_DEF,487325_1,,2023-03-20,1,
487325_1_45006,487325_DEF,487325_1,,2023-03-21,1,
487325_1_45007,487325_DEF,487325_1,,2023-03-22,1,
487325_1_45008,487325_DEF,487325_1,,2023-03-23,1,
487325_1_45009,487325_DEF,487325_1,,2023-03-24,1,
487325_1_45012,487325_DEF,487325_1,,2023-03-27,1,
487325_1_45013,487325_DEF,487325_1,,2023-03-28,1,
487325_1_45014,487325_DEF,487325_1,,2023-03-29,1,
487325_1_45015,487325_DEF,487325_1,,2023-03-30,1,
487325_1_45016,487325_DEF,487325_1,,2023-03-31,1,
487325_1_45019,487325_DEF,487325_1,,2023-04-03,1,
487325_1_45020,487325_DEF,487325_1,,2023-04-04,1,
487325_1_45021,487325_DEF,487325_1,,2023-04-05,1,
487325_1_45022,487325_DEF,487325_1,,2023-04-06,1,
487325_1_45023,487325_DEF,487325_1,,2023-04-07,1,
487325_1_45026,487325_DEF,487325_1,,2023-04-10,1,
487325_1_45027,487325_DEF,487325_1,,2023-04-11,1,
487325_1_45028,487325_DEF,487325_1,,2023-04-12,1,
487325_1_45029,487325_DEF,487325_1,,2023-04-13,1,
487325_1_45030,487325_DEF,487325_1,,2023-04-14,1,
487325_1_45033,487325_DEF,487325_1,,2023-04-17,1,
487325_1_45034,487325_DEF,487325_1,,2023-04-18,1,
487325_1_45035,487325_DEF,487325_1,,2023-04-19,1,
487325_1_45036,487325_DEF,487325_1,,2023-04-20,1,
487325_1_45037,487325_DEF,487325_1,,2023-04-21,1,
487325_1_45040,487325_DEF,487325_1,,2023-04-24,1,
487325_1_45041,487325_DEF,487325_1,,2023-04-25,1,
487325_1_45042,487325_DEF,487325_1,,2023-04-26,1,
487325_1_45043,487325_DEF,487325_1,,2023-04-27,1,
487325_1_45044,487325_DEF,487325_1,,2023-04-28,1,
487325_1_45047,487325_DEF,487325_1,,2023-05-01,1,
487325_1_45048,487325_DEF,487325_1,,2023-05-02,1,
487325_1_45049,487325_DEF,487325_1,,2023-05-03,1,
487325_1_45050,487325_DEF,487325_1,,2023-05-04,1,
487325_1_45051,487325_DEF,487325_1,,2023-05-05,1,
487325_1_45054,487325_DEF,487325_1,,2023-05-08,1,
487325_1_45055,487325_DEF,487325_1,,2023-05-09,1,
487325_1_45056,487325_DEF,487325_1,,2023-05-10,1,
487325_1_45057,487325_DEF,487325_1,,2023-05-11,1,
487325_1_45058,487325_DEF,487325_1,,2023-05-12,1,
487325_1_45061,487325_DEF,487325_1,,2023-05-15,1,
487325_1_45062,487325_DEF,487325_1,,2023-05-16,1,
487325_1_45063,487325_DEF,487325_1,,2023-05-17,1,
487325_1_45064,487325_DEF,487325_1,,2023-05-18,1,
487325_1_45065,487325_DEF,487325_1,,2023-05-19,1,
487325_1_45068,487325_DEF,487325_1,,2023-05-22,1,
487325_1_45069,487325_DEF,487325_1,,2023-05-23,1,
487325_1_45070,487325_DEF,487325_1,,2023-05-24,1,
487325_1_45071,487325_DEF,487325_1,,2023-05-25,1,
487325_1_45072,487325_DEF,487325_1,,2023-05-26,1,
487325_1_45075,487325_DEF,487325_1,,2023-05-29,1,
487325_1_45076,487325_DEF,487325_1,,2023-05-30,1,
513927_1_45042,513927_AML,513927_1,,2023-04-26,1,
513927_1_45043,513927_AML,513927_1,,2023-04-27,1,
513927_1_45044,513927_AML,513927_1,,2023-04-28,1,
513927_1_45047,513927_AML,513927_1,,2023-05-01,1,
513927_1_45048,513927_AML,513927_1,,2023-05-02,1,
513927_1_45049,513927_AML,513927_1,,2023-05-03,1,
513927_1_45050,513927_AML,513927_1,,2023-05-04,1,
513927_1_45051,513927_AML,513927_1,,2023-05-05,1,
513927_1_45054,513927_AML,513927_1,,2023-05-08,1,
513927_1_45055,513927_AML,513927_1,,2023-05-09,1,
513927_1_45056,513927_AML,513927_1,,2023-05-10,1,
513927_1_45057,513927_AML,513927_1,,2023-05-11,1,
513927_1_45058,513927_AML,513927_1,,2023-05-12,1,
513927_1_45061,513927_AML,513927_1,,2023-05-15,1,
513927_1_45062,513927_AML,513927_1,,2023-05-16,1,
513927_1_45063,513927_AML,513927_1,,2023-05-17,1,
513927_1_45064,513927_AML,513927_1,,2023-05-18,1,
513927_1_45065,513927_AML,513927_1,,2023-05-19,1,
513927_1_45068,513927_AML,513927_1,,2023-05-22,1,
513927_1_45069,513927_AML,513927_1,,2023-05-23,1,
513927_1_45070,513927_AML,513927_1,,2023-05-24,1,
513927_1_45071,513927_AML,513927_1,,2023-05-25,1,
513927_1_45072,513927_AML,513927_1,,2023-05-26,1,
513927_1_45075,513927_AML,513927_1,,2023-05-29,1,
513927_1_45076,513927_AML,513927_1,,2023-05-30,1,
513927_1_45077,513927_AML,513927_1,,2023-05-31,1,
513927_1_45078,513927_AML,513927_1,,2023-06-01,1,
513927_1_45079,513927_AML,513927_1,,2023-06-02,1,
513927_1_45082,513927_AML,513927_1,,2023-06-05,1,
513927_1_45083,513927_AML,513927_1,,2023-06-06,1,
513927_1_45084,513927_AML,513927_1,,2023-06-07,1,
513927_1_45085,513927_AML,513927_1,,2023-06-08,1,
513927_1_45086,513927_AML,513927_1,,2023-06-09,1,
513927_1_45089,513927_AML,513927_1,,2023-06-12,1,
513927_1_45090,513927_AML,513927_1,,2023-06-13,1,
513927_1_45091,513927_AML,513927_1,,2023-06-14,1,
513927_1_45092,513927_AML,513927_1,,2023-06-15,1,
513927_1_45093,513927_AML,513927_1,,2023-06-16,1,
513927_1_45096,513927_AML,513927_1,,2023-06-19,1,
513927_1_45097,513927_AML,513927_1,,2023-06-20,1,
513927_1_45098,513927_AML,513927_1,,2023-06-21,1,
513927_1_45099,513927_AML,513927_1,,2023-06-22,1,
513927_1_45100,513927_AML,513927_1,,2023-06-23,1,
513927_1_45103,513927_AML,513927_1,,2023-06-26,1,
513927_1_45104,513927_AML,513927_1,,2023-06-27,1,
513927_1_45105,513927_AML,513927_1,,2023-06-28,1,
513927_1_45106,513927_AML,513927_1,,2023-06-29,1,
513927_1_45107,513927_AML,513927_1,,2023-06-30,1,
513927_1_45110,513927_AML,513927_1,,2023-07-03,1,
513927_1_45111,513927_AML,513927_1,,2023-07-04,1,
513927_1_45112,513927_AML,513927_1,,2023-07-05,1,
513927_1_45113,513927_AML,513927_1,,2023-07-06,1,
513927_1_45114,513927_AML,513927_1,,2023-07-07,1,
513927_1_45117,513927_AML,513927_1,,2023-07-10,1,
513927_1_45118,513927_AML,513927_1,,2023-07-11,1,
513927_1_45119,513927_AML,513927_1,,2023-07-12,1,
513927_1_45120,513927_AML,513927_1,,2023-07-13,1,
513927_1_45121,513927_AML,513927_1,,2023-07-14,1,
513927_1_45124,513927_AML,513927_1,,2023-07-17,1,
513927_1_45125,513927_AML,513927_1,,2023-07-18,1,
513927_1_45126,513927_AML,513927_1,,2023-07-19,1,
513927_1_45127,513927_AML,513927_1,,2023-07-20,1,
513927_1_45128,513927_AML,513927_1,,2023-07-21,1,
513927_1_45131,513927_AML,513927_1,,2023-07-24,1,
513927_1_45132,513927_AML,513927_1,,2023-07-25,1,
513927_1_45133,513927_AML,513927_1,,2023-07-26,1,
513927_1_45134,513927_AML,513927_1,,2023-07-27,1,
513927_1_45135,513927_AML,513927_1,,2023-07-28,1,
513927_1_45138,513927_AML,513927_1,,2023-07-31,1,
513927_1_45139,513927_AML,513927_1,,2023-08-01,1,
513927_1_45140,513927_AML,513927_1,,2023-08-02,1,
513927_1_45141,513927_AML,513927_1,,2023-08-03,1,
513927_1_45142,513927_AML,513927_1,,2023-08-04,1,
513927_1_45145,513927_AML,513927_1,,2023-08-07,1,
513927_1_45146,513927_AML,513927_1,,2023-08-08,1,
513927_1_45147,513927_AML,513927_1,,2023-08-09,1,
513927_1_45148,513927_AML,513927_1,,2023-08-10,1,
513927_1_45149,513927_AML,513927_1,,2023-08-11,1,
513927_1_45152,513927_AML,513927_1,,2023-08-14,1,
513927_1_45153,513927_AML,513927_1,,2023-08-15,1,
513927_1_45154,513927_AML,513927_1,,2023-08-16,1,
513927_1_45155,513927_AML,513927_1,,2023-08-17,1,
513927_1_45156,513927_AML,513927_1,,2023-08-18,1,
513927_1_45159,513927_AML,513927_1,,2023-08-21,1,
513927_1_45160,513927_AML,513927_1,,2023-08-22,1,
513927_1_45161,513927_AML,513927_1,,2023-08-23,1,
513927_1_45162,513927_AML,513927_1,,2023-08-24,1,
513927_1_45163,513927_AML,513927_1,,2023-08-25,1,
513927_1_45166,513927_AML,513927_1,,2023-08-28,1,
513927_1_45167,513927_AML,513927_1,,2023-08-29,1,
513927_1_45168,513927_AML,513927_1,,2023-08-30,1,
513927_1_45169,513927_AML,513927_1,,2023-08-31,1,
513927_1_45170,513927_AML,513927_1,,2023-09-01,1,
510743_1_45014,510743_AML,510743_1,,2023-03-29,1,
510743_1_45015,510743_AML,510743_1,,2023-03-30,1,
510743_1_45016,510743_AML,510743_1,,2023-03-31,1,
510743_1_45019,510743_AML,510743_1,,2023-04-03,1,
510743_1_45020,510743_AML,510743_1,,2023-04-04,1,
510743_1_45021,510743_AML,510743_1,,2023-04-05,1,
510743_1_45022,510743_AML,510743_1,,2023-04-06,1,
510743_1_45023,510743_AML,510743_1,,2023-04-07,1,
510743_1_45026,510743_AML,510743_1,,2023-04-10,1,
510743_1_45027,510743_AML,510743_1,,2023-04-11,1,
510743_1_45028,510743_AML,510743_1,,2023-04-12,1,
510743_1_45029,510743_AML,510743_1,,2023-04-13,1,
510743_1_45030,510743_AML,510743_1,,2023-04-14,1,
510743_1_45033,510743_AML,510743_1,,2023-04-17,1,
510743_1_45034,510743_AML,510743_1,,2023-04-18,1,
510743_1_45035,510743_AML,510743_1,,2023-04-19,1,
510743_1_45036,510743_AML,510743_1,,2023-04-20,1,
510743_1_45037,510743_AML,510743_1,,2023-04-21,1,
510743_1_45040,510743_AML,510743_1,,2023-04-24,1,
510743_1_45041,510743_AML,510743_1,,2023-04-25,1,
510743_1_45042,510743_AML,510743_1,,2023-04-26,1,
510743_1_45043,510743_AML,510743_1,,2023-04-27,1,
510743_1_45044,510743_AML,510743_1,,2023-04-28,1,
510743_1_45047,510743_AML,510743_1,,2023-05-01,1,
510743_1_45048,510743_AML,510743_1,,2023-05-02,1,
510743_1_45049,510743_AML,510743_1,,2023-05-03,1,
510743_1_45050,510743_AML,510743_1,,2023-05-04,1,
510743_1_45051,510743_AML,510743_1,,2023-05-05,1,
510743_1_45054,510743_AML,510743_1,,2023-05-08,1,
510743_1_45055,510743_AML,510743_1,,2023-05-09,1,
510743_1_45056,510743_AML,510743_1,,2023-05-10,1,
510743_1_45057,510743_AML,510743_1,,2023-05-11,1,
510743_1_45058,510743_AML,510743_1,,2023-05-12,1,
510743_1_45061,510743_AML,510743_1,,2023-05-15,1,
510743_1_45062,510743_AML,510743_1,,2023-05-16,1,
510743_1_45063,510743_AML,510743_1,,2023-05-17,1,
510743_1_45064,510743_AML,510743_1,,2023-05-18,1,
510743_1_45065,510743_AML,510743_1,,2023-05-19,1,
510743_1_45068,510743_AML,510743_1,,2023-05-22,1,
510743_1_45069,510743_AML,510743_1,,2023-05-23,1,
510743_1_45070,510743_AML,510743_1,,2023-05-24,1,
510743_1_45071,510743_AML,510743_1,,2023-05-25,1,
510743_1_45072,510743_AML,510743_1,,2023-05-26,1,
510743_1_45075,510743_AML,510743_1,,2023-05-29,1,
510743_1_45076,510743_AML,510743_1,,2023-05-30,1,
510743_1_45077,510743_AML,510743_1,,2023-05-31,1,
510743_1_45078,510743_AML,510743_1,,2023-06-01,1,
510743_1_45079,510743_AML,510743_1,,2023-06-02,1,
510743_1_45082,510743_AML,510743_1,,2023-06-05,1,
510743_1_45083,510743_AML,510743_1,,2023-06-06,1,
510743_1_45084,510743_AML,510743_1,,2023-06-07,1,
510743_1_45085,510743_AML,510743_1,,2023-06-08,1,
510743_1_45086,510743_AML,510743_1,,2023-06-09,1,
510743_1_45089,510743_AML,510743_1,,2023-06-12,1,
510743_1_45090,510743_AML,510743_1,,2023-06-13,1,
510743_1_45091,510743_AML,510743_1,,2023-06-14,1,
510743_1_45092,510743_AML,510743_1,,2023-06-15,1,
510743_1_45093,510743_AML,510743_1,,2023-06-16,1,
510743_1_45096,510743_AML,510743_1,,2023-06-19,1,
510743_1_45097,510743_AML,510743_1,,2023-06-20,1,
510743_1_45098,510743_AML,510743_1,,2023-06-21,1,
510743_1_45099,510743_AML,510743_1,,2023-06-22,1,
510743_1_45100,510743_AML,510743_1,,2023-06-23,1,
510743_1_45103,510743_AML,510743_1,,2023-06-26,1,
510743_1_45104,510743_AML,510743_1,,2023-06-27,1,
510743_1_45105,510743_AML,510743_1,,2023-06-28,1,
510743_1_45106,510743_AML,510743_1,,2023-06-29,1,
510743_1_45107,510743_AML,510743_1,,2023-06-30,1,
510743_1_45110,510743_AML,510743_1,,2023-07-03,1,
510743_1_45111,510743_AML,510743_1,,2023-07-04,1,
510743_1_45112,510743_AML,510743_1,,2023-07-05,1,
510743_1_45113,510743_AML,510743_1,,2023-07-06,1,
510743_1_45114,510743_AML,510743_1,,2023-07-07,1,
510743_1_45117,510743_AML,510743_1,,2023-07-10,1,
510743_1_45118,510743_AML,510743_1,,2023-07-11,1,
510743_1_45119,510743_AML,510743_1,,2023-07-12,1,
510743_1_45120,510743_AML,510743_1,,2023-07-13,1,
510743_1_45121,510743_AML,510743_1,,2023-07-14,1,
510743_1_45124,510743_AML,510743_1,,2023-07-17,1,
510743_1_45125,510743_AML,510743_1,,2023-07-18,1,
510743_1_45126,510743_AML,510743_1,,2023-07-19,1,
510743_1_45127,510743_AML,510743_1,,2023-07-20,1,
510743_1_45128,510743_AML,510743_1,,2023-07-21,1,
510743_1_45131,510743_AML,510743_1,,2023-07-24,1,
510743_1_45132,510743_AML,510743_1,,2023-07-25,1,
510743_1_45133,510743_AML,510743_1,,2023-07-26,1,
510743_1_45134,510743_AML,510743_1,,2023-07-27,1,
510743_1_45135,510743_AML,510743_1,,2023-07-28,1,
510743_1_45138,510743_AML,510743_1,,2023-07-31,1,
510743_1_45139,510743_AML,510743_1,,2023-08-01,1,
510743_1_45140,510743_AML,510743_1,,2023-08-02,1,
510743_1_45141,510743_AML,510743_1,,2023-08-03,1,
510743_1_45142,510743_AML,510743_1,,2023-08-04,1,
510743_1_45145,510743_AML,510743_1,,2023-08-07,1,
510743_1_45146,510743_AML,510743_1,,2023-08-08,1,
510743_1_45147,510743_AML,510743_1,,2023-08-09,1,
510743_1_45148,510743_AML,510743_1,,2023-08-10,1,
510743_1_45149,510743_AML,510743_1,,2023-08-11,1,
510743_1_45152,510743_AML,510743_1,,2023-08-14,1,
510743_1_45153,510743_AML,510743_1,,2023-08-15,1,
510743_1_45154,510743_AML,510743_1,,2023-08-16,1,
510743_1_45155,510743_AML,510743_1,,2023-08-17,1,
510743_1_45156,510743_AML,510743_1,,2023-08-18,1,
510743_1_45159,510743_AML,510743_1,,2023-08-21,1,
510743_1_45160,510743_AML,510743_1,,2023-08-22,1,
510743_1_45161,510743_AML,510743_1,,2023-08-23,1,
510743_1_45162,510743_AML,510743_1,,2023-08-24,1,
510743_1_45163,510743_AML,510743_1,,2023-08-25,1,
510743_1_45166,510743_AML,510743_1,,2023-08-28,1,
510743_1_45167,510743_AML,510743_1,,2023-08-29,1,
510743_1_45168,510743_AML,510743_1,,2023-08-30,1,
510743_1_45169,510743_AML,510743_1,,2023-08-31,1,
510743_1_45170,510743_AML,510743_1,,2023-09-01,1,
464606_1_44676,464606_ALT,464606_1,,2022-04-25,1,
464606_1_44677,464606_ALT,464606_1,,2022-04-26,1,
464606_1_44678,464606_ALT,464606_1,,2022-04-27,1,
464606_1_44679,464606_ALT,464606_1,,2022-04-28,1,
464606_1_44680,464606_ALT,464606_1,,2022-04-29,1,
464606_1_44683,464606_ALT,464606_1,,2022-05-02,1,
464606_1_44684,464606_ALT,464606_1,,2022-05-03,1,
464606_1_44685,464606_ALT,464606_1,,2022-05-04,1,
464606_1_44686,464606_ALT,464606_1,,2022-05-05,1,
464606_1_44687,464606_ALT,464606_1,,2022-05-06,1,
464606_1_44690,464606_ALT,464606_1,,2022-05-09,1,
464606_1_44691,464606_ALT,464606_1,,2022-05-10,1,
464606_1_44692,464606_ALT,464606_1,,2022-05-11,1,
464606_1_44693,464606_ALT,464606_1,,2022-05-12,1,
464606_1_44694,464606_ALT,464606_1,,2022-05-13,1,
464606_1_44697,464606_ALT,464606_1,,2022-05-16,1,
464606_1_44698,464606_ALT,464606_1,,2022-05-17,1,
464606_1_44699,464606_ALT,464606_1,,2022-05-18,1,
464606_1_44700,464606_ALT,464606_1,,2022-05-19,1,
464606_1_44701,464606_ALT,464606_1,,2022-05-20,1,
464606_1_44704,464606_ALT,464606_1,,2022-05-23,1,
464606_1_44705,464606_ALT,464606_1,,2022-05-24,1,
464606_1_44706,464606_ALT,464606_1,,2022-05-25,1,
464606_1_44707,464606_ALT,464606_1,,2022-05-26,1,
464606_1_44708,464606_ALT,464606_1,,2022-05-27,1,
464606_1_44711,464606_ALT,464606_1,,2022-05-30,1,
464606_1_44712,464606_ALT,464606_1,,2022-05-31,1,
464606_1_44713,464606_ALT,464606_1,,2022-06-01,1,
464606_1_44714,464606_ALT,464606_1,,2022-06-02,1,
464606_1_44715,464606_ALT,464606_1,,2022-06-03,1,
464606_1_44718,464606_ALT,464606_1,,2022-06-06,1,
464606_1_44719,464606_ALT,464606_1,,2022-06-07,1,
464606_1_44720,464606_ALT,464606_1,,2022-06-08,1,
464606_1_44721,464606_ALT,464606_1,,2022-06-09,1,
464606_1_44722,464606_ALT,464606_1,,2022-06-10,1,
464606_1_44725,464606_ALT,464606_1,,2022-06-13,1,
464606_1_44726,464606_ALT,464606_1,,2022-06-14,1,
464606_1_44727,464606_ALT,464606_1,,2022-06-15,1,
464606_1_44728,464606_ALT,464606_1,,2022-06-16,1,
464606_1_44729,464606_ALT,464606_1,,2022-06-17,1,
464606_1_44732,464606_ALT,464606_1,,2022-06-20,1,
464606_1_44733,464606_ALT,464606_1,,2022-06-21,1,
464606_1_44734,464606_ALT,464606_1,,2022-06-22,1,
464606_1_44735,464606_ALT,464606_1,,2022-06-23,1,
464606_1_44736,464606_ALT,464606_1,,2022-06-24,1,
464606_1_44739,464606_ALT,464606_1,,2022-06-27,1,
464606_1_44740,464606_ALT,464606_1,,2022-06-28,1,
464606_1_44741,464606_ALT,464606_1,,2022-06-29,1,
464606_1_44742,464606_ALT,464606_1,,2022-06-30,1,
519001_2_45083,519001_AML,519001_2,,2023-06-06,2,
519001_2_45084,519001_AML,519001_2,,2023-06-07,2,
519001_2_45085,519001_AML,519001_2,,2023-06-08,2,
519001_2_45086,519001_AML,519001_2,,2023-06-09,2,
519001_2_45089,519001_AML,519001_2,,2023-06-12,2,
519001_2_45090,519001_AML,519001_2,,2023-06-13,2,
519001_2_45091,519001_AML,519001_2,,2023-06-14,2,
519001_2_45092,519001_AML,519001_2,,2023-06-15,2,
519001_2_45093,519001_AML,519001_2,,2023-06-16,2,
519001_2_45096,519001_AML,519001_2,,2023-06-19,2,
519001_2_45097,519001_AML,519001_2,,2023-06-20,2,
519001_2_45098,519001_AML,519001_2,,2023-06-21,2,
519001_2_45099,519001_AML,519001_2,,2023-06-22,2,
519001_2_45100,519001_AML,519001_2,,2023-06-23,2,
519001_2_45103,519001_AML,519001_2,,2023-06-26,2,
519001_2_45104,519001_AML,519001_2,,2023-06-27,2,
519001_2_45105,519001_AML,519001_2,,2023-06-28,2,
519001_2_45106,519001_AML,519001_2,,2023-06-29,2,
519001_2_45107,519001_AML,519001_2,,2023-06-30,2,
519001_2_45110,519001_AML,519001_2,,2023-07-03,2,
519001_2_45111,519001_AML,519001_2,,2023-07-04,2,
519001_2_45112,519001_AML,519001_2,,2023-07-05,2,
519001_2_45113,519001_AML,519001_2,,2023-07-06,2,
519001_2_45114,519001_AML,519001_2,,2023-07-07,2,
519001_2_45117,519001_AML,519001_2,,2023-07-10,2,
519001_2_45118,519001_AML,519001_2,,2023-07-11,2,
519001_2_45119,519001_AML,519001_2,,2023-07-12,2,
519001_2_45120,519001_AML,519001_2,,2023-07-13,2,
519001_2_45121,519001_AML,519001_2,,2023-07-14,2,
519001_2_45124,519001_AML,519001_2,,2023-07-17,2,
519001_2_45125,519001_AML,519001_2,,2023-07-18,2,
519001_2_45126,519001_AML,519001_2,,2023-07-19,2,
519001_2_45127,519001_AML,519001_2,,2023-07-20,2,
519001_2_45128,519001_AML,519001_2,,2023-07-21,2,
519001_2_45131,519001_AML,519001_2,,2023-07-24,2,
519001_2_45132,519001_AML,519001_2,,2023-07-25,2,
519001_2_45133,519001_AML,519001_2,,2023-07-26,2,
519001_2_45134,519001_AML,519001_2,,2023-07-27,2,
519001_2_45135,519001_AML,519001_2,,2023-07-28,2,
519001_2_45138,519001_AML,519001_2,,2023-07-31,2,
519001_2_45139,519001_AML,519001_2,,2023-08-01,2,
519001_2_45140,519001_AML,519001_2,,2023-08-02,2,
519001_2_45141,519001_AML,519001_2,,2023-08-03,2,
519001_2_45142,519001_AML,519001_2,,2023-08-04,2,
519001_2_45145,519001_AML,519001_2,,2023-08-07,2,
519001_2_45146,519001_AML,519001_2,,2023-08-08,2,
468251_2_44718,468251_EBA,468251_2,,2022-06-06,2,
468251_2_44719,468251_EBA,468251_2,,2022-06-07,2,
468251_2_44720,468251_EBA,468251_2,,2022-06-08,2,
468251_2_44721,468251_EBA,468251_2,,2022-06-09,2,
468251_2_44722,468251_EBA,468251_2,,2022-06-10,2,
468251_2_44725,468251_EBA,468251_2,,2022-06-13,2,
468251_2_44726,468251_EBA,468251_2,,2022-06-14,2,
468251_2_44727,468251_EBA,468251_2,,2022-06-15,2,
468251_2_44728,468251_EBA,468251_2,,2022-06-16,2,
468251_2_44729,468251_EBA,468251_2,,2022-06-17,2,
468251_2_44732,468251_EBA,468251_2,,2022-06-20,2,
468251_2_44733,468251_EBA,468251_2,,2022-06-21,2,
468251_2_44734,468251_EBA,468251_2,,2022-06-22,2,
468251_2_44735,468251_EBA,468251_2,,2022-06-23,2,
468251_2_44736,468251_EBA,468251_2,,2022-06-24,2,
468251_2_44739,468251_EBA,468251_2,,2022-06-27,2,
468251_2_44740,468251_EBA,468251_2,,2022-06-28,2,
468251_2_44741,468251_EBA,468251_2,,2022-06-29,2,
468251_2_44742,468251_EBA,468251_2,,2022-06-30,2,
468251_2_44743,468251_EBA,468251_2,,2022-07-01,2,
468251_2_44746,468251_EBA,468251_2,,2022-07-04,2,
468251_2_44747,468251_EBA,468251_2,,2022-07-05,2,
468251_2_44748,468251_EBA,468251_2,,2022-07-06,2,
468251_2_44749,468251_EBA,468251_2,,2022-07-07,2,
468251_2_44750,468251_EBA,468251_2,,2022-07-08,2,
468251_2_44753,468251_EBA,468251_2,,2022-07-11,2,
468251_2_44754,468251_EBA,468251_2,,2022-07-12,2,
468251_2_44755,468251_EBA,468251_2,,2022-07-13,2,
468251_2_44756,468251_EBA,468251_2,,2022-07-14,2,
468251_2_44757,468251_EBA,468251_2,,2022-07-15,2,
468251_2_44760,468251_EBA,468251_2,,2022-07-18,2,
468251_2_44761,468251_EBA,468251_2,,2022-07-19,2,
468251_2_44762,468251_EBA,468251_2,,2022-07-20,2,
468251_2_44763,468251_EBA,468251_2,,2022-07-21,2,
468251_2_44764,468251_EBA,468251_2,,2022-07-22,2,
468251_2_44767,468251_EBA,468251_2,,2022-07-25,2,
468251_2_44768,468251_EBA,468251_2,,2022-07-26,2,
468251_2_44769,468251_EBA,468251_2,,2022-07-27,2,
468251_2_44770,468251_EBA,468251_2,,2022-07-28,2,
468251_2_44771,468251_EBA,468251_2,,2022-07-29,2,
390914_2_44104,390914_FEA,390914_2,,2020-09-30,2,
390914_2_44105,390914_FEA,390914_2,,2020-10-01,2,
390914_2_44106,390914_FEA,390914_2,,2020-10-02,2,
390914_2_44109,390914_FEA,390914_2,,2020-10-05,2,
390914_2_44110,390914_FEA,390914_2,,2020-10-06,2,
390914_2_44111,390914_FEA,390914_2,,2020-10-07,2,
390914_2_44112,390914_FEA,390914_2,,2020-10-08,2,
390914_2_44113,390914_FEA,390914_2,,2020-10-09,2,
390914_2_44116,390914_FEA,390914_2,,2020-10-12,2,
390914_2_44117,390914_FEA,390914_2,,2020-10-13,2,
390914_2_44118,390914_FEA,390914_2,,2020-10-14,2,
390914_2_44119,390914_FEA,390914_2,,2020-10-15,2,
390914_2_44120,390914_FEA,390914_2,,2020-10-16,2,
390914_2_44123,390914_FEA,390914_2,,2020-10-19,2,
390914_2_44124,390914_FEA,390914_2,,2020-10-20,2,
390914_2_44125,390914_FEA,390914_2,,2020-10-21,2,
390914_2_44126,390914_FEA,390914_2,,2020-10-22,2,
390914_2_44127,390914_FEA,390914_2,,2020-10-23,2,
390914_2_44130,390914_FEA,390914_2,,2020-10-26,2,
390914_2_44131,390914_FEA,390914_2,,2020-10-27,2,
390914_2_44132,390914_FEA,390914_2,,2020-10-28,2,
390914_2_44133,390914_FEA,390914_2,,2020-10-29,2,
390914_2_44134,390914_FEA,390914_2,,2020-10-30,2,
390914_2_44137,390914_FEA,390914_2,,2020-11-02,2,
390914_2_44138,390914_FEA,390914_2,,2020-11-03,2,
390914_2_44139,390914_FEA,390914_2,,2020-11-04,2,
390914_2_44140,390914_FEA,390914_2,,2020-11-05,2,
390914_2_44141,390914_FEA,390914_2,,2020-11-06,2,
390914_2_44144,390914_FEA,390914_2,,2020-11-09,2,
390914_2_44145,390914_FEA,390914_2,,2020-11-10,2,
390914_2_44146,390914_FEA,390914_2,,2020-11-11,2,
390914_2_44147,390914_FEA,390914_2,,2020-11-12,2,
390914_2_44148,390914_FEA,390914_2,,2020-11-13,2,
390914_2_44151,390914_FEA,390914_2,,2020-11-16,2,
390914_2_44152,390914_FEA,390914_2,,2020-11-17,2,
390914_2_44153,390914_FEA,390914_2,,2020-11-18,2,
390914_2_44154,390914_FEA,390914_2,,2020-11-19,2,
390914_2_44155,390914_FEA,390914_2,,2020-11-20,2,
390914_2_44158,390914_FEA,390914_2,,2020-11-23,2,
390914_2_44159,390914_FEA,390914_2,,2020-11-24,2,
390914_2_44160,390914_FEA,390914_2,,2020-11-25,2,
390914_2_44161,390914_FEA,390914_2,,2020-11-26,2,
390914_2_44162,390914_FEA,390914_2,,2020-11-27,2,
390914_2_44165,390914_FEA,390914_2,,2020-11-30,2,
390914_2_44166,390914_FEA,390914_2,,2020-12-01,2,
390914_2_44167,390914_FEA,390914_2,,2020-12-02,2,
390914_2_44168,390914_FEA,390914_2,,2020-12-03,2,
390914_2_44169,390914_FEA,390914_2,,2020-12-04,2,
390914_2_44172,390914_FEA,390914_2,,2020-12-07,2,
390914_2_44173,390914_FEA,390914_2,,2020-12-08,2,
390914_2_44174,390914_FEA,390914_2,,2020-12-09,2,
390914_2_44175,390914_FEA,390914_2,,2020-12-10,2,
390914_2_44176,390914_FEA,390914_2,,2020-12-11,2,
390914_2_44179,390914_FEA,390914_2,,2020-12-14,2,
390914_2_44180,390914_FEA,390914_2,,2020-12-15,2,
390914_2_44181,390914_FEA,390914_2,,2020-12-16,2,
390914_2_44182,390914_FEA,390914_2,,2020-12-17,2,
390914_2_44183,390914_FEA,390914_2,,2020-12-18,2,
390914_2_44186,390914_FEA,390914_2,,2020-12-21,2,
390914_2_44187,390914_FEA,390914_2,,2020-12-22,2,
390914_2_44188,390914_FEA,390914_2,,2020-12-23,2,
390914_2_44189,390914_FEA,390914_2,,2020-12-24,2,
390914_2_44190,390914_FEA,390914_2,,2020-12-25,2,
390914_2_44193,390914_FEA,390914_2,,2020-12-28,2,
390914_2_44194,390914_FEA,390914_2,,2020-12-29,2,
390914_2_44195,390914_FEA,390914_2,,2020-12-30,2,
390914_2_44196,390914_FEA,390914_2,,2020-12-31,2,
390914_2_44197,390914_FEA,390914_2,,2021-01-01,2,
390914_2_44200,390914_FEA,390914_2,,2021-01-04,2,
390914_2_44201,390914_FEA,390914_2,,2021-01-05,2,
390914_2_44202,390914_FEA,390914_2,,2021-01-06,2,
390914_2_44203,390914_FEA,390914_2,,2021-01-07,2,
390914_2_44204,390914_FEA,390914_2,,2021-01-08,2,
390914_2_44207,390914_FEA,390914_2,,2021-01-11,2,
390914_2_44208,390914_FEA,390914_2,,2021-01-12,2,
446667_2_43852,446667_DEC,446667_2,,2020-01-22,2,
446667_2_43853,446667_DEC,446667_2,,2020-01-23,2,
446667_2_43854,446667_DEC,446667_2,,2020-01-24,2,
446667_2_43857,446667_DEC,446667_2,,2020-01-27,2,
446667_2_43858,446667_DEC,446667_2,,2020-01-28,2,
446667_2_43859,446667_DEC,446667_2,,2020-01-29,2,
446667_2_43860,446667_DEC,446667_2,,2020-01-30,2,
446667_2_43861,446667_DEC,446667_2,,2020-01-31,2,
446667_2_43864,446667_DEC,446667_2,,2020-02-03,2,
446667_2_43865,446667_DEC,446667_2,,2020-02-04,2,
446667_2_43866,446667_DEC,446667_2,,2020-02-05,2,
446667_2_43867,446667_DEC,446667_2,,2020-02-06,2,
446667_2_43868,446667_DEC,446667_2,,2020-02-07,2,
446667_2_43871,446667_DEC,446667_2,,2020-02-10,2,
446667_2_43872,446667_DEC,446667_2,,2020-02-11,2,
446667_2_43873,446667_DEC,446667_2,,2020-02-12,2,
446667_2_43874,446667_DEC,446667_2,,2020-02-13,2,
446667_2_43875,446667_DEC,446667_2,,2020-02-14,2,
446667_2_43878,446667_DEC,446667_2,,2020-02-17,2,
446667_2_43879,446667_DEC,446667_2,,2020-02-18,2,
446667_2_43880,446667_DEC,446667_2,,2020-02-19,2,
446667_2_43881,446667_DEC,446667_2,,2020-02-20,2,
446667_2_43882,446667_DEC,446667_2,,2020-02-21,2,
446667_2_43885,446667_DEC,446667_2,,2020-02-24,2,
446667_2_43886,446667_DEC,446667_2,,2020-02-25,2,
446667_2_43887,446667_DEC,446667_2,,2020-02-26,2,
446667_2_43888,446667_DEC,446667_2,,2020-02-27,2,
446667_2_43889,446667_DEC,446667_2,,2020-02-28,2,
446667_2_43892,446667_DEC,446667_2,,2020-03-02,2,
446667_2_43893,446667_DEC,446667_2,,2020-03-03,2,
446667_2_43894,446667_DEC,446667_2,,2020-03-04,2,
446667_2_43895,446667_DEC,446667_2,,2020-03-05,2,
446667_2_43896,446667_DEC,446667_2,,2020-03-06,2,
446667_2_43899,446667_DEC,446667_2,,2020-03-09,2,
446667_2_43900,446667_DEC,446667_2,,2020-03-10,2,
446667_2_43901,446667_DEC,446667_2,,2020-03-11,2,
446667_2_43902,446667_DEC,446667_2,,2020-03-12,2,
446667_2_43903,446667_DEC,446667_2,,2020-03-13,2,
446667_2_43906,446667_DEC,446667_2,,2020-03-16,2,
446667_2_43907,446667_DEC,446667_2,,2020-03-17,2,
446667_2_43908,446667_DEC,446667_2,,2020-03-18,2,
446667_2_43909,446667_DEC,446667_2,,2020-03-19,2,
446667_2_43910,446667_DEC,446667_2,,2020-03-20,2,
446667_2_43913,446667_DEC,446667_2,,2020-03-23,2,
446667_2_43914,446667_DEC,446667_2,,2020-03-24,2,
446667_2_43915,446667_DEC,446667_2,,2020-03-25,2,
446667_2_43916,446667_DEC,446667_2,,2020-03-26,2,
446667_2_43917,446667_DEC,446667_2,,2020-03-27,2,
446667_2_43920,446667_DEC,446667_2,,2020-03-30,2,
446667_2_43921,446667_DEC,446667_2,,2020-03-31,2,
446667_2_43922,446667_DEC,446667_2,,2020-04-01,2,
446667_2_43923,446667_DEC,446667_2,,2020-04-02,2,
446667_2_43924,446667_DEC,446667_2,,2020-04-03,2,
446667_2_43927,446667_DEC,446667_2,,2020-04-06,2,
446667_2_43928,446667_DEC,446667_2,,2020-04-07,2,
446667_2_43929,446667_DEC,446667_2,,2020-04-08,2,
446667_2_43930,446667_DEC,446667_2,,2020-04-09,2,
446667_2_43931,446667_DEC,446667_2,,2020-04-10,2,
446667_2_43934,446667_DEC,446667_2,,2020-04-13,2,
446667_2_43935,446667_DEC,446667_2,,2020-04-14,2,
446667_2_43936,446667_DEC,446667_2,,2020-04-15,2,
446667_2_43937,446667_DEC,446667_2,,2020-04-16,2,
446667_2_43938,446667_DEC,446667_2,,2020-04-17,2,
446667_2_43941,446667_DEC,446667_2,,2020-04-20,2,
446667_2_43942,446667_DEC,446667_2,,2020-04-21,2,
446667_2_43943,446667_DEC,446667_2,,2020-04-22,2,
446667_2_43944,446667_DEC,446667_2,,2020-04-23,2,
446667_2_43945,446667_DEC,446667_2,,2020-04-24,2,
446667_2_43948,446667_DEC,446667_2,,2020-04-27,2,
446667_2_43949,446667_DEC,446667_2,,2020-04-28,2,
446667_2_43950,446667_DEC,446667_2,,2020-04-29,2,
446667_2_43951,446667_DEC,446667_2,,2020-04-30,2,
487325_2_44749,487325_DEF,487325_2,,2022-07-07,2,
487325_2_44750,487325_DEF,487325_2,,2022-07-08,2,
487325_2_44753,487325_DEF,487325_2,,2022-07-11,2,
487325_2_44754,487325_DEF,487325_2,,2022-07-12,2,
487325_2_44755,487325_DEF,487325_2,,2022-07-13,2,
487325_2_44756,487325_DEF,487325_2,,2022-07-14,2,
487325_2_44757,487325_DEF,487325_2,,2022-07-15,2,
487325_2_44760,487325_DEF,487325_2,,2022-07-18,2,
487325_2_44761,487325_DEF,487325_2,,2022-07-19,2,
487325_2_44762,487325_DEF,487325_2,,2022-07-20,2,
487325_2_44763,487325_DEF,487325_2,,2022-07-21,2,
487325_2_44764,487325_DEF,487325_2,,2022-07-22,2,
487325_2_44767,487325_DEF,487325_2,,2022-07-25,2,
487325_2_44768,487325_DEF,487325_2,,2022-07-26,2,
487325_2_44769,487325_DEF,487325_2,,2022-07-27,2,
487325_2_44770,487325_DEF,487325_2,,2022-07-28,2,
487325_2_44771,487325_DEF,487325_2,,2022-07-29,2,
487325_2_44774,487325_DEF,487325_2,,2022-08-01,2,
487325_2_44775,487325_DEF,487325_2,,2022-08-02,2,
487325_2_44776,487325_DEF,487325_2,,2022-08-03,2,
487325_2_44777,487325_DEF,487325_2,,2022-08-04,2,
487325_2_44778,487325_DEF,487325_2,,2022-08-05,2,
487325_2_44781,487325_DEF,487325_2,,2022-08-08,2,
487325_2_44782,487325_DEF,487325_2,,2022-08-09,2,
487325_2_44783,487325_DEF,487325_2,,2022-08-10,2,
487325_2_44784,487325_DEF,487325_2,,2022-08-11,2,
487325_2_44785,487325_DEF,487325_2,,2022-08-12,2,
487325_2_44788,487325_DEF,487325_2,,2022-08-15,2,
487325_2_44789,487325_DEF,487325_2,,2022-08-16,2,
487325_2_44790,487325_DEF,487325_2,,2022-08-17,2,
487325_2_44791,487325_DEF,487325_2,,2022-08-18,2,
487325_2_44792,487325_DEF,487325_2,,2022-08-19,2,
487325_2_44795,487325_DEF,487325_2,,2022-08-22,2,
487325_2_44796,487325_DEF,487325_2,,2022-08-23,2,
487325_2_44797,487325_DEF,487325_2,,2022-08-24,2,
487325_2_44798,487325_DEF,487325_2,,2022-08-25,2,
487325_2_44799,487325_DEF,487325_2,,2022-08-26,2,
487325_2_44802,487325_DEF,487325_2,,2022-08-29,2,
487325_2_44803,487325_DEF,487325_2,,2022-08-30,2,
487325_2_44804,487325_DEF,487325_2,,2022-08-31,2,
487325_2_44805,487325_DEF,487325_2,,2022-09-01,2,
487325_2_44806,487325_DEF,487325_2,,2022-09-02,2,
487325_2_44809,487325_DEF,487325_2,,2022-09-05,2,
487325_2_44810,487325_DEF,487325_2,,2022-09-06,2,
487325_2_44811,487325_DEF,487325_2,,2022-09-07,2,
487325_2_44812,487325_DEF,487325_2,,2022-09-08,2,
487325_2_44813,487325_DEF,487325_2,,2022-09-09,2,
487325_2_44816,487325_DEF,487325_2,,2022-09-12,2,
487325_2_44817,487325_DEF,487325_2,,2022-09-13,2,
487325_2_44818,487325_DEF,487325_2,,2022-09-14,2,
487325_2_44819,487325_DEF,487325_2,,2022-09-15,2,
487325_2_44820,487325_DEF,487325_2,,2022-09-16,2,
487325_2_44823,487325_DEF,487325_2,,2022-09-19,2,
487325_2_44824,487325_DEF,487325_2,,2022-09-20,2,
487325_2_44825,487325_DEF,487325_2,,2022-09-21,2,
487325_2_44826,487325_DEF,487325_2,,2022-09-22,2,
487325_2_44827,487325_DEF,487325_2,,2022-09-23,2,
487325_2_44830,487325_DEF,487325_2,,2022-09-26,2,
487325_2_44831,487325_DEF,487325_2,,2022-09-27,2,
487325_2_44832,487325_DEF,487325_2,,2022-09-28,2,
487325_2_44833,487325_DEF,487325_2,,2022-09-29,2,
487325_2_44834,487325_DEF,487325_2,,2022-09-30,2,
487325_2_44837,487325_DEF,487325_2,,2022-10-03,2,
487325_2_44838,487325_DEF,487325_2,,2022-10-04,2,
487325_2_44839,487325_DEF,487325_2,,2022-10-05,2,
487325_2_44840,487325_DEF,487325_2,,2022-10-06,2,
487325_2_44841,487325_DEF,487325_2,,2022-10-07,2,
487325_2_44844,487325_DEF,487325_2,,2022-10-10,2,
487325_2_44845,487325_DEF,487325_2,,2022-10-11,2,
487325_2_44846,487325_DEF,487325_2,,2022-10-12,2,
487325_2_44847,487325_DEF,487325_2,,2022-10-13,2,
487325_2_44848,487325_DEF,487325_2,,2022-10-14,2,
487325_2_44851,487325_DEF,487325_2,,2022-10-17,2,
487325_2_44852,487325_DEF,487325_2,,2022-10-18,2,
487325_2_44853,487325_DEF,487325_2,,2022-10-19,2,
487325_2_44854,487325_DEF,487325_2,,2022-10-20,2,
487325_2_44855,487325_DEF,487325_2,,2022-10-21,2,
487325_2_44858,487325_DEF,487325_2,,2022-10-24,2,
487325_2_44859,487325_DEF,487325_2,,2022-10-25,2,
487325_2_44860,487325_DEF,487325_2,,2022-10-26,2,
487325_2_44861,487325_DEF,487325_2,,2022-10-27,2,
487325_2_44862,487325_DEF,487325_2,,2022-10-28,2,
487325_2_44865,487325_DEF,487325_2,,2022-10-31,2,
487325_2_44866,487325_DEF,487325_2,,2022-11-01,2,
487325_2_44867,487325_DEF,487325_2,,2022-11-02,2,
487325_2_44868,487325_DEF,487325_2,,2022-11-03,2,
487325_2_44869,487325_DEF,487325_2,,2022-11-04,2,
487325_2_44872,487325_DEF,487325_2,,2022-11-07,2,
487325_2_44873,487325_DEF,487325_2,,2022-11-08,2,
487325_2_44874,487325_DEF,487325_2,,2022-11-09,2,
487325_2_44875,487325_DEF,487325_2,,2022-11-10,2,
487325_2_44876,487325_DEF,487325_2,,2022-11-11,2,
487325_2_44879,487325_DEF,487325_2,,2022-11-14,2,
487325_2_44880,487325_DEF,487325_2,,2022-11-15,2,
487325_2_44881,487325_DEF,487325_2,,2022-11-16,2,
487325_2_44882,487325_DEF,487325_2,,2022-11-17,2,
487325_2_44883,487325_DEF,487325_2,,2022-11-18,2,
487325_2_44886,487325_DEF,487325_2,,2022-11-21,2,
487325_2_44887,487325_DEF,487325_2,,2022-11-22,2,
487325_2_44888,487325_DEF,487325_2,,2022-11-23,2,
487325_2_44889,487325_DEF,487325_2,,2022-11-24,2,
487325_2_44890,487325_DEF,487325_2,,2022-11-25,2,
487325_2_44893,487325_DEF,487325_2,,2022-11-28,2,
487325_2_44894,487325_DEF,487325_2,,2022-11-29,2,
487325_2_44895,487325_DEF,487325_2,,2022-11-30,2,
487325_2_44896,487325_DEF,487325_2,,2022-12-01,2,
487325_2_44897,487325_DEF,487325_2,,2022-12-02,2,
487325_2_44900,487325_DEF,487325_2,,2022-12-05,2,
487325_2_44901,487325_DEF,487325_2,,2022-12-06,2,
487325_2_44902,487325_DEF,487325_2,,2022-12-07,2,
487325_2_44903,487325_DEF,487325_2,,2022-12-08,2,
487325_2_44904,487325_DEF,487325_2,,2022-12-09,2,
487325_2_44907,487325_DEF,487325_2,,2022-12-12,2,
487325_2_44908,487325_DEF,487325_2,,2022-12-13,2,
487325_2_44909,487325_DEF,487325_2,,2022-12-14,2,
487325_2_44910,487325_DEF,487325_2,,2022-12-15,2,
487325_2_44911,487325_DEF,487325_2,,2022-12-16,2,
487325_2_44914,487325_DEF,487325_2,,2022-12-19,2,
487325_2_44915,487325_DEF,487325_2,,2022-12-20,2,
487325_2_44916,487325_DEF,487325_2,,2022-12-21,2,
487325_2_44917,487325_DEF,487325_2,,2022-12-22,2,
487325_2_44918,487325_DEF,487325_2,,2022-12-23,2,
487325_2_44921,487325_DEF,487325_2,,2022-12-26,2,
487325_2_44922,487325_DEF,487325_2,,2022-12-27,2,
487325_2_44923,487325_DEF,487325_2,,2022-12-28,2,
487325_2_44924,487325_DEF,487325_2,,2022-12-29,2,
487325_2_44925,487325_DEF,487325_2,,2022-12-30,2,
487325_2_44928,487325_DEF,487325_2,,2023-01-02,2,
487325_2_44929,487325_DEF,487325_2,,2023-01-03,2,
487325_2_44930,487325_DEF,487325_2,,2023-01-04,2,
487325_2_44931,487325_DEF,487325_2,,2023-01-05,2,
487325_2_44932,487325_DEF,487325_2,,2023-01-06,2,
487325_2_44935,487325_DEF,487325_2,,2023-01-09,2,
487325_2_44936,487325_DEF,487325_2,,2023-01-10,2,
487325_2_44937,487325_DEF,487325_2,,2023-01-11,2,
487325_2_44938,487325_DEF,487325_2,,2023-01-12,2,
487325_2_44939,487325_DEF,487325_2,,2023-01-13,2,
487325_2_44942,487325_DEF,487325_2,,2023-01-16,2,
487325_2_44943,487325_DEF,487325_2,,2023-01-17,2,
487325_2_44944,487325_DEF,487325_2,,2023-01-18,2,
487325_2_44945,487325_DEF,487325_2,,2023-01-19,2,
487325_2_44946,487325_DEF,487325_2,,2023-01-20,2,
487325_2_44949,487325_DEF,487325_2,,2023-01-23,2,
487325_2_44950,487325_DEF,487325_2,,2023-01-24,2,
487325_2_44951,487325_DEF,487325_2,,2023-01-25,2,
487325_2_44952,487325_DEF,487325_2,,2023-01-26,2,
487325_2_44953,487325_DEF,487325_2,,2023-01-27,2,
487325_2_44956,487325_DEF,487325_2,,2023-01-30,2,
487325_2_44957,487325_DEF,487325_2,,2023-01-31,2,
487325_2_44958,487325_DEF,487325_2,,2023-02-01,2,
487325_2_44959,487325_DEF,487325_2,,2023-02-02,2,
487325_2_44960,487325_DEF,487325_2,,2023-02-03,2,
487325_2_44963,487325_DEF,487325_2,,2023-02-06,2,
487325_2_44964,487325_DEF,487325_2,,2023-02-07,2,
487325_2_44965,487325_DEF,487325_2,,2023-02-08,2,
487325_2_44966,487325_DEF,487325_2,,2023-02-09,2,
487325_2_44967,487325_DEF,487325_2,,2023-02-10,2,
487325_2_44970,487325_DEF,487325_2,,2023-02-13,2,
487325_2_44971,487325_DEF,487325_2,,2023-02-14,2,
487325_2_44972,487325_DEF,487325_2,,2023-02-15,2,
487325_2_44973,487325_DEF,487325_2,,2023-02-16,2,
487325_2_44974,487325_DEF,487325_2,,2023-02-17,2,
487325_2_44977,487325_DEF,487325_2,,2023-02-20,2,
487325_2_44978,487325_DEF,487325_2,,2023-02-21,2,
487325_2_44979,487325_DEF,487325_2,,2023-02-22,2,
487325_2_44980,487325_DEF,487325_2,,2023-02-23,2,
487325_2_44981,487325_DEF,487325_2,,2023-02-24,2,
487325_2_44984,487325_DEF,487325_2,,2023-02-27,2,
487325_2_44985,487325_DEF,487325_2,,2023-02-28,2,
487325_2_44986,487325_DEF,487325_2,,2023-03-01,2,
487325_2_44987,487325_DEF,487325_2,,2023-03-02,2,
487325_2_44988,487325_DEF,487325_2,,2023-03-03,2,
487325_2_44991,487325_DEF,487325_2,,2023-03-06,2,
487325_2_44992,487325_DEF,487325_2,,2023-03-07,2,
487325_2_44993,487325_DEF,487325_2,,2023-03-08,2,
487325_2_44994,487325_DEF,487325_2,,2023-03-09,2,
487325_2_44995,487325_DEF,487325_2,,2023-03-10,2,
487325_2_44998,487325_DEF,487325_2,,2023-03-13,2,
487325_2_44999,487325_DEF,487325_2,,2023-03-14,2,
487325_2_45000,487325_DEF,487325_2,,2023-03-15,2,
487325_2_45001,487325_DEF,487325_2,,2023-03-16,2,
487325_2_45002,487325_DEF,487325_2,,2023-03-17,2,
487325_2_45005,487325_DEF,487325_2,,2023-03-20,2,
487325_2_45006,487325_DEF,487325_2,,2023-03-21,2,
487325_2_45007,487325_DEF,487325_2,,2023-03-22,2,
487325_2_45008,487325_DEF,487325_2,,2023-03-23,2,
487325_2_45009,487325_DEF,487325_2,,2023-03-24,2,
487325_2_45012,487325_DEF,487325_2,,2023-03-27,2,
487325_2_45013,487325_DEF,487325_2,,2023-03-28,2,
487325_2_45014,487325_DEF,487325_2,,2023-03-29,2,
487325_2_45015,487325_DEF,487325_2,,2023-03-30,2,
487325_2_45016,487325_DEF,487325_2,,2023-03-31,2,
487325_2_45019,487325_DEF,487325_2,,2023-04-03,2,
487325_2_45020,487325_DEF,487325_2,,2023-04-04,2,
487325_2_45021,487325_DEF,487325_2,,2023-04-05,2,
487325_2_45022,487325_DEF,487325_2,,2023-04-06,2,
487325_2_45023,487325_DEF,487325_2,,2023-04-07,2,
487325_2_45026,487325_DEF,487325_2,,2023-04-10,2,
487325_2_45027,487325_DEF,487325_2,,2023-04-11,2,
487325_2_45028,487325_DEF,487325_2,,2023-04-12,2,
487325_2_45029,487325_DEF,487325_2,,2023-04-13,2,
487325_2_45030,487325_DEF,487325_2,,2023-04-14,2,
487325_2_45033,487325_DEF,487325_2,,2023-04-17,2,
487325_2_45034,487325_DEF,487325_2,,2023-04-18,2,
487325_2_45035,487325_DEF,487325_2,,2023-04-19,2,
487325_2_45036,487325_DEF,487325_2,,2023-04-20,2,
487325_2_45037,487325_DEF,487325_2,,2023-04-21,2,
487325_2_45040,487325_DEF,487325_2,,2023-04-24,2,
487325_2_45041,487325_DEF,487325_2,,2023-04-25,2,
487325_2_45042,487325_DEF,487325_2,,2023-04-26,2,
487325_2_45043,487325_DEF,487325_2,,2023-04-27,2,
487325_2_45044,487325_DEF,487325_2,,2023-04-28,2,
487325_2_45047,487325_DEF,487325_2,,2023-05-01,2,
487325_2_45048,487325_DEF,487325_2,,2023-05-02,2,
487325_2_45049,487325_DEF,487325_2,,2023-05-03,2,
487325_2_45050,487325_DEF,487325_2,,2023-05-04,2,
487325_2_45051,487325_DEF,487325_2,,2023-05-05,2,
487325_2_45054,487325_DEF,487325_2,,2023-05-08,2,
487325_2_45055,487325_DEF,487325_2,,2023-05-09,2,
487325_2_45056,487325_DEF,487325_2,,2023-05-10,2,
487325_2_45057,487325_DEF,487325_2,,2023-05-11,2,
487325_2_45058,487325_DEF,487325_2,,2023-05-12,2,
487325_2_45061,487325_DEF,487325_2,,2023-05-15,2,
487325_2_45062,487325_DEF,487325_2,,2023-05-16,2,
487325_2_45063,487325_DEF,487325_2,,2023-05-17,2,
487325_2_45064,487325_DEF,487325_2,,2023-05-18,2,
487325_2_45065,487325_DEF,487325_2,,2023-05-19,2,
487325_2_45068,487325_DEF,487325_2,,2023-05-22,2,
487325_2_45069,487325_DEF,487325_2,,2023-05-23,2,
487325_2_45070,487325_DEF,487325_2,,2023-05-24,2,
487325_2_45071,487325_DEF,487325_2,,2023-05-25,2,
487325_2_45072,487325_DEF,487325_2,,2023-05-26,2,
487325_2_45075,487325_DEF,487325_2,,2023-05-29,2,
487325_2_45076,487325_DEF,487325_2,,2023-05-30,2,
513927_2_45042,513927_AML,513927_2,,2023-04-26,2,
513927_2_45043,513927_AML,513927_2,,2023-04-27,2,
513927_2_45044,513927_AML,513927_2,,2023-04-28,2,
513927_2_45047,513927_AML,513927_2,,2023-05-01,2,
513927_2_45048,513927_AML,513927_2,,2023-05-02,2,
513927_2_45049,513927_AML,513927_2,,2023-05-03,2,
513927_2_45050,513927_AML,513927_2,,2023-05-04,2,
513927_2_45051,513927_AML,513927_2,,2023-05-05,2,
513927_2_45054,513927_AML,513927_2,,2023-05-08,2,
513927_2_45055,513927_AML,513927_2,,2023-05-09,2,
513927_2_45056,513927_AML,513927_2,,2023-05-10,2,
513927_2_45057,513927_AML,513927_2,,2023-05-11,2,
513927_2_45058,513927_AML,513927_2,,2023-05-12,2,
513927_2_45061,513927_AML,513927_2,,2023-05-15,2,
513927_2_45062,513927_AML,513927_2,,2023-05-16,2,
513927_2_45063,513927_AML,513927_2,,2023-05-17,2,
513927_2_45064,513927_AML,513927_2,,2023-05-18,2,
513927_2_45065,513927_AML,513927_2,,2023-05-19,2,
513927_2_45068,513927_AML,513927_2,,2023-05-22,2,
513927_2_45069,513927_AML,513927_2,,2023-05-23,2,
513927_2_45070,513927_AML,513927_2,,2023-05-24,2,
513927_2_45071,513927_AML,513927_2,,2023-05-25,2,
513927_2_45072,513927_AML,513927_2,,2023-05-26,2,
513927_2_45075,513927_AML,513927_2,,2023-05-29,2,
513927_2_45076,513927_AML,513927_2,,2023-05-30,2,
513927_2_45077,513927_AML,513927_2,,2023-05-31,2,
513927_2_45078,513927_AML,513927_2,,2023-06-01,2,
513927_2_45079,513927_AML,513927_2,,2023-06-02,2,
513927_2_45082,513927_AML,513927_2,,2023-06-05,2,
513927_2_45083,513927_AML,513927_2,,2023-06-06,2,
513927_2_45084,513927_AML,513927_2,,2023-06-07,2,
513927_2_45085,513927_AML,513927_2,,2023-06-08,2,
513927_2_45086,513927_AML,513927_2,,2023-06-09,2,
513927_2_45089,513927_AML,513927_2,,2023-06-12,2,
513927_2_45090,513927_AML,513927_2,,2023-06-13,2,
513927_2_45091,513927_AML,513927_2,,2023-06-14,2,
513927_2_45092,513927_AML,513927_2,,2023-06-15,2,
513927_2_45093,513927_AML,513927_2,,2023-06-16,2,
513927_2_45096,513927_AML,513927_2,,2023-06-19,2,
513927_2_45097,513927_AML,513927_2,,2023-06-20,2,
513927_2_45098,513927_AML,513927_2,,2023-06-21,2,
513927_2_45099,513927_AML,513927_2,,2023-06-22,2,
513927_2_45100,513927_AML,513927_2,,2023-06-23,2,
513927_2_45103,513927_AML,513927_2,,2023-06-26,2,
513927_2_45104,513927_AML,513927_2,,2023-06-27,2,
513927_2_45105,513927_AML,513927_2,,2023-06-28,2,
513927_2_45106,513927_AML,513927_2,,2023-06-29,2,
513927_2_45107,513927_AML,513927_2,,2023-06-30,2,
513927_2_45110,513927_AML,513927_2,,2023-07-03,2,
513927_2_45111,513927_AML,513927_2,,2023-07-04,2,
513927_2_45112,513927_AML,513927_2,,2023-07-05,2,
513927_2_45113,513927_AML,513927_2,,2023-07-06,2,
513927_2_45114,513927_AML,513927_2,,2023-07-07,2,
513927_2_45117,513927_AML,513927_2,,2023-07-10,2,
513927_2_45118,513927_AML,513927_2,,2023-07-11,2,
513927_2_45119,513927_AML,513927_2,,2023-07-12,2,
513927_2_45120,513927_AML,513927_2,,2023-07-13,2,
513927_2_45121,513927_AML,513927_2,,2023-07-14,2,
513927_2_45124,513927_AML,513927_2,,2023-07-17,2,
513927_2_45125,513927_AML,513927_2,,2023-07-18,2,
513927_2_45126,513927_AML,513927_2,,2023-07-19,2,
513927_2_45127,513927_AML,513927_2,,2023-07-20,2,
513927_2_45128,513927_AML,513927_2,,2023-07-21,2,
513927_2_45131,513927_AML,513927_2,,2023-07-24,2,
513927_2_45132,513927_AML,513927_2,,2023-07-25,2,
513927_2_45133,513927_AML,513927_2,,2023-07-26,2,
513927_2_45134,513927_AML,513927_2,,2023-07-27,2,
513927_2_45135,513927_AML,513927_2,,2023-07-28,2,
513927_2_45138,513927_AML,513927_2,,2023-07-31,2,
513927_2_45139,513927_AML,513927_2,,2023-08-01,2,
513927_2_45140,513927_AML,513927_2,,2023-08-02,2,
513927_2_45141,513927_AML,513927_2,,2023-08-03,2,
513927_2_45142,513927_AML,513927_2,,2023-08-04,2,
513927_2_45145,513927_AML,513927_2,,2023-08-07,2,
513927_2_45146,513927_AML,513927_2,,2023-08-08,2,
513927_2_45147,513927_AML,513927_2,,2023-08-09,2,
513927_2_45148,513927_AML,513927_2,,2023-08-10,2,
513927_2_45149,513927_AML,513927_2,,2023-08-11,2,
513927_2_45152,513927_AML,513927_2,,2023-08-14,2,
513927_2_45153,513927_AML,513927_2,,2023-08-15,2,
513927_2_45154,513927_AML,513927_2,,2023-08-16,2,
513927_2_45155,513927_AML,513927_2,,2023-08-17,2,
513927_2_45156,513927_AML,513927_2,,2023-08-18,2,
513927_2_45159,513927_AML,513927_2,,2023-08-21,2,
513927_2_45160,513927_AML,513927_2,,2023-08-22,2,
513927_2_45161,513927_AML,513927_2,,2023-08-23,2,
513927_2_45162,513927_AML,513927_2,,2023-08-24,2,
513927_2_45163,513927_AML,513927_2,,2023-08-25,2,
513927_2_45166,513927_AML,513927_2,,2023-08-28,2,
513927_2_45167,513927_AML,513927_2,,2023-08-29,2,
513927_2_45168,513927_AML,513927_2,,2023-08-30,2,
513927_2_45169,513927_AML,513927_2,,2023-08-31,2,
513927_2_45170,513927_AML,513927_2,,2023-09-01,2,
510743_2_45014,510743_AML,510743_2,,2023-03-29,2,
510743_2_45015,510743_AML,510743_2,,2023-03-30,2,
510743_2_45016,510743_AML,510743_2,,2023-03-31,2,
510743_2_45019,510743_AML,510743_2,,2023-04-03,2,
510743_2_45020,510743_AML,510743_2,,2023-04-04,2,
510743_2_45021,510743_AML,510743_2,,2023-04-05,2,
510743_2_45022,510743_AML,510743_2,,2023-04-06,2,
510743_2_45023,510743_AML,510743_2,,2023-04-07,2,
510743_2_45026,510743_AML,510743_2,,2023-04-10,2,
510743_2_45027,510743_AML,510743_2,,2023-04-11,2,
510743_2_45028,510743_AML,510743_2,,2023-04-12,2,
510743_2_45029,510743_AML,510743_2,,2023-04-13,2,
510743_2_45030,510743_AML,510743_2,,2023-04-14,2,
510743_2_45033,510743_AML,510743_2,,2023-04-17,2,
510743_2_45034,510743_AML,510743_2,,2023-04-18,2,
510743_2_45035,510743_AML,510743_2,,2023-04-19,2,
510743_2_45036,510743_AML,510743_2,,2023-04-20,2,
510743_2_45037,510743_AML,510743_2,,2023-04-21,2,
510743_2_45040,510743_AML,510743_2,,2023-04-24,2,
510743_2_45041,510743_AML,510743_2,,2023-04-25,2,
510743_2_45042,510743_AML,510743_2,,2023-04-26,2,
510743_2_45043,510743_AML,510743_2,,2023-04-27,2,
510743_2_45044,510743_AML,510743_2,,2023-04-28,2,
510743_2_45047,510743_AML,510743_2,,2023-05-01,2,
510743_2_45048,510743_AML,510743_2,,2023-05-02,2,
510743_2_45049,510743_AML,510743_2,,2023-05-03,2,
510743_2_45050,510743_AML,510743_2,,2023-05-04,2,
510743_2_45051,510743_AML,510743_2,,2023-05-05,2,
510743_2_45054,510743_AML,510743_2,,2023-05-08,2,
510743_2_45055,510743_AML,510743_2,,2023-05-09,2,
510743_2_45056,510743_AML,510743_2,,2023-05-10,2,
510743_2_45057,510743_AML,510743_2,,2023-05-11,2,
510743_2_45058,510743_AML,510743_2,,2023-05-12,2,
510743_2_45061,510743_AML,510743_2,,2023-05-15,2,
510743_2_45062,510743_AML,510743_2,,2023-05-16,2,
510743_2_45063,510743_AML,510743_2,,2023-05-17,2,
510743_2_45064,510743_AML,510743_2,,2023-05-18,2,
510743_2_45065,510743_AML,510743_2,,2023-05-19,2,
510743_2_45068,510743_AML,510743_2,,2023-05-22,2,
510743_2_45069,510743_AML,510743_2,,2023-05-23,2,
510743_2_45070,510743_AML,510743_2,,2023-05-24,2,
510743_2_45071,510743_AML,510743_2,,2023-05-25,2,
510743_2_45072,510743_AML,510743_2,,2023-05-26,2,
510743_2_45075,510743_AML,510743_2,,2023-05-29,2,
510743_2_45076,510743_AML,510743_2,,2023-05-30,2,
510743_2_45077,510743_AML,510743_2,,2023-05-31,2,
510743_2_45078,510743_AML,510743_2,,2023-06-01,2,
510743_2_45079,510743_AML,510743_2,,2023-06-02,2,
510743_2_45082,510743_AML,510743_2,,2023-06-05,2,
510743_2_45083,510743_AML,510743_2,,2023-06-06,2,
510743_2_45084,510743_AML,510743_2,,2023-06-07,2,
510743_2_45085,510743_AML,510743_2,,2023-06-08,2,
510743_2_45086,510743_AML,510743_2,,2023-06-09,2,
510743_2_45089,510743_AML,510743_2,,2023-06-12,2,
510743_2_45090,510743_AML,510743_2,,2023-06-13,2,
510743_2_45091,510743_AML,510743_2,,2023-06-14,2,
510743_2_45092,510743_AML,510743_2,,2023-06-15,2,
510743_2_45093,510743_AML,510743_2,,2023-06-16,2,
510743_2_45096,510743_AML,510743_2,,2023-06-19,2,
510743_2_45097,510743_AML,510743_2,,2023-06-20,2,
510743_2_45098,510743_AML,510743_2,,2023-06-21,2,
510743_2_45099,510743_AML,510743_2,,2023-06-22,2,
510743_2_45100,510743_AML,510743_2,,2023-06-23,2,
510743_2_45103,510743_AML,510743_2,,2023-06-26,2,
510743_2_45104,510743_AML,510743_2,,2023-06-27,2,
510743_2_45105,510743_AML,510743_2,,2023-06-28,2,
510743_2_45106,510743_AML,510743_2,,2023-06-29,2,
510743_2_45107,510743_AML,510743_2,,2023-06-30,2,
510743_2_45110,510743_AML,510743_2,,2023-07-03,2,
510743_2_45111,510743_AML,510743_2,,2023-07-04,2,
510743_2_45112,510743_AML,510743_2,,2023-07-05,2,
510743_2_45113,510743_AML,510743_2,,2023-07-06,2,
510743_2_45114,510743_AML,510743_2,,2023-07-07,2,
510743_2_45117,510743_AML,510743_2,,2023-07-10,2,
510743_2_45118,510743_AML,510743_2,,2023-07-11,2,
510743_2_45119,510743_AML,510743_2,,2023-07-12,2,
510743_2_45120,510743_AML,510743_2,,2023-07-13,2,
510743_2_45121,510743_AML,510743_2,,2023-07-14,2,
510743_2_45124,510743_AML,510743_2,,2023-07-17,2,
510743_2_45125,510743_AML,510743_2,,2023-07-18,2,
510743_2_45126,510743_AML,510743_2,,2023-07-19,2,
510743_2_45127,510743_AML,510743_2,,2023-07-20,2,
510743_2_45128,510743_AML,510743_2,,2023-07-21,2,
510743_2_45131,510743_AML,510743_2,,2023-07-24,2,
510743_2_45132,510743_AML,510743_2,,2023-07-25,2,
510743_2_45133,510743_AML,510743_2,,2023-07-26,2,
510743_2_45134,510743_AML,510743_2,,2023-07-27,2,
510743_2_45135,510743_AML,510743_2,,2023-07-28,2,
510743_2_45138,510743_AML,510743_2,,2023-07-31,2,
510743_2_45139,510743_AML,510743_2,,2023-08-01,2,
510743_2_45140,510743_AML,510743_2,,2023-08-02,2,
510743_2_45141,510743_AML,510743_2,,2023-08-03,2,
510743_2_45142,510743_AML,510743_2,,2023-08-04,2,
510743_2_45145,510743_AML,510743_2,,2023-08-07,2,
510743_2_45146,510743_AML,510743_2,,2023-08-08,2,
510743_2_45147,510743_AML,510743_2,,2023-08-09,2,
510743_2_45148,510743_AML,510743_2,,2023-08-10,2,
510743_2_45149,510743_AML,510743_2,,2023-08-11,2,
510743_2_45152,510743_AML,510743_2,,2023-08-14,2,
510743_2_45153,510743_AML,510743_2,,2023-08-15,2,
510743_2_45154,510743_AML,510743_2,,2023-08-16,2,
510743_2_45155,510743_AML,510743_2,,2023-08-17,2,
510743_2_45156,510743_AML,510743_2,,2023-08-18,2,
510743_2_45159,510743_AML,510743_2,,2023-08-21,2,
510743_2_45160,510743_AML,510743_2,,2023-08-22,2,
510743_2_45161,510743_AML,510743_2,,2023-08-23,2,
510743_2_45162,510743_AML,510743_2,,2023-08-24,2,
510743_2_45163,510743_AML,510743_2,,2023-08-25,2,
510743_2_45166,510743_AML,510743_2,,2023-08-28,2,
510743_2_45167,510743_AML,510743_2,,2023-08-29,2,
510743_2_45168,510743_AML,510743_2,,2023-08-30,2,
510743_2_45169,510743_AML,510743_2,,2023-08-31,2,
510743_2_45170,510743_AML,510743_2,,2023-09-01,2,
464606_2_44676,464606_ALT,464606_2,,2022-04-25,2,
464606_2_44677,464606_ALT,464606_2,,2022-04-26,2,
464606_2_44678,464606_ALT,464606_2,,2022-04-27,2,
464606_2_44679,464606_ALT,464606_2,,2022-04-28,2,
464606_2_44680,464606_ALT,464606_2,,2022-04-29,2,
464606_2_44683,464606_ALT,464606_2,,2022-05-02,2,
464606_2_44684,464606_ALT,464606_2,,2022-05-03,2,
464606_2_44685,464606_ALT,464606_2,,2022-05-04,2,
464606_2_44686,464606_ALT,464606_2,,2022-05-05,2,
464606_2_44687,464606_ALT,464606_2,,2022-05-06,2,
464606_2_44690,464606_ALT,464606_2,,2022-05-09,2,
464606_2_44691,464606_ALT,464606_2,,2022-05-10,2,
464606_2_44692,464606_ALT,464606_2,,2022-05-11,2,
464606_2_44693,464606_ALT,464606_2,,2022-05-12,2,
464606_2_44694,464606_ALT,464606_2,,2022-05-13,2,
464606_2_44697,464606_ALT,464606_2,,2022-05-16,2,
464606_2_44698,464606_ALT,464606_2,,2022-05-17,2,
464606_2_44699,464606_ALT,464606_2,,2022-05-18,2,
464606_2_44700,464606_ALT,464606_2,,2022-05-19,2,
464606_2_44701,464606_ALT,464606_2,,2022-05-20,2,
464606_2_44704,464606_ALT,464606_2,,2022-05-23,2,
464606_2_44705,464606_ALT,464606_2,,2022-05-24,2,
464606_2_44706,464606_ALT,464606_2,,2022-05-25,2,
464606_2_44707,464606_ALT,464606_2,,2022-05-26,2,
464606_2_44708,464606_ALT,464606_2,,2022-05-27,2,
464606_2_44711,464606_ALT,464606_2,,2022-05-30,2,
464606_2_44712,464606_ALT,464606_2,,2022-05-31,2,
464606_2_44713,464606_ALT,464606_2,,2022-06-01,2,
464606_2_44714,464606_ALT,464606_2,,2022-06-02,2,
464606_2_44715,464606_ALT,464606_2,,2022-06-03,2,
464606_2_44718,464606_ALT,464606_2,,2022-06-06,2,
464606_2_44719,464606_ALT,464606_2,,2022-06-07,2,
464606_2_44720,464606_ALT,464606_2,,2022-06-08,2,
464606_2_44721,464606_ALT,464606_2,,2022-06-09,2,
464606_2_44722,464606_ALT,464606_2,,2022-06-10,2,
464606_2_44725,464606_ALT,464606_2,,2022-06-13,2,
464606_2_44726,464606_ALT,464606_2,,2022-06-14,2,
464606_2_44727,464606_ALT,464606_2,,2022-06-15,2,
464606_2_44728,464606_ALT,464606_2,,2022-06-16,2,
464606_2_44729,464606_ALT,464606_2,,2022-06-17,2,
464606_2_44732,464606_ALT,464606_2,,2022-06-20,2,
464606_2_44733,464606_ALT,464606_2,,2022-06-21,2,
464606_2_44734,464606_ALT,464606_2,,2022-06-22,2,
464606_2_44735,464606_ALT,464606_2,,2022-06-23,2,
464606_2_44736,464606_ALT,464606_2,,2022-06-24,2,
464606_2_44739,464606_ALT,464606_2,,2022-06-27,2,
464606_2_44740,464606_ALT,464606_2,,2022-06-28,2,
464606_2_44741,464606_ALT,464606_2,,2022-06-29,2,
464606_2_44742,464606_ALT,464606_2,,2022-06-30,2,
519001_3_45083,519001_AML,519001_3,,2023-06-06,8,
519001_3_45084,519001_AML,519001_3,,2023-06-07,8,
519001_3_45085,519001_AML,519001_3,,2023-06-08,8,
519001_3_45086,519001_AML,519001_3,,2023-06-09,8,
519001_3_45089,519001_AML,519001_3,,2023-06-12,8,
519001_3_45090,519001_AML,519001_3,,2023-06-13,8,
519001_3_45091,519001_AML,519001_3,,2023-06-14,8,
519001_3_45092,519001_AML,519001_3,,2023-06-15,8,
519001_3_45093,519001_AML,519001_3,,2023-06-16,8,
519001_3_45096,519001_AML,519001_3,,2023-06-19,8,
519001_3_45097,519001_AML,519001_3,,2023-06-20,8,
519001_3_45098,519001_AML,519001_3,,2023-06-21,8,
519001_3_45099,519001_AML,519001_3,,2023-06-22,8,
519001_3_45100,519001_AML,519001_3,,2023-06-23,8,
519001_3_45103,519001_AML,519001_3,,2023-06-26,8,
519001_3_45104,519001_AML,519001_3,,2023-06-27,8,
519001_3_45105,519001_AML,519001_3,,2023-06-28,8,
519001_3_45106,519001_AML,519001_3,,2023-06-29,8,
519001_3_45107,519001_AML,519001_3,,2023-06-30,8,
519001_3_45110,519001_AML,519001_3,,2023-07-03,8,
519001_3_45111,519001_AML,519001_3,,2023-07-04,8,
519001_3_45112,519001_AML,519001_3,,2023-07-05,8,
519001_3_45113,519001_AML,519001_3,,2023-07-06,8,
519001_3_45114,519001_AML,519001_3,,2023-07-07,8,
519001_3_45117,519001_AML,519001_3,,2023-07-10,8,
519001_3_45118,519001_AML,519001_3,,2023-07-11,8,
519001_3_45119,519001_AML,519001_3,,2023-07-12,8,
519001_3_45120,519001_AML,519001_3,,2023-07-13,8,
519001_3_45121,519001_AML,519001_3,,2023-07-14,8,
519001_3_45124,519001_AML,519001_3,,2023-07-17,8,
519001_3_45125,519001_AML,519001_3,,2023-07-18,8,
519001_3_45126,519001_AML,519001_3,,2023-07-19,8,
519001_3_45127,519001_AML,519001_3,,2023-07-20,8,
519001_3_45128,519001_AML,519001_3,,2023-07-21,8,
519001_3_45131,519001_AML,519001_3,,2023-07-24,8,
519001_3_45132,519001_AML,519001_3,,2023-07-25,8,
519001_3_45133,519001_AML,519001_3,,2023-07-26,8,
519001_3_45134,519001_AML,519001_3,,2023-07-27,8,
519001_3_45135,519001_AML,519001_3,,2023-07-28,8,
519001_3_45138,519001_AML,519001_3,,2023-07-31,8,
519001_3_45139,519001_AML,519001_3,,2023-08-01,8,
519001_3_45140,519001_AML,519001_3,,2023-08-02,8,
519001_3_45141,519001_AML,519001_3,,2023-08-03,8,
519001_3_45142,519001_AML,519001_3,,2023-08-04,8,
519001_3_45145,519001_AML,519001_3,,2023-08-07,8,
519001_3_45146,519001_AML,519001_3,,2023-08-08,8,
468251_3_44718,468251_EBA,468251_3,,2022-06-06,8,
468251_3_44719,468251_EBA,468251_3,,2022-06-07,8,
468251_3_44720,468251_EBA,468251_3,,2022-06-08,8,
468251_3_44721,468251_EBA,468251_3,,2022-06-09,8,
468251_3_44722,468251_EBA,468251_3,,2022-06-10,8,
468251_3_44725,468251_EBA,468251_3,,2022-06-13,8,
468251_3_44726,468251_EBA,468251_3,,2022-06-14,8,
468251_3_44727,468251_EBA,468251_3,,2022-06-15,8,
468251_3_44728,468251_EBA,468251_3,,2022-06-16,8,
468251_3_44729,468251_EBA,468251_3,,2022-06-17,8,
468251_3_44732,468251_EBA,468251_3,,2022-06-20,8,
468251_3_44733,468251_EBA,468251_3,,2022-06-21,8,
468251_3_44734,468251_EBA,468251_3,,2022-06-22,8,
468251_3_44735,468251_EBA,468251_3,,2022-06-23,8,
468251_3_44736,468251_EBA,468251_3,,2022-06-24,8,
468251_3_44739,468251_EBA,468251_3,,2022-06-27,8,
468251_3_44740,468251_EBA,468251_3,,2022-06-28,8,
468251_3_44741,468251_EBA,468251_3,,2022-06-29,8,
468251_3_44742,468251_EBA,468251_3,,2022-06-30,8,
468251_3_44743,468251_EBA,468251_3,,2022-07-01,8,
468251_3_44746,468251_EBA,468251_3,,2022-07-04,8,
468251_3_44747,468251_EBA,468251_3,,2022-07-05,8,
468251_3_44748,468251_EBA,468251_3,,2022-07-06,8,
468251_3_44749,468251_EBA,468251_3,,2022-07-07,8,
468251_3_44750,468251_EBA,468251_3,,2022-07-08,8,
468251_3_44753,468251_EBA,468251_3,,2022-07-11,8,
468251_3_44754,468251_EBA,468251_3,,2022-07-12,8,
468251_3_44755,468251_EBA,468251_3,,2022-07-13,8,
468251_3_44756,468251_EBA,468251_3,,2022-07-14,8,
468251_3_44757,468251_EBA,468251_3,,2022-07-15,8,
468251_3_44760,468251_EBA,468251_3,,2022-07-18,8,
468251_3_44761,468251_EBA,468251_3,,2022-07-19,8,
468251_3_44762,468251_EBA,468251_3,,2022-07-20,8,
468251_3_44763,468251_EBA,468251_3,,2022-07-21,8,
468251_3_44764,468251_EBA,468251_3,,2022-07-22,8,
468251_3_44767,468251_EBA,468251_3,,2022-07-25,8,
468251_3_44768,468251_EBA,468251_3,,2022-07-26,8,
468251_3_44769,468251_EBA,468251_3,,2022-07-27,8,
468251_3_44770,468251_EBA,468251_3,,2022-07-28,8,
468251_3_44771,468251_EBA,468251_3,,2022-07-29,8,
390914_3_44104,390914_FEA,390914_3,,2020-09-30,8,
390914_3_44105,390914_FEA,390914_3,,2020-10-01,8,
390914_3_44106,390914_FEA,390914_3,,2020-10-02,8,
390914_3_44109,390914_FEA,390914_3,,2020-10-05,8,
390914_3_44110,390914_FEA,390914_3,,2020-10-06,8,
390914_3_44111,390914_FEA,390914_3,,2020-10-07,8,
390914_3_44112,390914_FEA,390914_3,,2020-10-08,8,
390914_3_44113,390914_FEA,390914_3,,2020-10-09,8,
390914_3_44116,390914_FEA,390914_3,,2020-10-12,8,
390914_3_44117,390914_FEA,390914_3,,2020-10-13,8,
390914_3_44118,390914_FEA,390914_3,,2020-10-14,8,
390914_3_44119,390914_FEA,390914_3,,2020-10-15,8,
390914_3_44120,390914_FEA,390914_3,,2020-10-16,8,
390914_3_44123,390914_FEA,390914_3,,2020-10-19,8,
390914_3_44124,390914_FEA,390914_3,,2020-10-20,8,
390914_3_44125,390914_FEA,390914_3,,2020-10-21,8,
390914_3_44126,390914_FEA,390914_3,,2020-10-22,8,
390914_3_44127,390914_FEA,390914_3,,2020-10-23,8,
390914_3_44130,390914_FEA,390914_3,,2020-10-26,8,
390914_3_44131,390914_FEA,390914_3,,2020-10-27,8,
390914_3_44132,390914_FEA,390914_3,,2020-10-28,8,
390914_3_44133,390914_FEA,390914_3,,2020-10-29,8,
390914_3_44134,390914_FEA,390914_3,,2020-10-30,8,
390914_3_44137,390914_FEA,390914_3,,2020-11-02,8,
390914_3_44138,390914_FEA,390914_3,,2020-11-03,8,
390914_3_44139,390914_FEA,390914_3,,2020-11-04,8,
390914_3_44140,390914_FEA,390914_3,,2020-11-05,8,
390914_3_44141,390914_FEA,390914_3,,2020-11-06,8,
390914_3_44144,390914_FEA,390914_3,,2020-11-09,8,
390914_3_44145,390914_FEA,390914_3,,2020-11-10,8,
390914_3_44146,390914_FEA,390914_3,,2020-11-11,8,
390914_3_44147,390914_FEA,390914_3,,2020-11-12,8,
390914_3_44148,390914_FEA,390914_3,,2020-11-13,8,
390914_3_44151,390914_FEA,390914_3,,2020-11-16,8,
390914_3_44152,390914_FEA,390914_3,,2020-11-17,8,
390914_3_44153,390914_FEA,390914_3,,2020-11-18,8,
390914_3_44154,390914_FEA,390914_3,,2020-11-19,8,
390914_3_44155,390914_FEA,390914_3,,2020-11-20,8,
390914_3_44158,390914_FEA,390914_3,,2020-11-23,8,
390914_3_44159,390914_FEA,390914_3,,2020-11-24,8,
390914_3_44160,390914_FEA,390914_3,,2020-11-25,8,
390914_3_44161,390914_FEA,390914_3,,2020-11-26,8,
390914_3_44162,390914_FEA,390914_3,,2020-11-27,8,
390914_3_44165,390914_FEA,390914_3,,2020-11-30,8,
390914_3_44166,390914_FEA,390914_3,,2020-12-01,8,
390914_3_44167,390914_FEA,390914_3,,2020-12-02,8,
390914_3_44168,390914_FEA,390914_3,,2020-12-03,8,
390914_3_44169,390914_FEA,390914_3,,2020-12-04,8,
390914_3_44172,390914_FEA,390914_3,,2020-12-07,8,
390914_3_44173,390914_FEA,390914_3,,2020-12-08,8,
390914_3_44174,390914_FEA,390914_3,,2020-12-09,8,
390914_3_44175,390914_FEA,390914_3,,2020-12-10,8,
390914_3_44176,390914_FEA,390914_3,,2020-12-11,8,
390914_3_44179,390914_FEA,390914_3,,2020-12-14,8,
390914_3_44180,390914_FEA,390914_3,,2020-12-15,8,
390914_3_44181,390914_FEA,390914_3,,2020-12-16,8,
390914_3_44182,390914_FEA,390914_3,,2020-12-17,8,
390914_3_44183,390914_FEA,390914_3,,2020-12-18,8,
390914_3_44186,390914_FEA,390914_3,,2020-12-21,8,
390914_3_44187,390914_FEA,390914_3,,2020-12-22,8,
390914_3_44188,390914_FEA,390914_3,,2020-12-23,8,
390914_3_44189,390914_FEA,390914_3,,2020-12-24,8,
390914_3_44190,390914_FEA,390914_3,,2020-12-25,8,
390914_3_44193,390914_FEA,390914_3,,2020-12-28,8,
390914_3_44194,390914_FEA,390914_3,,2020-12-29,8,
390914_3_44195,390914_FEA,390914_3,,2020-12-30,8,
390914_3_44196,390914_FEA,390914_3,,2020-12-31,8,
390914_3_44197,390914_FEA,390914_3,,2021-01-01,8,
390914_3_44200,390914_FEA,390914_3,,2021-01-04,8,
390914_3_44201,390914_FEA,390914_3,,2021-01-05,8,
390914_3_44202,390914_FEA,390914_3,,2021-01-06,8,
390914_3_44203,390914_FEA,390914_3,,2021-01-07,8,
390914_3_44204,390914_FEA,390914_3,,2021-01-08,8,
390914_3_44207,390914_FEA,390914_3,,2021-01-11,8,
390914_3_44208,390914_FEA,390914_3,,2021-01-12,8,
446667_3_43852,446667_DEC,446667_3,,2020-01-22,8,
446667_3_43853,446667_DEC,446667_3,,2020-01-23,8,
446667_3_43854,446667_DEC,446667_3,,2020-01-24,8,
446667_3_43857,446667_DEC,446667_3,,2020-01-27,8,
446667_3_43858,446667_DEC,446667_3,,2020-01-28,8,
446667_3_43859,446667_DEC,446667_3,,2020-01-29,8,
446667_3_43860,446667_DEC,446667_3,,2020-01-30,8,
446667_3_43861,446667_DEC,446667_3,,2020-01-31,8,
446667_3_43864,446667_DEC,446667_3,,2020-02-03,8,
446667_3_43865,446667_DEC,446667_3,,2020-02-04,8,
446667_3_43866,446667_DEC,446667_3,,2020-02-05,8,
446667_3_43867,446667_DEC,446667_3,,2020-02-06,8,
446667_3_43868,446667_DEC,446667_3,,2020-02-07,8,
446667_3_43871,446667_DEC,446667_3,,2020-02-10,8,
446667_3_43872,446667_DEC,446667_3,,2020-02-11,8,
446667_3_43873,446667_DEC,446667_3,,2020-02-12,8,
446667_3_43874,446667_DEC,446667_3,,2020-02-13,8,
446667_3_43875,446667_DEC,446667_3,,2020-02-14,8,
446667_3_43878,446667_DEC,446667_3,,2020-02-17,8,
446667_3_43879,446667_DEC,446667_3,,2020-02-18,8,
446667_3_43880,446667_DEC,446667_3,,2020-02-19,8,
446667_3_43881,446667_DEC,446667_3,,2020-02-20,8,
446667_3_43882,446667_DEC,446667_3,,2020-02-21,8,
446667_3_43885,446667_DEC,446667_3,,2020-02-24,8,
446667_3_43886,446667_DEC,446667_3,,2020-02-25,8,
446667_3_43887,446667_DEC,446667_3,,2020-02-26,8,
446667_3_43888,446667_DEC,446667_3,,2020-02-27,8,
446667_3_43889,446667_DEC,446667_3,,2020-02-28,8,
446667_3_43892,446667_DEC,446667_3,,2020-03-02,8,
446667_3_43893,446667_DEC,446667_3,,2020-03-03,8,
446667_3_43894,446667_DEC,446667_3,,2020-03-04,8,
446667_3_43895,446667_DEC,446667_3,,2020-03-05,8,
446667_3_43896,446667_DEC,446667_3,,2020-03-06,8,
446667_3_43899,446667_DEC,446667_3,,2020-03-09,8,
446667_3_43900,446667_DEC,446667_3,,2020-03-10,8,
446667_3_43901,446667_DEC,446667_3,,2020-03-11,8,
446667_3_43902,446667_DEC,446667_3,,2020-03-12,8,
446667_3_43903,446667_DEC,446667_3,,2020-03-13,8,
446667_3_43906,446667_DEC,446667_3,,2020-03-16,8,
446667_3_43907,446667_DEC,446667_3,,2020-03-17,8,
446667_3_43908,446667_DEC,446667_3,,2020-03-18,8,
446667_3_43909,446667_DEC,446667_3,,2020-03-19,8,
446667_3_43910,446667_DEC,446667_3,,2020-03-20,8,
446667_3_43913,446667_DEC,446667_3,,2020-03-23,8,
446667_3_43914,446667_DEC,446667_3,,2020-03-24,8,
446667_3_43915,446667_DEC,446667_3,,2020-03-25,8,
446667_3_43916,446667_DEC,446667_3,,2020-03-26,8,
446667_3_43917,446667_DEC,446667_3,,2020-03-27,8,
446667_3_43920,446667_DEC,446667_3,,2020-03-30,8,
446667_3_43921,446667_DEC,446667_3,,2020-03-31,8,
446667_3_43922,446667_DEC,446667_3,,2020-04-01,8,
446667_3_43923,446667_DEC,446667_3,,2020-04-02,8,
446667_3_43924,446667_DEC,446667_3,,2020-04-03,8,
446667_3_43927,446667_DEC,446667_3,,2020-04-06,8,
446667_3_43928,446667_DEC,446667_3,,2020-04-07,8,
446667_3_43929,446667_DEC,446667_3,,2020-04-08,8,
446667_3_43930,446667_DEC,446667_3,,2020-04-09,8,
446667_3_43931,446667_DEC,446667_3,,2020-04-10,8,
446667_3_43934,446667_DEC,446667_3,,2020-04-13,8,
446667_3_43935,446667_DEC,446667_3,,2020-04-14,8,
446667_3_43936,446667_DEC,446667_3,,2020-04-15,8,
446667_3_43937,446667_DEC,446667_3,,2020-04-16,8,
446667_3_43938,446667_DEC,446667_3,,2020-04-17,8,
446667_3_43941,446667_DEC,446667_3,,2020-04-20,8,
446667_3_43942,446667_DEC,446667_3,,2020-04-21,8,
446667_3_43943,446667_DEC,446667_3,,2020-04-22,8,
446667_3_43944,446667_DEC,446667_3,,2020-04-23,8,
446667_3_43945,446667_DEC,446667_3,,2020-04-24,8,
446667_3_43948,446667_DEC,446667_3,,2020-04-27,8,
446667_3_43949,446667_DEC,446667_3,,2020-04-28,8,
446667_3_43950,446667_DEC,446667_3,,2020-04-29,8,
446667_3_43951,446667_DEC,446667_3,,2020-04-30,8,
487325_3_44749,487325_DEF,487325_3,,2022-07-07,8,
487325_3_44750,487325_DEF,487325_3,,2022-07-08,8,
487325_3_44753,487325_DEF,487325_3,,2022-07-11,8,
487325_3_44754,487325_DEF,487325_3,,2022-07-12,8,
487325_3_44755,487325_DEF,487325_3,,2022-07-13,8,
487325_3_44756,487325_DEF,487325_3,,2022-07-14,8,
487325_3_44757,487325_DEF,487325_3,,2022-07-15,8,
487325_3_44760,487325_DEF,487325_3,,2022-07-18,8,
487325_3_44761,487325_DEF,487325_3,,2022-07-19,8,
487325_3_44762,487325_DEF,487325_3,,2022-07-20,8,
487325_3_44763,487325_DEF,487325_3,,2022-07-21,8,
487325_3_44764,487325_DEF,487325_3,,2022-07-22,8,
487325_3_44767,487325_DEF,487325_3,,2022-07-25,8,
487325_3_44768,487325_DEF,487325_3,,2022-07-26,8,
487325_3_44769,487325_DEF,487325_3,,2022-07-27,8,
487325_3_44770,487325_DEF,487325_3,,2022-07-28,8,
487325_3_44771,487325_DEF,487325_3,,2022-07-29,8,
487325_3_44774,487325_DEF,487325_3,,2022-08-01,8,
487325_3_44775,487325_DEF,487325_3,,2022-08-02,8,
487325_3_44776,487325_DEF,487325_3,,2022-08-03,8,
487325_3_44777,487325_DEF,487325_3,,2022-08-04,8,
487325_3_44778,487325_DEF,487325_3,,2022-08-05,8,
487325_3_44781,487325_DEF,487325_3,,2022-08-08,8,
487325_3_44782,487325_DEF,487325_3,,2022-08-09,8,
487325_3_44783,487325_DEF,487325_3,,2022-08-10,8,
487325_3_44784,487325_DEF,487325_3,,2022-08-11,8,
487325_3_44785,487325_DEF,487325_3,,2022-08-12,8,
487325_3_44788,487325_DEF,487325_3,,2022-08-15,8,
487325_3_44789,487325_DEF,487325_3,,2022-08-16,8,
487325_3_44790,487325_DEF,487325_3,,2022-08-17,8,
487325_3_44791,487325_DEF,487325_3,,2022-08-18,8,
487325_3_44792,487325_DEF,487325_3,,2022-08-19,8,
487325_3_44795,487325_DEF,487325_3,,2022-08-22,8,
487325_3_44796,487325_DEF,487325_3,,2022-08-23,8,
487325_3_44797,487325_DEF,487325_3,,2022-08-24,8,
487325_3_44798,487325_DEF,487325_3,,2022-08-25,8,
487325_3_44799,487325_DEF,487325_3,,2022-08-26,8,
487325_3_44802,487325_DEF,487325_3,,2022-08-29,8,
487325_3_44803,487325_DEF,487325_3,,2022-08-30,8,
487325_3_44804,487325_DEF,487325_3,,2022-08-31,8,
487325_3_44805,487325_DEF,487325_3,,2022-09-01,8,
487325_3_44806,487325_DEF,487325_3,,2022-09-02,8,
487325_3_44809,487325_DEF,487325_3,,2022-09-05,8,
487325_3_44810,487325_DEF,487325_3,,2022-09-06,8,
487325_3_44811,487325_DEF,487325_3,,2022-09-07,8,
487325_3_44812,487325_DEF,487325_3,,2022-09-08,8,
487325_3_44813,487325_DEF,487325_3,,2022-09-09,8,
487325_3_44816,487325_DEF,487325_3,,2022-09-12,8,
487325_3_44817,487325_DEF,487325_3,,2022-09-13,8,
487325_3_44818,487325_DEF,487325_3,,2022-09-14,8,
487325_3_44819,487325_DEF,487325_3,,2022-09-15,8,
487325_3_44820,487325_DEF,487325_3,,2022-09-16,8,
487325_3_44823,487325_DEF,487325_3,,2022-09-19,8,
487325_3_44824,487325_DEF,487325_3,,2022-09-20,8,
487325_3_44825,487325_DEF,487325_3,,2022-09-21,8,
487325_3_44826,487325_DEF,487325_3,,2022-09-22,8,
487325_3_44827,487325_DEF,487325_3,,2022-09-23,8,
487325_3_44830,487325_DEF,487325_3,,2022-09-26,8,
487325_3_44831,487325_DEF,487325_3,,2022-09-27,8,
487325_3_44832,487325_DEF,487325_3,,2022-09-28,8,
487325_3_44833,487325_DEF,487325_3,,2022-09-29,8,
487325_3_44834,487325_DEF,487325_3,,2022-09-30,8,
487325_3_44837,487325_DEF,487325_3,,2022-10-03,8,
487325_3_44838,487325_DEF,487325_3,,2022-10-04,8,
487325_3_44839,487325_DEF,487325_3,,2022-10-05,8,
487325_3_44840,487325_DEF,487325_3,,2022-10-06,8,
487325_3_44841,487325_DEF,487325_3,,2022-10-07,8,
487325_3_44844,487325_DEF,487325_3,,2022-10-10,8,
487325_3_44845,487325_DEF,487325_3,,2022-10-11,8,
487325_3_44846,487325_DEF,487325_3,,2022-10-12,8,
487325_3_44847,487325_DEF,487325_3,,2022-10-13,8,
487325_3_44848,487325_DEF,487325_3,,2022-10-14,8,
487325_3_44851,487325_DEF,487325_3,,2022-10-17,8,
487325_3_44852,487325_DEF,487325_3,,2022-10-18,8,
487325_3_44853,487325_DEF,487325_3,,2022-10-19,8,
487325_3_44854,487325_DEF,487325_3,,2022-10-20,8,
487325_3_44855,487325_DEF,487325_3,,2022-10-21,8,
487325_3_44858,487325_DEF,487325_3,,2022-10-24,8,
487325_3_44859,487325_DEF,487325_3,,2022-10-25,8,
487325_3_44860,487325_DEF,487325_3,,2022-10-26,8,
487325_3_44861,487325_DEF,487325_3,,2022-10-27,8,
487325_3_44862,487325_DEF,487325_3,,2022-10-28,8,
487325_3_44865,487325_DEF,487325_3,,2022-10-31,8,
487325_3_44866,487325_DEF,487325_3,,2022-11-01,8,
487325_3_44867,487325_DEF,487325_3,,2022-11-02,8,
487325_3_44868,487325_DEF,487325_3,,2022-11-03,8,
487325_3_44869,487325_DEF,487325_3,,2022-11-04,8,
487325_3_44872,487325_DEF,487325_3,,2022-11-07,8,
487325_3_44873,487325_DEF,487325_3,,2022-11-08,8,
487325_3_44874,487325_DEF,487325_3,,2022-11-09,8,
487325_3_44875,487325_DEF,487325_3,,2022-11-10,8,
487325_3_44876,487325_DEF,487325_3,,2022-11-11,8,
487325_3_44879,487325_DEF,487325_3,,2022-11-14,8,
487325_3_44880,487325_DEF,487325_3,,2022-11-15,8,
487325_3_44881,487325_DEF,487325_3,,2022-11-16,8,
487325_3_44882,487325_DEF,487325_3,,2022-11-17,8,
487325_3_44883,487325_DEF,487325_3,,2022-11-18,8,
487325_3_44886,487325_DEF,487325_3,,2022-11-21,8,
487325_3_44887,487325_DEF,487325_3,,2022-11-22,8,
487325_3_44888,487325_DEF,487325_3,,2022-11-23,8,
487325_3_44889,487325_DEF,487325_3,,2022-11-24,8,
487325_3_44890,487325_DEF,487325_3,,2022-11-25,8,
487325_3_44893,487325_DEF,487325_3,,2022-11-28,8,
487325_3_44894,487325_DEF,487325_3,,2022-11-29,8,
487325_3_44895,487325_DEF,487325_3,,2022-11-30,8,
487325_3_44896,487325_DEF,487325_3,,2022-12-01,8,
487325_3_44897,487325_DEF,487325_3,,2022-12-02,8,
487325_3_44900,487325_DEF,487325_3,,2022-12-05,8,
487325_3_44901,487325_DEF,487325_3,,2022-12-06,8,
487325_3_44902,487325_DEF,487325_3,,2022-12-07,8,
487325_3_44903,487325_DEF,487325_3,,2022-12-08,8,
487325_3_44904,487325_DEF,487325_3,,2022-12-09,8,
487325_3_44907,487325_DEF,487325_3,,2022-12-12,8,
487325_3_44908,487325_DEF,487325_3,,2022-12-13,8,
487325_3_44909,487325_DEF,487325_3,,2022-12-14,8,
487325_3_44910,487325_DEF,487325_3,,2022-12-15,8,
487325_3_44911,487325_DEF,487325_3,,2022-12-16,8,
487325_3_44914,487325_DEF,487325_3,,2022-12-19,8,
487325_3_44915,487325_DEF,487325_3,,2022-12-20,8,
487325_3_44916,487325_DEF,487325_3,,2022-12-21,8,
487325_3_44917,487325_DEF,487325_3,,2022-12-22,8,
487325_3_44918,487325_DEF,487325_3,,2022-12-23,8,
487325_3_44921,487325_DEF,487325_3,,2022-12-26,8,
487325_3_44922,487325_DEF,487325_3,,2022-12-27,8,
487325_3_44923,487325_DEF,487325_3,,2022-12-28,8,
487325_3_44924,487325_DEF,487325_3,,2022-12-29,8,
487325_3_44925,487325_DEF,487325_3,,2022-12-30,8,
487325_3_44928,487325_DEF,487325_3,,2023-01-02,8,
487325_3_44929,487325_DEF,487325_3,,2023-01-03,8,
487325_3_44930,487325_DEF,487325_3,,2023-01-04,8,
487325_3_44931,487325_DEF,487325_3,,2023-01-05,8,
487325_3_44932,487325_DEF,487325_3,,2023-01-06,8,
487325_3_44935,487325_DEF,487325_3,,2023-01-09,8,
487325_3_44936,487325_DEF,487325_3,,2023-01-10,8,
487325_3_44937,487325_DEF,487325_3,,2023-01-11,8,
487325_3_44938,487325_DEF,487325_3,,2023-01-12,8,
487325_3_44939,487325_DEF,487325_3,,2023-01-13,8,
487325_3_44942,487325_DEF,487325_3,,2023-01-16,8,
487325_3_44943,487325_DEF,487325_3,,2023-01-17,8,
487325_3_44944,487325_DEF,487325_3,,2023-01-18,8,
487325_3_44945,487325_DEF,487325_3,,2023-01-19,8,
487325_3_44946,487325_DEF,487325_3,,2023-01-20,8,
487325_3_44949,487325_DEF,487325_3,,2023-01-23,8,
487325_3_44950,487325_DEF,487325_3,,2023-01-24,8,
487325_3_44951,487325_DEF,487325_3,,2023-01-25,8,
487325_3_44952,487325_DEF,487325_3,,2023-01-26,8,
487325_3_44953,487325_DEF,487325_3,,2023-01-27,8,
487325_3_44956,487325_DEF,487325_3,,2023-01-30,8,
487325_3_44957,487325_DEF,487325_3,,2023-01-31,8,
487325_3_44958,487325_DEF,487325_3,,2023-02-01,8,
487325_3_44959,487325_DEF,487325_3,,2023-02-02,8,
487325_3_44960,487325_DEF,487325_3,,2023-02-03,8,
487325_3_44963,487325_DEF,487325_3,,2023-02-06,8,
487325_3_44964,487325_DEF,487325_3,,2023-02-07,8,
487325_3_44965,487325_DEF,487325_3,,2023-02-08,8,
487325_3_44966,487325_DEF,487325_3,,2023-02-09,8,
487325_3_44967,487325_DEF,487325_3,,2023-02-10,8,
487325_3_44970,487325_DEF,487325_3,,2023-02-13,8,
487325_3_44971,487325_DEF,487325_3,,2023-02-14,8,
487325_3_44972,487325_DEF,487325_3,,2023-02-15,8,
487325_3_44973,487325_DEF,487325_3,,2023-02-16,8,
487325_3_44974,487325_DEF,487325_3,,2023-02-17,8,
487325_3_44977,487325_DEF,487325_3,,2023-02-20,8,
487325_3_44978,487325_DEF,487325_3,,2023-02-21,8,
487325_3_44979,487325_DEF,487325_3,,2023-02-22,8,
487325_3_44980,487325_DEF,487325_3,,2023-02-23,8,
487325_3_44981,487325_DEF,487325_3,,2023-02-24,8,
487325_3_44984,487325_DEF,487325_3,,2023-02-27,8,
487325_3_44985,487325_DEF,487325_3,,2023-02-28,8,
487325_3_44986,487325_DEF,487325_3,,2023-03-01,8,
487325_3_44987,487325_DEF,487325_3,,2023-03-02,8,
487325_3_44988,487325_DEF,487325_3,,2023-03-03,8,
487325_3_44991,487325_DEF,487325_3,,2023-03-06,8,
487325_3_44992,487325_DEF,487325_3,,2023-03-07,8,
487325_3_44993,487325_DEF,487325_3,,2023-03-08,8,
487325_3_44994,487325_DEF,487325_3,,2023-03-09,8,
487325_3_44995,487325_DEF,487325_3,,2023-03-10,8,
487325_3_44998,487325_DEF,487325_3,,2023-03-13,8,
487325_3_44999,487325_DEF,487325_3,,2023-03-14,8,
487325_3_45000,487325_DEF,487325_3,,2023-03-15,8,
487325_3_45001,487325_DEF,487325_3,,2023-03-16,8,
487325_3_45002,487325_DEF,487325_3,,2023-03-17,8,
487325_3_45005,487325_DEF,487325_3,,2023-03-20,8,
487325_3_45006,487325_DEF,487325_3,,2023-03-21,8,
487325_3_45007,487325_DEF,487325_3,,2023-03-22,8,
487325_3_45008,487325_DEF,487325_3,,2023-03-23,8,
487325_3_45009,487325_DEF,487325_3,,2023-03-24,8,
487325_3_45012,487325_DEF,487325_3,,2023-03-27,8,
487325_3_45013,487325_DEF,487325_3,,2023-03-28,8,
487325_3_45014,487325_DEF,487325_3,,2023-03-29,8,
487325_3_45015,487325_DEF,487325_3,,2023-03-30,8,
487325_3_45016,487325_DEF,487325_3,,2023-03-31,8,
487325_3_45019,487325_DEF,487325_3,,2023-04-03,8,
487325_3_45020,487325_DEF,487325_3,,2023-04-04,8,
487325_3_45021,487325_DEF,487325_3,,2023-04-05,8,
487325_3_45022,487325_DEF,487325_3,,2023-04-06,8,
487325_3_45023,487325_DEF,487325_3,,2023-04-07,8,
487325_3_45026,487325_DEF,487325_3,,2023-04-10,8,
487325_3_45027,487325_DEF,487325_3,,2023-04-11,8,
487325_3_45028,487325_DEF,487325_3,,2023-04-12,8,
487325_3_45029,487325_DEF,487325_3,,2023-04-13,8,
487325_3_45030,487325_DEF,487325_3,,2023-04-14,8,
487325_3_45033,487325_DEF,487325_3,,2023-04-17,8,
487325_3_45034,487325_DEF,487325_3,,2023-04-18,8,
487325_3_45035,487325_DEF,487325_3,,2023-04-19,8,
487325_3_45036,487325_DEF,487325_3,,2023-04-20,8,
487325_3_45037,487325_DEF,487325_3,,2023-04-21,8,
487325_3_45040,487325_DEF,487325_3,,2023-04-24,8,
487325_3_45041,487325_DEF,487325_3,,2023-04-25,8,
487325_3_45042,487325_DEF,487325_3,,2023-04-26,8,
487325_3_45043,487325_DEF,487325_3,,2023-04-27,8,
487325_3_45044,487325_DEF,487325_3,,2023-04-28,8,
487325_3_45047,487325_DEF,487325_3,,2023-05-01,8,
487325_3_45048,487325_DEF,487325_3,,2023-05-02,8,
487325_3_45049,487325_DEF,487325_3,,2023-05-03,8,
487325_3_45050,487325_DEF,487325_3,,2023-05-04,8,
487325_3_45051,487325_DEF,487325_3,,2023-05-05,8,
487325_3_45054,487325_DEF,487325_3,,2023-05-08,8,
487325_3_45055,487325_DEF,487325_3,,2023-05-09,8,
487325_3_45056,487325_DEF,487325_3,,2023-05-10,8,
487325_3_45057,487325_DEF,487325_3,,2023-05-11,8,
487325_3_45058,487325_DEF,487325_3,,2023-05-12,8,
487325_3_45061,487325_DEF,487325_3,,2023-05-15,8,
487325_3_45062,487325_DEF,487325_3,,2023-05-16,8,
487325_3_45063,487325_DEF,487325_3,,2023-05-17,8,
487325_3_45064,487325_DEF,487325_3,,2023-05-18,8,
487325_3_45065,487325_DEF,487325_3,,2023-05-19,8,
487325_3_45068,487325_DEF,487325_3,,2023-05-22,8,
487325_3_45069,487325_DEF,487325_3,,2023-05-23,8,
487325_3_45070,487325_DEF,487325_3,,2023-05-24,8,
487325_3_45071,487325_DEF,487325_3,,2023-05-25,8,
487325_3_45072,487325_DEF,487325_3,,2023-05-26,8,
487325_3_45075,487325_DEF,487325_3,,2023-05-29,8,
487325_3_45076,487325_DEF,487325_3,,2023-05-30,8,
513927_3_45042,513927_AML,513927_3,,2023-04-26,8,
513927_3_45043,513927_AML,513927_3,,2023-04-27,8,
513927_3_45044,513927_AML,513927_3,,2023-04-28,8,
513927_3_45047,513927_AML,513927_3,,2023-05-01,8,
513927_3_45048,513927_AML,513927_3,,2023-05-02,8,
513927_3_45049,513927_AML,513927_3,,2023-05-03,8,
513927_3_45050,513927_AML,513927_3,,2023-05-04,8,
513927_3_45051,513927_AML,513927_3,,2023-05-05,8,
513927_3_45054,513927_AML,513927_3,,2023-05-08,8,
513927_3_45055,513927_AML,513927_3,,2023-05-09,8,
513927_3_45056,513927_AML,513927_3,,2023-05-10,8,
513927_3_45057,513927_AML,513927_3,,2023-05-11,8,
513927_3_45058,513927_AML,513927_3,,2023-05-12,8,
513927_3_45061,513927_AML,513927_3,,2023-05-15,8,
513927_3_45062,513927_AML,513927_3,,2023-05-16,8,
513927_3_45063,513927_AML,513927_3,,2023-05-17,8,
513927_3_45064,513927_AML,513927_3,,2023-05-18,8,
513927_3_45065,513927_AML,513927_3,,2023-05-19,8,
513927_3_45068,513927_AML,513927_3,,2023-05-22,8,
513927_3_45069,513927_AML,513927_3,,2023-05-23,8,
513927_3_45070,513927_AML,513927_3,,2023-05-24,8,
513927_3_45071,513927_AML,513927_3,,2023-05-25,8,
513927_3_45072,513927_AML,513927_3,,2023-05-26,8,
513927_3_45075,513927_AML,513927_3,,2023-05-29,8,
513927_3_45076,513927_AML,513927_3,,2023-05-30,8,
513927_3_45077,513927_AML,513927_3,,2023-05-31,8,
513927_3_45078,513927_AML,513927_3,,2023-06-01,8,
513927_3_45079,513927_AML,513927_3,,2023-06-02,8,
513927_3_45082,513927_AML,513927_3,,2023-06-05,8,
513927_3_45083,513927_AML,513927_3,,2023-06-06,8,
513927_3_45084,513927_AML,513927_3,,2023-06-07,8,
513927_3_45085,513927_AML,513927_3,,2023-06-08,8,
513927_3_45086,513927_AML,513927_3,,2023-06-09,8,
513927_3_45089,513927_AML,513927_3,,2023-06-12,8,
513927_3_45090,513927_AML,513927_3,,2023-06-13,8,
513927_3_45091,513927_AML,513927_3,,2023-06-14,8,
513927_3_45092,513927_AML,513927_3,,2023-06-15,8,
513927_3_45093,513927_AML,513927_3,,2023-06-16,8,
513927_3_45096,513927_AML,513927_3,,2023-06-19,8,
513927_3_45097,513927_AML,513927_3,,2023-06-20,8,
513927_3_45098,513927_AML,513927_3,,2023-06-21,8,
513927_3_45099,513927_AML,513927_3,,2023-06-22,8,
513927_3_45100,513927_AML,513927_3,,2023-06-23,8,
513927_3_45103,513927_AML,513927_3,,2023-06-26,8,
513927_3_45104,513927_AML,513927_3,,2023-06-27,8,
513927_3_45105,513927_AML,513927_3,,2023-06-28,8,
513927_3_45106,513927_AML,513927_3,,2023-06-29,8,
513927_3_45107,513927_AML,513927_3,,2023-06-30,8,
513927_3_45110,513927_AML,513927_3,,2023-07-03,8,
513927_3_45111,513927_AML,513927_3,,2023-07-04,8,
513927_3_45112,513927_AML,513927_3,,2023-07-05,8,
513927_3_45113,513927_AML,513927_3,,2023-07-06,8,
513927_3_45114,513927_AML,513927_3,,2023-07-07,8,
513927_3_45117,513927_AML,513927_3,,2023-07-10,8,
513927_3_45118,513927_AML,513927_3,,2023-07-11,8,
513927_3_45119,513927_AML,513927_3,,2023-07-12,8,
513927_3_45120,513927_AML,513927_3,,2023-07-13,8,
513927_3_45121,513927_AML,513927_3,,2023-07-14,8,
513927_3_45124,513927_AML,513927_3,,2023-07-17,8,
513927_3_45125,513927_AML,513927_3,,2023-07-18,8,
513927_3_45126,513927_AML,513927_3,,2023-07-19,8,
513927_3_45127,513927_AML,513927_3,,2023-07-20,8,
513927_3_45128,513927_AML,513927_3,,2023-07-21,8,
513927_3_45131,513927_AML,513927_3,,2023-07-24,8,
513927_3_45132,513927_AML,513927_3,,2023-07-25,8,
513927_3_45133,513927_AML,513927_3,,2023-07-26,8,
513927_3_45134,513927_AML,513927_3,,2023-07-27,8,
513927_3_45135,513927_AML,513927_3,,2023-07-28,8,
513927_3_45138,513927_AML,513927_3,,2023-07-31,8,
513927_3_45139,513927_AML,513927_3,,2023-08-01,8,
513927_3_45140,513927_AML,513927_3,,2023-08-02,8,
513927_3_45141,513927_AML,513927_3,,2023-08-03,8,
513927_3_45142,513927_AML,513927_3,,2023-08-04,8,
513927_3_45145,513927_AML,513927_3,,2023-08-07,8,
513927_3_45146,513927_AML,513927_3,,2023-08-08,8,
513927_3_45147,513927_AML,513927_3,,2023-08-09,8,
513927_3_45148,513927_AML,513927_3,,2023-08-10,8,
513927_3_45149,513927_AML,513927_3,,2023-08-11,8,
513927_3_45152,513927_AML,513927_3,,2023-08-14,8,
513927_3_45153,513927_AML,513927_3,,2023-08-15,8,
513927_3_45154,513927_AML,513927_3,,2023-08-16,8,
513927_3_45155,513927_AML,513927_3,,2023-08-17,8,
513927_3_45156,513927_AML,513927_3,,2023-08-18,8,
513927_3_45159,513927_AML,513927_3,,2023-08-21,8,
513927_3_45160,513927_AML,513927_3,,2023-08-22,8,
513927_3_45161,513927_AML,513927_3,,2023-08-23,8,
513927_3_45162,513927_AML,513927_3,,2023-08-24,8,
513927_3_45163,513927_AML,513927_3,,2023-08-25,8,
513927_3_45166,513927_AML,513927_3,,2023-08-28,8,
513927_3_45167,513927_AML,513927_3,,2023-08-29,8,
513927_3_45168,513927_AML,513927_3,,2023-08-30,8,
513927_3_45169,513927_AML,513927_3,,2023-08-31,8,
513927_3_45170,513927_AML,513927_3,,2023-09-01,8,
510743_3_45014,510743_AML,510743_3,,2023-03-29,8,
510743_3_45015,510743_AML,510743_3,,2023-03-30,8,
510743_3_45016,510743_AML,510743_3,,2023-03-31,8,
510743_3_45019,510743_AML,510743_3,,2023-04-03,8,
510743_3_45020,510743_AML,510743_3,,2023-04-04,8,
510743_3_45021,510743_AML,510743_3,,2023-04-05,8,
510743_3_45022,510743_AML,510743_3,,2023-04-06,8,
510743_3_45023,510743_AML,510743_3,,2023-04-07,8,
510743_3_45026,510743_AML,510743_3,,2023-04-10,8,
510743_3_45027,510743_AML,510743_3,,2023-04-11,8,
510743_3_45028,510743_AML,510743_3,,2023-04-12,8,
510743_3_45029,510743_AML,510743_3,,2023-04-13,8,
510743_3_45030,510743_AML,510743_3,,2023-04-14,8,
510743_3_45033,510743_AML,510743_3,,2023-04-17,8,
510743_3_45034,510743_AML,510743_3,,2023-04-18,8,
510743_3_45035,510743_AML,510743_3,,2023-04-19,8,
510743_3_45036,510743_AML,510743_3,,2023-04-20,8,
510743_3_45037,510743_AML,510743_3,,2023-04-21,8,
510743_3_45040,510743_AML,510743_3,,2023-04-24,8,
510743_3_45041,510743_AML,510743_3,,2023-04-25,8,
510743_3_45042,510743_AML,510743_3,,2023-04-26,8,
510743_3_45043,510743_AML,510743_3,,2023-04-27,8,
510743_3_45044,510743_AML,510743_3,,2023-04-28,8,
510743_3_45047,510743_AML,510743_3,,2023-05-01,8,
510743_3_45048,510743_AML,510743_3,,2023-05-02,8,
510743_3_45049,510743_AML,510743_3,,2023-05-03,8,
510743_3_45050,510743_AML,510743_3,,2023-05-04,8,
510743_3_45051,510743_AML,510743_3,,2023-05-05,8,
510743_3_45054,510743_AML,510743_3,,2023-05-08,8,
510743_3_45055,510743_AML,510743_3,,2023-05-09,8,
510743_3_45056,510743_AML,510743_3,,2023-05-10,8,
510743_3_45057,510743_AML,510743_3,,2023-05-11,8,
510743_3_45058,510743_AML,510743_3,,2023-05-12,8,
510743_3_45061,510743_AML,510743_3,,2023-05-15,8,
510743_3_45062,510743_AML,510743_3,,2023-05-16,8,
510743_3_45063,510743_AML,510743_3,,2023-05-17,8,
510743_3_45064,510743_AML,510743_3,,2023-05-18,8,
510743_3_45065,510743_AML,510743_3,,2023-05-19,8,
510743_3_45068,510743_AML,510743_3,,2023-05-22,8,
510743_3_45069,510743_AML,510743_3,,2023-05-23,8,
510743_3_45070,510743_AML,510743_3,,2023-05-24,8,
510743_3_45071,510743_AML,510743_3,,2023-05-25,8,
510743_3_45072,510743_AML,510743_3,,2023-05-26,8,
510743_3_45075,510743_AML,510743_3,,2023-05-29,8,
510743_3_45076,510743_AML,510743_3,,2023-05-30,8,
510743_3_45077,510743_AML,510743_3,,2023-05-31,8,
510743_3_45078,510743_AML,510743_3,,2023-06-01,8,
510743_3_45079,510743_AML,510743_3,,2023-06-02,8,
510743_3_45082,510743_AML,510743_3,,2023-06-05,8,
510743_3_45083,510743_AML,510743_3,,2023-06-06,8,
510743_3_45084,510743_AML,510743_3,,2023-06-07,8,
510743_3_45085,510743_AML,510743_3,,2023-06-08,8,
510743_3_45086,510743_AML,510743_3,,2023-06-09,8,
510743_3_45089,510743_AML,510743_3,,2023-06-12,8,
510743_3_45090,510743_AML,510743_3,,2023-06-13,8,
510743_3_45091,510743_AML,510743_3,,2023-06-14,8,
510743_3_45092,510743_AML,510743_3,,2023-06-15,8,
510743_3_45093,510743_AML,510743_3,,2023-06-16,8,
510743_3_45096,510743_AML,510743_3,,2023-06-19,8,
510743_3_45097,510743_AML,510743_3,,2023-06-20,8,
510743_3_45098,510743_AML,510743_3,,2023-06-21,8,
510743_3_45099,510743_AML,510743_3,,2023-06-22,8,
510743_3_45100,510743_AML,510743_3,,2023-06-23,8,
510743_3_45103,510743_AML,510743_3,,2023-06-26,8,
510743_3_45104,510743_AML,510743_3,,2023-06-27,8,
510743_3_45105,510743_AML,510743_3,,2023-06-28,8,
510743_3_45106,510743_AML,510743_3,,2023-06-29,8,
510743_3_45107,510743_AML,510743_3,,2023-06-30,8,
510743_3_45110,510743_AML,510743_3,,2023-07-03,8,
510743_3_45111,510743_AML,510743_3,,2023-07-04,8,
510743_3_45112,510743_AML,510743_3,,2023-07-05,8,
510743_3_45113,510743_AML,510743_3,,2023-07-06,8,
510743_3_45114,510743_AML,510743_3,,2023-07-07,8,
510743_3_45117,510743_AML,510743_3,,2023-07-10,8,
510743_3_45118,510743_AML,510743_3,,2023-07-11,8,
510743_3_45119,510743_AML,510743_3,,2023-07-12,8,
510743_3_45120,510743_AML,510743_3,,2023-07-13,8,
510743_3_45121,510743_AML,510743_3,,2023-07-14,8,
510743_3_45124,510743_AML,510743_3,,2023-07-17,8,
510743_3_45125,510743_AML,510743_3,,2023-07-18,8,
510743_3_45126,510743_AML,510743_3,,2023-07-19,8,
510743_3_45127,510743_AML,510743_3,,2023-07-20,8,
510743_3_45128,510743_AML,510743_3,,2023-07-21,8,
510743_3_45131,510743_AML,510743_3,,2023-07-24,8,
510743_3_45132,510743_AML,510743_3,,2023-07-25,8,
510743_3_45133,510743_AML,510743_3,,2023-07-26,8,
510743_3_45134,510743_AML,510743_3,,2023-07-27,8,
510743_3_45135,510743_AML,510743_3,,2023-07-28,8,
510743_3_45138,510743_AML,510743_3,,2023-07-31,8,
510743_3_45139,510743_AML,510743_3,,2023-08-01,8,
510743_3_45140,510743_AML,510743_3,,2023-08-02,8,
510743_3_45141,510743_AML,510743_3,,2023-08-03,8,
510743_3_45142,510743_AML,510743_3,,2023-08-04,8,
510743_3_45145,510743_AML,510743_3,,2023-08-07,8,
510743_3_45146,510743_AML,510743_3,,2023-08-08,8,
510743_3_45147,510743_AML,510743_3,,2023-08-09,8,
510743_3_45148,510743_AML,510743_3,,2023-08-10,8,
510743_3_45149,510743_AML,510743_3,,2023-08-11,8,
510743_3_45152,510743_AML,510743_3,,2023-08-14,8,
510743_3_45153,510743_AML,510743_3,,2023-08-15,8,
510743_3_45154,510743_AML,510743_3,,2023-08-16,8,
510743_3_45155,510743_AML,510743_3,,2023-08-17,8,
510743_3_45156,510743_AML,510743_3,,2023-08-18,8,
510743_3_45159,510743_AML,510743_3,,2023-08-21,8,
510743_3_45160,510743_AML,510743_3,,2023-08-22,8,
510743_3_45161,510743_AML,510743_3,,2023-08-23,8,
510743_3_45162,510743_AML,510743_3,,2023-08-24,8,
510743_3_45163,510743_AML,510743_3,,2023-08-25,8,
510743_3_45166,510743_AML,510743_3,,2023-08-28,8,
510743_3_45167,510743_AML,510743_3,,2023-08-29,8,
510743_3_45168,510743_AML,510743_3,,2023-08-30,8,
510743_3_45169,510743_AML,510743_3,,2023-08-31,8,
510743_3_45170,510743_AML,510743_3,,2023-09-01,8,
464606_3_44676,464606_ALT,464606_3,,2022-04-25,8,
464606_3_44677,464606_ALT,464606_3,,2022-04-26,8,
464606_3_44678,464606_ALT,464606_3,,2022-04-27,8,
464606_3_44679,464606_ALT,464606_3,,2022-04-28,8,
464606_3_44680,464606_ALT,464606_3,,2022-04-29,8,
464606_3_44683,464606_ALT,464606_3,,2022-05-02,8,
464606_3_44684,464606_ALT,464606_3,,2022-05-03,8,
464606_3_44685,464606_ALT,464606_3,,2022-05-04,8,
464606_3_44686,464606_ALT,464606_3,,2022-05-05,8,
464606_3_44687,464606_ALT,464606_3,,2022-05-06,8,
464606_3_44690,464606_ALT,464606_3,,2022-05-09,8,
464606_3_44691,464606_ALT,464606_3,,2022-05-10,8,
464606_3_44692,464606_ALT,464606_3,,2022-05-11,8,
464606_3_44693,464606_ALT,464606_3,,2022-05-12,8,
464606_3_44694,464606_ALT,464606_3,,2022-05-13,8,
464606_3_44697,464606_ALT,464606_3,,2022-05-16,8,
464606_3_44698,464606_ALT,464606_3,,2022-05-17,8,
464606_3_44699,464606_ALT,464606_3,,2022-05-18,8,
464606_3_44700,464606_ALT,464606_3,,2022-05-19,8,
464606_3_44701,464606_ALT,464606_3,,2022-05-20,8,
464606_3_44704,464606_ALT,464606_3,,2022-05-23,8,
464606_3_44705,464606_ALT,464606_3,,2022-05-24,8,
464606_3_44706,464606_ALT,464606_3,,2022-05-25,8,
464606_3_44707,464606_ALT,464606_3,,2022-05-26,8,
464606_3_44708,464606_ALT,464606_3,,2022-05-27,8,
464606_3_44711,464606_ALT,464606_3,,2022-05-30,8,
464606_3_44712,464606_ALT,464606_3,,2022-05-31,8,
464606_3_44713,464606_ALT,464606_3,,2022-06-01,8,
464606_3_44714,464606_ALT,464606_3,,2022-06-02,8,
464606_3_44715,464606_ALT,464606_3,,2022-06-03,8,
464606_3_44718,464606_ALT,464606_3,,2022-06-06,8,
464606_3_44719,464606_ALT,464606_3,,2022-06-07,8,
464606_3_44720,464606_ALT,464606_3,,2022-06-08,8,
464606_3_44721,464606_ALT,464606_3,,2022-06-09,8,
464606_3_44722,464606_ALT,464606_3,,2022-06-10,8,
464606_3_44725,464606_ALT,464606_3,,2022-06-13,8,
464606_3_44726,464606_ALT,464606_3,,2022-06-14,8,
464606_3_44727,464606_ALT,464606_3,,2022-06-15,8,
464606_3_44728,464606_ALT,464606_3,,2022-06-16,8,
464606_3_44729,464606_ALT,464606_3,,2022-06-17,8,
464606_3_44732,464606_ALT,464606_3,,2022-06-20,8,
464606_3_44733,464606_ALT,464606_3,,2022-06-21,8,
464606_3_44734,464606_ALT,464606_3,,2022-06-22,8,
464606_3_44735,464606_ALT,464606_3,,2022-06-23,8,
464606_3_44736,464606_ALT,464606_3,,2022-06-24,8,
464606_3_44739,464606_ALT,464606_3,,2022-06-27,8,
464606_3_44740,464606_ALT,464606_3,,2022-06-28,8,
464606_3_44741,464606_ALT,464606_3,,2022-06-29,8,
464606_3_44742,464606_ALT,464606_3,,2022-06-30,8,
519001_4_45083,519001_AML,519001_4,,2023-06-06,8,
519001_4_45084,519001_AML,519001_4,,2023-06-07,8,
519001_4_45085,519001_AML,519001_4,,2023-06-08,8,
519001_4_45086,519001_AML,519001_4,,2023-06-09,8,
519001_4_45089,519001_AML,519001_4,,2023-06-12,8,
519001_4_45090,519001_AML,519001_4,,2023-06-13,8,
519001_4_45091,519001_AML,519001_4,,2023-06-14,8,
519001_4_45092,519001_AML,519001_4,,2023-06-15,8,
519001_4_45093,519001_AML,519001_4,,2023-06-16,8,
519001_4_45096,519001_AML,519001_4,,2023-06-19,8,
519001_4_45097,519001_AML,519001_4,,2023-06-20,8,
519001_4_45098,519001_AML,519001_4,,2023-06-21,8,
519001_4_45099,519001_AML,519001_4,,2023-06-22,8,
519001_4_45100,519001_AML,519001_4,,2023-06-23,8,
519001_4_45103,519001_AML,519001_4,,2023-06-26,8,
519001_4_45104,519001_AML,519001_4,,2023-06-27,8,
519001_4_45105,519001_AML,519001_4,,2023-06-28,8,
519001_4_45106,519001_AML,519001_4,,2023-06-29,8,
519001_4_45107,519001_AML,519001_4,,2023-06-30,8,
519001_4_45110,519001_AML,519001_4,,2023-07-03,8,
519001_4_45111,519001_AML,519001_4,,2023-07-04,8,
519001_4_45112,519001_AML,519001_4,,2023-07-05,8,
519001_4_45113,519001_AML,519001_4,,2023-07-06,8,
519001_4_45114,519001_AML,519001_4,,2023-07-07,8,
519001_4_45117,519001_AML,519001_4,,2023-07-10,8,
519001_4_45118,519001_AML,519001_4,,2023-07-11,8,
519001_4_45119,519001_AML,519001_4,,2023-07-12,8,
519001_4_45120,519001_AML,519001_4,,2023-07-13,8,
519001_4_45121,519001_AML,519001_4,,2023-07-14,8,
519001_4_45124,519001_AML,519001_4,,2023-07-17,8,
519001_4_45125,519001_AML,519001_4,,2023-07-18,8,
519001_4_45126,519001_AML,519001_4,,2023-07-19,8,
519001_4_45127,519001_AML,519001_4,,2023-07-20,8,
519001_4_45128,519001_AML,519001_4,,2023-07-21,8,
519001_4_45131,519001_AML,519001_4,,2023-07-24,8,
519001_4_45132,519001_AML,519001_4,,2023-07-25,8,
519001_4_45133,519001_AML,519001_4,,2023-07-26,8,
519001_4_45134,519001_AML,519001_4,,2023-07-27,8,
519001_4_45135,519001_AML,519001_4,,2023-07-28,8,
519001_4_45138,519001_AML,519001_4,,2023-07-31,8,
519001_4_45139,519001_AML,519001_4,,2023-08-01,8,
519001_4_45140,519001_AML,519001_4,,2023-08-02,8,
519001_4_45141,519001_AML,519001_4,,2023-08-03,8,
519001_4_45142,519001_AML,519001_4,,2023-08-04,8,
519001_4_45145,519001_AML,519001_4,,2023-08-07,8,
519001_4_45146,519001_AML,519001_4,,2023-08-08,8,
468251_4_44718,468251_EBA,468251_4,,2022-06-06,8,
468251_4_44719,468251_EBA,468251_4,,2022-06-07,8,
468251_4_44720,468251_EBA,468251_4,,2022-06-08,8,
468251_4_44721,468251_EBA,468251_4,,2022-06-09,8,
468251_4_44722,468251_EBA,468251_4,,2022-06-10,8,
468251_4_44725,468251_EBA,468251_4,,2022-06-13,8,
468251_4_44726,468251_EBA,468251_4,,2022-06-14,8,
468251_4_44727,468251_EBA,468251_4,,2022-06-15,8,
468251_4_44728,468251_EBA,468251_4,,2022-06-16,8,
468251_4_44729,468251_EBA,468251_4,,2022-06-17,8,
468251_4_44732,468251_EBA,468251_4,,2022-06-20,8,
468251_4_44733,468251_EBA,468251_4,,2022-06-21,8,
468251_4_44734,468251_EBA,468251_4,,2022-06-22,8,
468251_4_44735,468251_EBA,468251_4,,2022-06-23,8,
468251_4_44736,468251_EBA,468251_4,,2022-06-24,8,
468251_4_44739,468251_EBA,468251_4,,2022-06-27,8,
468251_4_44740,468251_EBA,468251_4,,2022-06-28,8,
468251_4_44741,468251_EBA,468251_4,,2022-06-29,8,
468251_4_44742,468251_EBA,468251_4,,2022-06-30,8,
468251_4_44743,468251_EBA,468251_4,,2022-07-01,8,
468251_4_44746,468251_EBA,468251_4,,2022-07-04,8,
468251_4_44747,468251_EBA,468251_4,,2022-07-05,8,
468251_4_44748,468251_EBA,468251_4,,2022-07-06,8,
468251_4_44749,468251_EBA,468251_4,,2022-07-07,8,
468251_4_44750,468251_EBA,468251_4,,2022-07-08,8,
468251_4_44753,468251_EBA,468251_4,,2022-07-11,8,
468251_4_44754,468251_EBA,468251_4,,2022-07-12,8,
468251_4_44755,468251_EBA,468251_4,,2022-07-13,8,
468251_4_44756,468251_EBA,468251_4,,2022-07-14,8,
468251_4_44757,468251_EBA,468251_4,,2022-07-15,8,
468251_4_44760,468251_EBA,468251_4,,2022-07-18,8,
468251_4_44761,468251_EBA,468251_4,,2022-07-19,8,
468251_4_44762,468251_EBA,468251_4,,2022-07-20,8,
468251_4_44763,468251_EBA,468251_4,,2022-07-21,8,
468251_4_44764,468251_EBA,468251_4,,2022-07-22,8,
468251_4_44767,468251_EBA,468251_4,,2022-07-25,8,
468251_4_44768,468251_EBA,468251_4,,2022-07-26,8,
468251_4_44769,468251_EBA,468251_4,,2022-07-27,8,
468251_4_44770,468251_EBA,468251_4,,2022-07-28,8,
468251_4_44771,468251_EBA,468251_4,,2022-07-29,8,
390914_4_44104,390914_FEA,390914_4,,2020-09-30,8,
390914_4_44105,390914_FEA,390914_4,,2020-10-01,8,
390914_4_44106,390914_FEA,390914_4,,2020-10-02,8,
390914_4_44109,390914_FEA,390914_4,,2020-10-05,8,
390914_4_44110,390914_FEA,390914_4,,2020-10-06,8,
390914_4_44111,390914_FEA,390914_4,,2020-10-07,8,
390914_4_44112,390914_FEA,390914_4,,2020-10-08,8,
390914_4_44113,390914_FEA,390914_4,,2020-10-09,8,
390914_4_44116,390914_FEA,390914_4,,2020-10-12,8,
390914_4_44117,390914_FEA,390914_4,,2020-10-13,8,
390914_4_44118,390914_FEA,390914_4,,2020-10-14,8,
390914_4_44119,390914_FEA,390914_4,,2020-10-15,8,
390914_4_44120,390914_FEA,390914_4,,2020-10-16,8,
390914_4_44123,390914_FEA,390914_4,,2020-10-19,8,
390914_4_44124,390914_FEA,390914_4,,2020-10-20,8,
390914_4_44125,390914_FEA,390914_4,,2020-10-21,8,
390914_4_44126,390914_FEA,390914_4,,2020-10-22,8,
390914_4_44127,390914_FEA,390914_4,,2020-10-23,8,
390914_4_44130,390914_FEA,390914_4,,2020-10-26,8,
390914_4_44131,390914_FEA,390914_4,,2020-10-27,8,
390914_4_44132,390914_FEA,390914_4,,2020-10-28,8,
390914_4_44133,390914_FEA,390914_4,,2020-10-29,8,
390914_4_44134,390914_FEA,390914_4,,2020-10-30,8,
390914_4_44137,390914_FEA,390914_4,,2020-11-02,8,
390914_4_44138,390914_FEA,390914_4,,2020-11-03,8,
390914_4_44139,390914_FEA,390914_4,,2020-11-04,8,
390914_4_44140,390914_FEA,390914_4,,2020-11-05,8,
390914_4_44141,390914_FEA,390914_4,,2020-11-06,8,
390914_4_44144,390914_FEA,390914_4,,2020-11-09,8,
390914_4_44145,390914_FEA,390914_4,,2020-11-10,8,
390914_4_44146,390914_FEA,390914_4,,2020-11-11,8,
390914_4_44147,390914_FEA,390914_4,,2020-11-12,8,
390914_4_44148,390914_FEA,390914_4,,2020-11-13,8,
390914_4_44151,390914_FEA,390914_4,,2020-11-16,8,
390914_4_44152,390914_FEA,390914_4,,2020-11-17,8,
390914_4_44153,390914_FEA,390914_4,,2020-11-18,8,
390914_4_44154,390914_FEA,390914_4,,2020-11-19,8,
390914_4_44155,390914_FEA,390914_4,,2020-11-20,8,
390914_4_44158,390914_FEA,390914_4,,2020-11-23,8,
390914_4_44159,390914_FEA,390914_4,,2020-11-24,8,
390914_4_44160,390914_FEA,390914_4,,2020-11-25,8,
390914_4_44161,390914_FEA,390914_4,,2020-11-26,8,
390914_4_44162,390914_FEA,390914_4,,2020-11-27,8,
390914_4_44165,390914_FEA,390914_4,,2020-11-30,8,
390914_4_44166,390914_FEA,390914_4,,2020-12-01,8,
390914_4_44167,390914_FEA,390914_4,,2020-12-02,8,
390914_4_44168,390914_FEA,390914_4,,2020-12-03,8,
390914_4_44169,390914_FEA,390914_4,,2020-12-04,8,
390914_4_44172,390914_FEA,390914_4,,2020-12-07,8,
390914_4_44173,390914_FEA,390914_4,,2020-12-08,8,
390914_4_44174,390914_FEA,390914_4,,2020-12-09,8,
390914_4_44175,390914_FEA,390914_4,,2020-12-10,8,
390914_4_44176,390914_FEA,390914_4,,2020-12-11,8,
390914_4_44179,390914_FEA,390914_4,,2020-12-14,8,
390914_4_44180,390914_FEA,390914_4,,2020-12-15,8,
390914_4_44181,390914_FEA,390914_4,,2020-12-16,8,
390914_4_44182,390914_FEA,390914_4,,2020-12-17,8,
390914_4_44183,390914_FEA,390914_4,,2020-12-18,8,
390914_4_44186,390914_FEA,390914_4,,2020-12-21,8,
390914_4_44187,390914_FEA,390914_4,,2020-12-22,8,
390914_4_44188,390914_FEA,390914_4,,2020-12-23,8,
390914_4_44189,390914_FEA,390914_4,,2020-12-24,8,
390914_4_44190,390914_FEA,390914_4,,2020-12-25,8,
390914_4_44193,390914_FEA,390914_4,,2020-12-28,8,
390914_4_44194,390914_FEA,390914_4,,2020-12-29,8,
390914_4_44195,390914_FEA,390914_4,,2020-12-30,8,
390914_4_44196,390914_FEA,390914_4,,2020-12-31,8,
390914_4_44197,390914_FEA,390914_4,,2021-01-01,8,
390914_4_44200,390914_FEA,390914_4,,2021-01-04,8,
390914_4_44201,390914_FEA,390914_4,,2021-01-05,8,
390914_4_44202,390914_FEA,390914_4,,2021-01-06,8,
390914_4_44203,390914_FEA,390914_4,,2021-01-07,8,
390914_4_44204,390914_FEA,390914_4,,2021-01-08,8,
390914_4_44207,390914_FEA,390914_4,,2021-01-11,8,
390914_4_44208,390914_FEA,390914_4,,2021-01-12,8,
446667_4_43852,446667_DEC,446667_4,,2020-01-22,8,
446667_4_43853,446667_DEC,446667_4,,2020-01-23,8,
446667_4_43854,446667_DEC,446667_4,,2020-01-24,8,
446667_4_43857,446667_DEC,446667_4,,2020-01-27,8,
446667_4_43858,446667_DEC,446667_4,,2020-01-28,8,
446667_4_43859,446667_DEC,446667_4,,2020-01-29,8,
446667_4_43860,446667_DEC,446667_4,,2020-01-30,8,
446667_4_43861,446667_DEC,446667_4,,2020-01-31,8,
446667_4_43864,446667_DEC,446667_4,,2020-02-03,8,
446667_4_43865,446667_DEC,446667_4,,2020-02-04,8,
446667_4_43866,446667_DEC,446667_4,,2020-02-05,8,
446667_4_43867,446667_DEC,446667_4,,2020-02-06,8,
446667_4_43868,446667_DEC,446667_4,,2020-02-07,8,
446667_4_43871,446667_DEC,446667_4,,2020-02-10,8,
446667_4_43872,446667_DEC,446667_4,,2020-02-11,8,
446667_4_43873,446667_DEC,446667_4,,2020-02-12,8,
446667_4_43874,446667_DEC,446667_4,,2020-02-13,8,
446667_4_43875,446667_DEC,446667_4,,2020-02-14,8,
446667_4_43878,446667_DEC,446667_4,,2020-02-17,8,
446667_4_43879,446667_DEC,446667_4,,2020-02-18,8,
446667_4_43880,446667_DEC,446667_4,,2020-02-19,8,
446667_4_43881,446667_DEC,446667_4,,2020-02-20,8,
446667_4_43882,446667_DEC,446667_4,,2020-02-21,8,
446667_4_43885,446667_DEC,446667_4,,2020-02-24,8,
446667_4_43886,446667_DEC,446667_4,,2020-02-25,8,
446667_4_43887,446667_DEC,446667_4,,2020-02-26,8,
446667_4_43888,446667_DEC,446667_4,,2020-02-27,8,
446667_4_43889,446667_DEC,446667_4,,2020-02-28,8,
446667_4_43892,446667_DEC,446667_4,,2020-03-02,8,
446667_4_43893,446667_DEC,446667_4,,2020-03-03,8,
446667_4_43894,446667_DEC,446667_4,,2020-03-04,8,
446667_4_43895,446667_DEC,446667_4,,2020-03-05,8,
446667_4_43896,446667_DEC,446667_4,,2020-03-06,8,
446667_4_43899,446667_DEC,446667_4,,2020-03-09,8,
446667_4_43900,446667_DEC,446667_4,,2020-03-10,8,
446667_4_43901,446667_DEC,446667_4,,2020-03-11,8,
446667_4_43902,446667_DEC,446667_4,,2020-03-12,8,
446667_4_43903,446667_DEC,446667_4,,2020-03-13,8,
446667_4_43906,446667_DEC,446667_4,,2020-03-16,8,
446667_4_43907,446667_DEC,446667_4,,2020-03-17,8,
446667_4_43908,446667_DEC,446667_4,,2020-03-18,8,
446667_4_43909,446667_DEC,446667_4,,2020-03-19,8,
446667_4_43910,446667_DEC,446667_4,,2020-03-20,8,
446667_4_43913,446667_DEC,446667_4,,2020-03-23,8,
446667_4_43914,446667_DEC,446667_4,,2020-03-24,8,
446667_4_43915,446667_DEC,446667_4,,2020-03-25,8,
446667_4_43916,446667_DEC,446667_4,,2020-03-26,8,
446667_4_43917,446667_DEC,446667_4,,2020-03-27,8,
446667_4_43920,446667_DEC,446667_4,,2020-03-30,8,
446667_4_43921,446667_DEC,446667_4,,2020-03-31,8,
446667_4_43922,446667_DEC,446667_4,,2020-04-01,8,
446667_4_43923,446667_DEC,446667_4,,2020-04-02,8,
446667_4_43924,446667_DEC,446667_4,,2020-04-03,8,
446667_4_43927,446667_DEC,446667_4,,2020-04-06,8,
446667_4_43928,446667_DEC,446667_4,,2020-04-07,8,
446667_4_43929,446667_DEC,446667_4,,2020-04-08,8,
446667_4_43930,446667_DEC,446667_4,,2020-04-09,8,
446667_4_43931,446667_DEC,446667_4,,2020-04-10,8,
446667_4_43934,446667_DEC,446667_4,,2020-04-13,8,
446667_4_43935,446667_DEC,446667_4,,2020-04-14,8,
446667_4_43936,446667_DEC,446667_4,,2020-04-15,8,
446667_4_43937,446667_DEC,446667_4,,2020-04-16,8,
446667_4_43938,446667_DEC,446667_4,,2020-04-17,8,
446667_4_43941,446667_DEC,446667_4,,2020-04-20,8,
446667_4_43942,446667_DEC,446667_4,,2020-04-21,8,
446667_4_43943,446667_DEC,446667_4,,2020-04-22,8,
446667_4_43944,446667_DEC,446667_4,,2020-04-23,8,
446667_4_43945,446667_DEC,446667_4,,2020-04-24,8,
446667_4_43948,446667_DEC,446667_4,,2020-04-27,8,
446667_4_43949,446667_DEC,446667_4,,2020-04-28,8,
446667_4_43950,446667_DEC,446667_4,,2020-04-29,8,
446667_4_43951,446667_DEC,446667_4,,2020-04-30,8,
487325_4_44749,487325_DEF,487325_4,,2022-07-07,8,
487325_4_44750,487325_DEF,487325_4,,2022-07-08,8,
487325_4_44753,487325_DEF,487325_4,,2022-07-11,8,
487325_4_44754,487325_DEF,487325_4,,2022-07-12,8,
487325_4_44755,487325_DEF,487325_4,,2022-07-13,8,
487325_4_44756,487325_DEF,487325_4,,2022-07-14,8,
487325_4_44757,487325_DEF,487325_4,,2022-07-15,8,
487325_4_44760,487325_DEF,487325_4,,2022-07-18,8,
487325_4_44761,487325_DEF,487325_4,,2022-07-19,8,
487325_4_44762,487325_DEF,487325_4,,2022-07-20,8,
487325_4_44763,487325_DEF,487325_4,,2022-07-21,8,
487325_4_44764,487325_DEF,487325_4,,2022-07-22,8,
487325_4_44767,487325_DEF,487325_4,,2022-07-25,8,
487325_4_44768,487325_DEF,487325_4,,2022-07-26,8,
487325_4_44769,487325_DEF,487325_4,,2022-07-27,8,
487325_4_44770,487325_DEF,487325_4,,2022-07-28,8,
487325_4_44771,487325_DEF,487325_4,,2022-07-29,8,
487325_4_44774,487325_DEF,487325_4,,2022-08-01,8,
487325_4_44775,487325_DEF,487325_4,,2022-08-02,8,
487325_4_44776,487325_DEF,487325_4,,2022-08-03,8,
487325_4_44777,487325_DEF,487325_4,,2022-08-04,8,
487325_4_44778,487325_DEF,487325_4,,2022-08-05,8,
487325_4_44781,487325_DEF,487325_4,,2022-08-08,8,
487325_4_44782,487325_DEF,487325_4,,2022-08-09,8,
487325_4_44783,487325_DEF,487325_4,,2022-08-10,8,
487325_4_44784,487325_DEF,487325_4,,2022-08-11,8,
487325_4_44785,487325_DEF,487325_4,,2022-08-12,8,
487325_4_44788,487325_DEF,487325_4,,2022-08-15,8,
487325_4_44789,487325_DEF,487325_4,,2022-08-16,8,
487325_4_44790,487325_DEF,487325_4,,2022-08-17,8,
487325_4_44791,487325_DEF,487325_4,,2022-08-18,8,
487325_4_44792,487325_DEF,487325_4,,2022-08-19,8,
487325_4_44795,487325_DEF,487325_4,,2022-08-22,8,
487325_4_44796,487325_DEF,487325_4,,2022-08-23,8,
487325_4_44797,487325_DEF,487325_4,,2022-08-24,8,
487325_4_44798,487325_DEF,487325_4,,2022-08-25,8,
487325_4_44799,487325_DEF,487325_4,,2022-08-26,8,
487325_4_44802,487325_DEF,487325_4,,2022-08-29,8,
487325_4_44803,487325_DEF,487325_4,,2022-08-30,8,
487325_4_44804,487325_DEF,487325_4,,2022-08-31,8,
487325_4_44805,487325_DEF,487325_4,,2022-09-01,8,
487325_4_44806,487325_DEF,487325_4,,2022-09-02,8,
487325_4_44809,487325_DEF,487325_4,,2022-09-05,8,
487325_4_44810,487325_DEF,487325_4,,2022-09-06,8,
487325_4_44811,487325_DEF,487325_4,,2022-09-07,8,
487325_4_44812,487325_DEF,487325_4,,2022-09-08,8,
487325_4_44813,487325_DEF,487325_4,,2022-09-09,8,
487325_4_44816,487325_DEF,487325_4,,2022-09-12,8,
487325_4_44817,487325_DEF,487325_4,,2022-09-13,8,
487325_4_44818,487325_DEF,487325_4,,2022-09-14,8,
487325_4_44819,487325_DEF,487325_4,,2022-09-15,8,
487325_4_44820,487325_DEF,487325_4,,2022-09-16,8,
487325_4_44823,487325_DEF,487325_4,,2022-09-19,8,
487325_4_44824,487325_DEF,487325_4,,2022-09-20,8,
487325_4_44825,487325_DEF,487325_4,,2022-09-21,8,
487325_4_44826,487325_DEF,487325_4,,2022-09-22,8,
487325_4_44827,487325_DEF,487325_4,,2022-09-23,8,
487325_4_44830,487325_DEF,487325_4,,2022-09-26,8,
487325_4_44831,487325_DEF,487325_4,,2022-09-27,8,
487325_4_44832,487325_DEF,487325_4,,2022-09-28,8,
487325_4_44833,487325_DEF,487325_4,,2022-09-29,8,
487325_4_44834,487325_DEF,487325_4,,2022-09-30,8,
487325_4_44837,487325_DEF,487325_4,,2022-10-03,8,
487325_4_44838,487325_DEF,487325_4,,2022-10-04,8,
487325_4_44839,487325_DEF,487325_4,,2022-10-05,8,
487325_4_44840,487325_DEF,487325_4,,2022-10-06,8,
487325_4_44841,487325_DEF,487325_4,,2022-10-07,8,
487325_4_44844,487325_DEF,487325_4,,2022-10-10,8,
487325_4_44845,487325_DEF,487325_4,,2022-10-11,8,
487325_4_44846,487325_DEF,487325_4,,2022-10-12,8,
487325_4_44847,487325_DEF,487325_4,,2022-10-13,8,
487325_4_44848,487325_DEF,487325_4,,2022-10-14,8,
487325_4_44851,487325_DEF,487325_4,,2022-10-17,8,
487325_4_44852,487325_DEF,487325_4,,2022-10-18,8,
487325_4_44853,487325_DEF,487325_4,,2022-10-19,8,
487325_4_44854,487325_DEF,487325_4,,2022-10-20,8,
487325_4_44855,487325_DEF,487325_4,,2022-10-21,8,
487325_4_44858,487325_DEF,487325_4,,2022-10-24,8,
487325_4_44859,487325_DEF,487325_4,,2022-10-25,8,
487325_4_44860,487325_DEF,487325_4,,2022-10-26,8,
487325_4_44861,487325_DEF,487325_4,,2022-10-27,8,
487325_4_44862,487325_DEF,487325_4,,2022-10-28,8,
487325_4_44865,487325_DEF,487325_4,,2022-10-31,8,
487325_4_44866,487325_DEF,487325_4,,2022-11-01,8,
487325_4_44867,487325_DEF,487325_4,,2022-11-02,8,
487325_4_44868,487325_DEF,487325_4,,2022-11-03,8,
487325_4_44869,487325_DEF,487325_4,,2022-11-04,8,
487325_4_44872,487325_DEF,487325_4,,2022-11-07,8,
487325_4_44873,487325_DEF,487325_4,,2022-11-08,8,
487325_4_44874,487325_DEF,487325_4,,2022-11-09,8,
487325_4_44875,487325_DEF,487325_4,,2022-11-10,8,
487325_4_44876,487325_DEF,487325_4,,2022-11-11,8,
487325_4_44879,487325_DEF,487325_4,,2022-11-14,8,
487325_4_44880,487325_DEF,487325_4,,2022-11-15,8,
487325_4_44881,487325_DEF,487325_4,,2022-11-16,8,
487325_4_44882,487325_DEF,487325_4,,2022-11-17,8,
487325_4_44883,487325_DEF,487325_4,,2022-11-18,8,
487325_4_44886,487325_DEF,487325_4,,2022-11-21,8,
487325_4_44887,487325_DEF,487325_4,,2022-11-22,8,
487325_4_44888,487325_DEF,487325_4,,2022-11-23,8,
487325_4_44889,487325_DEF,487325_4,,2022-11-24,8,
487325_4_44890,487325_DEF,487325_4,,2022-11-25,8,
487325_4_44893,487325_DEF,487325_4,,2022-11-28,8,
487325_4_44894,487325_DEF,487325_4,,2022-11-29,8,
487325_4_44895,487325_DEF,487325_4,,2022-11-30,8,
487325_4_44896,487325_DEF,487325_4,,2022-12-01,8,
487325_4_44897,487325_DEF,487325_4,,2022-12-02,8,
487325_4_44900,487325_DEF,487325_4,,2022-12-05,8,
487325_4_44901,487325_DEF,487325_4,,2022-12-06,8,
487325_4_44902,487325_DEF,487325_4,,2022-12-07,8,
487325_4_44903,487325_DEF,487325_4,,2022-12-08,8,
487325_4_44904,487325_DEF,487325_4,,2022-12-09,8,
487325_4_44907,487325_DEF,487325_4,,2022-12-12,8,
487325_4_44908,487325_DEF,487325_4,,2022-12-13,8,
487325_4_44909,487325_DEF,487325_4,,2022-12-14,8,
487325_4_44910,487325_DEF,487325_4,,2022-12-15,8,
487325_4_44911,487325_DEF,487325_4,,2022-12-16,8,
487325_4_44914,487325_DEF,487325_4,,2022-12-19,8,
487325_4_44915,487325_DEF,487325_4,,2022-12-20,8,
487325_4_44916,487325_DEF,487325_4,,2022-12-21,8,
487325_4_44917,487325_DEF,487325_4,,2022-12-22,8,
487325_4_44918,487325_DEF,487325_4,,2022-12-23,8,
487325_4_44921,487325_DEF,487325_4,,2022-12-26,8,
487325_4_44922,487325_DEF,487325_4,,2022-12-27,8,
487325_4_44923,487325_DEF,487325_4,,2022-12-28,8,
487325_4_44924,487325_DEF,487325_4,,2022-12-29,8,
487325_4_44925,487325_DEF,487325_4,,2022-12-30,8,
487325_4_44928,487325_DEF,487325_4,,2023-01-02,8,
487325_4_44929,487325_DEF,487325_4,,2023-01-03,8,
487325_4_44930,487325_DEF,487325_4,,2023-01-04,8,
487325_4_44931,487325_DEF,487325_4,,2023-01-05,8,
487325_4_44932,487325_DEF,487325_4,,2023-01-06,8,
487325_4_44935,487325_DEF,487325_4,,2023-01-09,8,
487325_4_44936,487325_DEF,487325_4,,2023-01-10,8,
487325_4_44937,487325_DEF,487325_4,,2023-01-11,8,
487325_4_44938,487325_DEF,487325_4,,2023-01-12,8,
487325_4_44939,487325_DEF,487325_4,,2023-01-13,8,
487325_4_44942,487325_DEF,487325_4,,2023-01-16,8,
487325_4_44943,487325_DEF,487325_4,,2023-01-17,8,
487325_4_44944,487325_DEF,487325_4,,2023-01-18,8,
487325_4_44945,487325_DEF,487325_4,,2023-01-19,8,
487325_4_44946,487325_DEF,487325_4,,2023-01-20,8,
487325_4_44949,487325_DEF,487325_4,,2023-01-23,8,
487325_4_44950,487325_DEF,487325_4,,2023-01-24,8,
487325_4_44951,487325_DEF,487325_4,,2023-01-25,8,
487325_4_44952,487325_DEF,487325_4,,2023-01-26,8,
487325_4_44953,487325_DEF,487325_4,,2023-01-27,8,
487325_4_44956,487325_DEF,487325_4,,2023-01-30,8,
487325_4_44957,487325_DEF,487325_4,,2023-01-31,8,
487325_4_44958,487325_DEF,487325_4,,2023-02-01,8,
487325_4_44959,487325_DEF,487325_4,,2023-02-02,8,
487325_4_44960,487325_DEF,487325_4,,2023-02-03,8,
487325_4_44963,487325_DEF,487325_4,,2023-02-06,8,
487325_4_44964,487325_DEF,487325_4,,2023-02-07,8,
487325_4_44965,487325_DEF,487325_4,,2023-02-08,8,
487325_4_44966,487325_DEF,487325_4,,2023-02-09,8,
487325_4_44967,487325_DEF,487325_4,,2023-02-10,8,
487325_4_44970,487325_DEF,487325_4,,2023-02-13,8,
487325_4_44971,487325_DEF,487325_4,,2023-02-14,8,
487325_4_44972,487325_DEF,487325_4,,2023-02-15,8,
487325_4_44973,487325_DEF,487325_4,,2023-02-16,8,
487325_4_44974,487325_DEF,487325_4,,2023-02-17,8,
487325_4_44977,487325_DEF,487325_4,,2023-02-20,8,
487325_4_44978,487325_DEF,487325_4,,2023-02-21,8,
487325_4_44979,487325_DEF,487325_4,,2023-02-22,8,
487325_4_44980,487325_DEF,487325_4,,2023-02-23,8,
487325_4_44981,487325_DEF,487325_4,,2023-02-24,8,
487325_4_44984,487325_DEF,487325_4,,2023-02-27,8,
487325_4_44985,487325_DEF,487325_4,,2023-02-28,8,
487325_4_44986,487325_DEF,487325_4,,2023-03-01,8,
487325_4_44987,487325_DEF,487325_4,,2023-03-02,8,
487325_4_44988,487325_DEF,487325_4,,2023-03-03,8,
487325_4_44991,487325_DEF,487325_4,,2023-03-06,8,
487325_4_44992,487325_DEF,487325_4,,2023-03-07,8,
487325_4_44993,487325_DEF,487325_4,,2023-03-08,8,
487325_4_44994,487325_DEF,487325_4,,2023-03-09,8,
487325_4_44995,487325_DEF,487325_4,,2023-03-10,8,
487325_4_44998,487325_DEF,487325_4,,2023-03-13,8,
487325_4_44999,487325_DEF,487325_4,,2023-03-14,8,
487325_4_45000,487325_DEF,487325_4,,2023-03-15,8,
487325_4_45001,487325_DEF,487325_4,,2023-03-16,8,
487325_4_45002,487325_DEF,487325_4,,2023-03-17,8,
487325_4_45005,487325_DEF,487325_4,,2023-03-20,8,
487325_4_45006,487325_DEF,487325_4,,2023-03-21,8,
487325_4_45007,487325_DEF,487325_4,,2023-03-22,8,
487325_4_45008,487325_DEF,487325_4,,2023-03-23,8,
487325_4_45009,487325_DEF,487325_4,,2023-03-24,8,
487325_4_45012,487325_DEF,487325_4,,2023-03-27,8,
487325_4_45013,487325_DEF,487325_4,,2023-03-28,8,
487325_4_45014,487325_DEF,487325_4,,2023-03-29,8,
487325_4_45015,487325_DEF,487325_4,,2023-03-30,8,
487325_4_45016,487325_DEF,487325_4,,2023-03-31,8,
487325_4_45019,487325_DEF,487325_4,,2023-04-03,8,
487325_4_45020,487325_DEF,487325_4,,2023-04-04,8,
487325_4_45021,487325_DEF,487325_4,,2023-04-05,8,
487325_4_45022,487325_DEF,487325_4,,2023-04-06,8,
487325_4_45023,487325_DEF,487325_4,,2023-04-07,8,
487325_4_45026,487325_DEF,487325_4,,2023-04-10,8,
487325_4_45027,487325_DEF,487325_4,,2023-04-11,8,
487325_4_45028,487325_DEF,487325_4,,2023-04-12,8,
487325_4_45029,487325_DEF,487325_4,,2023-04-13,8,
487325_4_45030,487325_DEF,487325_4,,2023-04-14,8,
487325_4_45033,487325_DEF,487325_4,,2023-04-17,8,
487325_4_45034,487325_DEF,487325_4,,2023-04-18,8,
487325_4_45035,487325_DEF,487325_4,,2023-04-19,8,
487325_4_45036,487325_DEF,487325_4,,2023-04-20,8,
487325_4_45037,487325_DEF,487325_4,,2023-04-21,8,
487325_4_45040,487325_DEF,487325_4,,2023-04-24,8,
487325_4_45041,487325_DEF,487325_4,,2023-04-25,8,
487325_4_45042,487325_DEF,487325_4,,2023-04-26,8,
487325_4_45043,487325_DEF,487325_4,,2023-04-27,8,
487325_4_45044,487325_DEF,487325_4,,2023-04-28,8,
487325_4_45047,487325_DEF,487325_4,,2023-05-01,8,
487325_4_45048,487325_DEF,487325_4,,2023-05-02,8,
487325_4_45049,487325_DEF,487325_4,,2023-05-03,8,
487325_4_45050,487325_DEF,487325_4,,2023-05-04,8,
487325_4_45051,487325_DEF,487325_4,,2023-05-05,8,
487325_4_45054,487325_DEF,487325_4,,2023-05-08,8,
487325_4_45055,487325_DEF,487325_4,,2023-05-09,8,
487325_4_45056,487325_DEF,487325_4,,2023-05-10,8,
487325_4_45057,487325_DEF,487325_4,,2023-05-11,8,
487325_4_45058,487325_DEF,487325_4,,2023-05-12,8,
487325_4_45061,487325_DEF,487325_4,,2023-05-15,8,
487325_4_45062,487325_DEF,487325_4,,2023-05-16,8,
487325_4_45063,487325_DEF,487325_4,,2023-05-17,8,
487325_4_45064,487325_DEF,487325_4,,2023-05-18,8,
487325_4_45065,487325_DEF,487325_4,,2023-05-19,8,
487325_4_45068,487325_DEF,487325_4,,2023-05-22,8,
487325_4_45069,487325_DEF,487325_4,,2023-05-23,8,
487325_4_45070,487325_DEF,487325_4,,2023-05-24,8,
487325_4_45071,487325_DEF,487325_4,,2023-05-25,8,
487325_4_45072,487325_DEF,487325_4,,2023-05-26,8,
487325_4_45075,487325_DEF,487325_4,,2023-05-29,8,
487325_4_45076,487325_DEF,487325_4,,2023-05-30,8,
513927_4_45042,513927_AML,513927_4,,2023-04-26,8,
513927_4_45043,513927_AML,513927_4,,2023-04-27,8,
513927_4_45044,513927_AML,513927_4,,2023-04-28,8,
513927_4_45047,513927_AML,513927_4,,2023-05-01,8,
513927_4_45048,513927_AML,513927_4,,2023-05-02,8,
513927_4_45049,513927_AML,513927_4,,2023-05-03,8,
513927_4_45050,513927_AML,513927_4,,2023-05-04,8,
513927_4_45051,513927_AML,513927_4,,2023-05-05,8,
513927_4_45054,513927_AML,513927_4,,2023-05-08,8,
513927_4_45055,513927_AML,513927_4,,2023-05-09,8,
513927_4_45056,513927_AML,513927_4,,2023-05-10,8,
513927_4_45057,513927_AML,513927_4,,2023-05-11,8,
513927_4_45058,513927_AML,513927_4,,2023-05-12,8,
513927_4_45061,513927_AML,513927_4,,2023-05-15,8,
513927_4_45062,513927_AML,513927_4,,2023-05-16,8,
513927_4_45063,513927_AML,513927_4,,2023-05-17,8,
513927_4_45064,513927_AML,513927_4,,2023-05-18,8,
513927_4_45065,513927_AML,513927_4,,2023-05-19,8,
513927_4_45068,513927_AML,513927_4,,2023-05-22,8,
513927_4_45069,513927_AML,513927_4,,2023-05-23,8,
513927_4_45070,513927_AML,513927_4,,2023-05-24,8,
513927_4_45071,513927_AML,513927_4,,2023-05-25,8,
513927_4_45072,513927_AML,513927_4,,2023-05-26,8,
513927_4_45075,513927_AML,513927_4,,2023-05-29,8,
513927_4_45076,513927_AML,513927_4,,2023-05-30,8,
513927_4_45077,513927_AML,513927_4,,2023-05-31,8,
513927_4_45078,513927_AML,513927_4,,2023-06-01,8,
513927_4_45079,513927_AML,513927_4,,2023-06-02,8,
513927_4_45082,513927_AML,513927_4,,2023-06-05,8,
513927_4_45083,513927_AML,513927_4,,2023-06-06,8,
513927_4_45084,513927_AML,513927_4,,2023-06-07,8,
513927_4_45085,513927_AML,513927_4,,2023-06-08,8,
513927_4_45086,513927_AML,513927_4,,2023-06-09,8,
513927_4_45089,513927_AML,513927_4,,2023-06-12,8,
513927_4_45090,513927_AML,513927_4,,2023-06-13,8,
513927_4_45091,513927_AML,513927_4,,2023-06-14,8,
513927_4_45092,513927_AML,513927_4,,2023-06-15,8,
513927_4_45093,513927_AML,513927_4,,2023-06-16,8,
513927_4_45096,513927_AML,513927_4,,2023-06-19,8,
513927_4_45097,513927_AML,513927_4,,2023-06-20,8,
513927_4_45098,513927_AML,513927_4,,2023-06-21,8,
513927_4_45099,513927_AML,513927_4,,2023-06-22,8,
513927_4_45100,513927_AML,513927_4,,2023-06-23,8,
513927_4_45103,513927_AML,513927_4,,2023-06-26,8,
513927_4_45104,513927_AML,513927_4,,2023-06-27,8,
513927_4_45105,513927_AML,513927_4,,2023-06-28,8,
513927_4_45106,513927_AML,513927_4,,2023-06-29,8,
513927_4_45107,513927_AML,513927_4,,2023-06-30,8,
513927_4_45110,513927_AML,513927_4,,2023-07-03,8,
513927_4_45111,513927_AML,513927_4,,2023-07-04,8,
513927_4_45112,513927_AML,513927_4,,2023-07-05,8,
513927_4_45113,513927_AML,513927_4,,2023-07-06,8,
513927_4_45114,513927_AML,513927_4,,2023-07-07,8,
513927_4_45117,513927_AML,513927_4,,2023-07-10,8,
513927_4_45118,513927_AML,513927_4,,2023-07-11,8,
513927_4_45119,513927_AML,513927_4,,2023-07-12,8,
513927_4_45120,513927_AML,513927_4,,2023-07-13,8,
513927_4_45121,513927_AML,513927_4,,2023-07-14,8,
513927_4_45124,513927_AML,513927_4,,2023-07-17,8,
513927_4_45125,513927_AML,513927_4,,2023-07-18,8,
513927_4_45126,513927_AML,513927_4,,2023-07-19,8,
513927_4_45127,513927_AML,513927_4,,2023-07-20,8,
513927_4_45128,513927_AML,513927_4,,2023-07-21,8,
513927_4_45131,513927_AML,513927_4,,2023-07-24,8,
513927_4_45132,513927_AML,513927_4,,2023-07-25,8,
513927_4_45133,513927_AML,513927_4,,2023-07-26,8,
513927_4_45134,513927_AML,513927_4,,2023-07-27,8,
513927_4_45135,513927_AML,513927_4,,2023-07-28,8,
513927_4_45138,513927_AML,513927_4,,2023-07-31,8,
513927_4_45139,513927_AML,513927_4,,2023-08-01,8,
513927_4_45140,513927_AML,513927_4,,2023-08-02,8,
513927_4_45141,513927_AML,513927_4,,2023-08-03,8,
513927_4_45142,513927_AML,513927_4,,2023-08-04,8,
513927_4_45145,513927_AML,513927_4,,2023-08-07,8,
513927_4_45146,513927_AML,513927_4,,2023-08-08,8,
513927_4_45147,513927_AML,513927_4,,2023-08-09,8,
513927_4_45148,513927_AML,513927_4,,2023-08-10,8,
513927_4_45149,513927_AML,513927_4,,2023-08-11,8,
513927_4_45152,513927_AML,513927_4,,2023-08-14,8,
513927_4_45153,513927_AML,513927_4,,2023-08-15,8,
513927_4_45154,513927_AML,513927_4,,2023-08-16,8,
513927_4_45155,513927_AML,513927_4,,2023-08-17,8,
513927_4_45156,513927_AML,513927_4,,2023-08-18,8,
513927_4_45159,513927_AML,513927_4,,2023-08-21,8,
513927_4_45160,513927_AML,513927_4,,2023-08-22,8,
513927_4_45161,513927_AML,513927_4,,2023-08-23,8,
513927_4_45162,513927_AML,513927_4,,2023-08-24,8,
513927_4_45163,513927_AML,513927_4,,2023-08-25,8,
513927_4_45166,513927_AML,513927_4,,2023-08-28,8,
513927_4_45167,513927_AML,513927_4,,2023-08-29,8,
513927_4_45168,513927_AML,513927_4,,2023-08-30,8,
513927_4_45169,513927_AML,513927_4,,2023-08-31,8,
513927_4_45170,513927_AML,513927_4,,2023-09-01,8,
510743_4_45014,510743_AML,510743_4,,2023-03-29,8,
510743_4_45015,510743_AML,510743_4,,2023-03-30,8,
510743_4_45016,510743_AML,510743_4,,2023-03-31,8,
510743_4_45019,510743_AML,510743_4,,2023-04-03,8,
510743_4_45020,510743_AML,510743_4,,2023-04-04,8,
510743_4_45021,510743_AML,510743_4,,2023-04-05,8,
510743_4_45022,510743_AML,510743_4,,2023-04-06,8,
510743_4_45023,510743_AML,510743_4,,2023-04-07,8,
510743_4_45026,510743_AML,510743_4,,2023-04-10,8,
510743_4_45027,510743_AML,510743_4,,2023-04-11,8,
510743_4_45028,510743_AML,510743_4,,2023-04-12,8,
510743_4_45029,510743_AML,510743_4,,2023-04-13,8,
510743_4_45030,510743_AML,510743_4,,2023-04-14,8,
510743_4_45033,510743_AML,510743_4,,2023-04-17,8,
510743_4_45034,510743_AML,510743_4,,2023-04-18,8,
510743_4_45035,510743_AML,510743_4,,2023-04-19,8,
510743_4_45036,510743_AML,510743_4,,2023-04-20,8,
510743_4_45037,510743_AML,510743_4,,2023-04-21,8,
510743_4_45040,510743_AML,510743_4,,2023-04-24,8,
510743_4_45041,510743_AML,510743_4,,2023-04-25,8,
510743_4_45042,510743_AML,510743_4,,2023-04-26,8,
510743_4_45043,510743_AML,510743_4,,2023-04-27,8,
510743_4_45044,510743_AML,510743_4,,2023-04-28,8,
510743_4_45047,510743_AML,510743_4,,2023-05-01,8,
510743_4_45048,510743_AML,510743_4,,2023-05-02,8,
510743_4_45049,510743_AML,510743_4,,2023-05-03,8,
510743_4_45050,510743_AML,510743_4,,2023-05-04,8,
510743_4_45051,510743_AML,510743_4,,2023-05-05,8,
510743_4_45054,510743_AML,510743_4,,2023-05-08,8,
510743_4_45055,510743_AML,510743_4,,2023-05-09,8,
510743_4_45056,510743_AML,510743_4,,2023-05-10,8,
510743_4_45057,510743_AML,510743_4,,2023-05-11,8,
510743_4_45058,510743_AML,510743_4,,2023-05-12,8,
510743_4_45061,510743_AML,510743_4,,2023-05-15,8,
510743_4_45062,510743_AML,510743_4,,2023-05-16,8,
510743_4_45063,510743_AML,510743_4,,2023-05-17,8,
510743_4_45064,510743_AML,510743_4,,2023-05-18,8,
510743_4_45065,510743_AML,510743_4,,2023-05-19,8,
510743_4_45068,510743_AML,510743_4,,2023-05-22,8,
510743_4_45069,510743_AML,510743_4,,2023-05-23,8,
510743_4_45070,510743_AML,510743_4,,2023-05-24,8,
510743_4_45071,510743_AML,510743_4,,2023-05-25,8,
510743_4_45072,510743_AML,510743_4,,2023-05-26,8,
510743_4_45075,510743_AML,510743_4,,2023-05-29,8,
510743_4_45076,510743_AML,510743_4,,2023-05-30,8,
510743_4_45077,510743_AML,510743_4,,2023-05-31,8,
510743_4_45078,510743_AML,510743_4,,2023-06-01,8,
510743_4_45079,510743_AML,510743_4,,2023-06-02,8,
510743_4_45082,510743_AML,510743_4,,2023-06-05,8,
510743_4_45083,510743_AML,510743_4,,2023-06-06,8,
510743_4_45084,510743_AML,510743_4,,2023-06-07,8,
510743_4_45085,510743_AML,510743_4,,2023-06-08,8,
510743_4_45086,510743_AML,510743_4,,2023-06-09,8,
510743_4_45089,510743_AML,510743_4,,2023-06-12,8,
510743_4_45090,510743_AML,510743_4,,2023-06-13,8,
510743_4_45091,510743_AML,510743_4,,2023-06-14,8,
510743_4_45092,510743_AML,510743_4,,2023-06-15,8,
510743_4_45093,510743_AML,510743_4,,2023-06-16,8,
510743_4_45096,510743_AML,510743_4,,2023-06-19,8,
510743_4_45097,510743_AML,510743_4,,2023-06-20,8,
510743_4_45098,510743_AML,510743_4,,2023-06-21,8,
510743_4_45099,510743_AML,510743_4,,2023-06-22,8,
510743_4_45100,510743_AML,510743_4,,2023-06-23,8,
510743_4_45103,510743_AML,510743_4,,2023-06-26,8,
510743_4_45104,510743_AML,510743_4,,2023-06-27,8,
510743_4_45105,510743_AML,510743_4,,2023-06-28,8,
510743_4_45106,510743_AML,510743_4,,2023-06-29,8,
510743_4_45107,510743_AML,510743_4,,2023-06-30,8,
510743_4_45110,510743_AML,510743_4,,2023-07-03,8,
510743_4_45111,510743_AML,510743_4,,2023-07-04,8,
510743_4_45112,510743_AML,510743_4,,2023-07-05,8,
510743_4_45113,510743_AML,510743_4,,2023-07-06,8,
510743_4_45114,510743_AML,510743_4,,2023-07-07,8,
510743_4_45117,510743_AML,510743_4,,2023-07-10,8,
510743_4_45118,510743_AML,510743_4,,2023-07-11,8,
510743_4_45119,510743_AML,510743_4,,2023-07-12,8,
510743_4_45120,510743_AML,510743_4,,2023-07-13,8,
510743_4_45121,510743_AML,510743_4,,2023-07-14,8,
510743_4_45124,510743_AML,510743_4,,2023-07-17,8,
510743_4_45125,510743_AML,510743_4,,2023-07-18,8,
510743_4_45126,510743_AML,510743_4,,2023-07-19,8,
510743_4_45127,510743_AML,510743_4,,2023-07-20,8,
510743_4_45128,510743_AML,510743_4,,2023-07-21,8,
510743_4_45131,510743_AML,510743_4,,2023-07-24,8,
510743_4_45132,510743_AML,510743_4,,2023-07-25,8,
510743_4_45133,510743_AML,510743_4,,2023-07-26,8,
510743_4_45134,510743_AML,510743_4,,2023-07-27,8,
510743_4_45135,510743_AML,510743_4,,2023-07-28,8,
510743_4_45138,510743_AML,510743_4,,2023-07-31,8,
510743_4_45139,510743_AML,510743_4,,2023-08-01,8,
510743_4_45140,510743_AML,510743_4,,2023-08-02,8,
510743_4_45141,510743_AML,510743_4,,2023-08-03,8,
510743_4_45142,510743_AML,510743_4,,2023-08-04,8,
510743_4_45145,510743_AML,510743_4,,2023-08-07,8,
510743_4_45146,510743_AML,510743_4,,2023-08-08,8,
510743_4_45147,510743_AML,510743_4,,2023-08-09,8,
510743_4_45148,510743_AML,510743_4,,2023-08-10,8,
510743_4_45149,510743_AML,510743_4,,2023-08-11,8,
510743_4_45152,510743_AML,510743_4,,2023-08-14,8,
510743_4_45153,510743_AML,510743_4,,2023-08-15,8,
510743_4_45154,510743_AML,510743_4,,2023-08-16,8,
510743_4_45155,510743_AML,510743_4,,2023-08-17,8,
510743_4_45156,510743_AML,510743_4,,2023-08-18,8,
510743_4_45159,510743_AML,510743_4,,2023-08-21,8,
510743_4_45160,510743_AML,510743_4,,2023-08-22,8,
510743_4_45161,510743_AML,510743_4,,2023-08-23,8,
510743_4_45162,510743_AML,510743_4,,2023-08-24,8,
510743_4_45163,510743_AML,510743_4,,2023-08-25,8,
510743_4_45166,510743_AML,510743_4,,2023-08-28,8,
510743_4_45167,510743_AML,510743_4,,2023-08-29,8,
510743_4_45168,510743_AML,510743_4,,2023-08-30,8,
510743_4_45169,510743_AML,510743_4,,2023-08-31,8,
510743_4_45170,510743_AML,510743_4,,2023-09-01,8,
464606_4_44676,464606_ALT,464606_4,,2022-04-25,8,
464606_4_44677,464606_ALT,464606_4,,2022-04-26,8,
464606_4_44678,464606_ALT,464606_4,,2022-04-27,8,
464606_4_44679,464606_ALT,464606_4,,2022-04-28,8,
464606_4_44680,464606_ALT,464606_4,,2022-04-29,8,
464606_4_44683,464606_ALT,464606_4,,2022-05-02,8,
464606_4_44684,464606_ALT,464606_4,,2022-05-03,8,
464606_4_44685,464606_ALT,464606_4,,2022-05-04,8,
464606_4_44686,464606_ALT,464606_4,,2022-05-05,8,
464606_4_44687,464606_ALT,464606_4,,2022-05-06,8,
464606_4_44690,464606_ALT,464606_4,,2022-05-09,8,
464606_4_44691,464606_ALT,464606_4,,2022-05-10,8,
464606_4_44692,464606_ALT,464606_4,,2022-05-11,8,
464606_4_44693,464606_ALT,464606_4,,2022-05-12,8,
464606_4_44694,464606_ALT,464606_4,,2022-05-13,8,
464606_4_44697,464606_ALT,464606_4,,2022-05-16,8,
464606_4_44698,464606_ALT,464606_4,,2022-05-17,8,
464606_4_44699,464606_ALT,464606_4,,2022-05-18,8,
464606_4_44700,464606_ALT,464606_4,,2022-05-19,8,
464606_4_44701,464606_ALT,464606_4,,2022-05-20,8,
464606_4_44704,464606_ALT,464606_4,,2022-05-23,8,
464606_4_44705,464606_ALT,464606_4,,2022-05-24,8,
464606_4_44706,464606_ALT,464606_4,,2022-05-25,8,
464606_4_44707,464606_ALT,464606_4,,2022-05-26,8,
464606_4_44708,464606_ALT,464606_4,,2022-05-27,8,
464606_4_44711,464606_ALT,464606_4,,2022-05-30,8,
464606_4_44712,464606_ALT,464606_4,,2022-05-31,8,
464606_4_44713,464606_ALT,464606_4,,2022-06-01,8,
464606_4_44714,464606_ALT,464606_4,,2022-06-02,8,
464606_4_44715,464606_ALT,464606_4,,2022-06-03,8,
464606_4_44718,464606_ALT,464606_4,,2022-06-06,8,
464606_4_44719,464606_ALT,464606_4,,2022-06-07,8,
464606_4_44720,464606_ALT,464606_4,,2022-06-08,8,
464606_4_44721,464606_ALT,464606_4,,2022-06-09,8,
464606_4_44722,464606_ALT,464606_4,,2022-06-10,8,
464606_4_44725,464606_ALT,464606_4,,2022-06-13,8,
464606_4_44726,464606_ALT,464606_4,,2022-06-14,8,
464606_4_44727,464606_ALT,464606_4,,2022-06-15,8,
464606_4_44728,464606_ALT,464606_4,,2022-06-16,8,
464606_4_44729,464606_ALT,464606_4,,2022-06-17,8,
464606_4_44732,464606_ALT,464606_4,,2022-06-20,8,
464606_4_44733,464606_ALT,464606_4,,2022-06-21,8,
464606_4_44734,464606_ALT,464606_4,,2022-06-22,8,
464606_4_44735,464606_ALT,464606_4,,2022-06-23,8,
464606_4_44736,464606_ALT,464606_4,,2022-06-24,8,
464606_4_44739,464606_ALT,464606_4,,2022-06-27,8,
464606_4_44740,464606_ALT,464606_4,,2022-06-28,8,
464606_4_44741,464606_ALT,464606_4,,2022-06-29,8,
464606_4_44742,464606_ALT,464606_4,,2022-06-30,8,
SW11_2022_1_44852,SW1-500233,,SW11_2022_1,2022-10-18,,1
SW11_2022_1_44853,SW1-500233,,SW11_2022_1,2022-10-19,,1
SW11_2022_1_44854,SW1-500233,,SW11_2022_1,2022-10-20,,1
SW11_2022_1_44855,SW1-500233,,SW11_2022_1,2022-10-21,,1
SW11_2022_1_44858,SW1-500233,,SW11_2022_1,2022-10-24,,1
SW11_2022_1_44859,SW1-500233,,SW11_2022_1,2022-10-25,,1
BB61_2020_1_44039,BB6-458865,,BB61_2020_1,2020-07-27,,1
BB61_2020_1_44040,BB6-458865,,BB61_2020_1,2020-07-28,,1
BB61_2020_1_44041,BB6-458865,,BB61_2020_1,2020-07-29,,1
BB61_2020_1_44042,BB6-458865,,BB61_2020_1,2020-07-30,,1
BB61_2020_1_44043,BB6-458865,,BB61_2020_1,2020-07-31,,1
BB61_2020_1_44046,BB6-458865,,BB61_2020_1,2020-08-03,,1
BB61_2020_1_44047,BB6-458865,,BB61_2020_1,2020-08-04,,1
BB61_2020_1_44048,BB6-458865,,BB61_2020_1,2020-08-05,,1
BB61_2020_1_44049,BB6-458865,,BB61_2020_1,2020-08-06,,1
BB61_2020_1_44050,BB6-458865,,BB61_2020_1,2020-08-07,,1
BB61_2020_1_44053,BB6-458865,,BB61_2020_1,2020-08-10,,1
BB61_2020_1_44054,BB6-458865,,BB61_2020_1,2020-08-11,,1
BB61_2020_1_44055,BB6-458865,,BB61_2020_1,2020-08-12,,1
BB61_2020_1_44056,BB6-458865,,BB61_2020_1,2020-08-13,,1
BB61_2020_1_44057,BB6-458865,,BB61_2020_1,2020-08-14,,1
BB61_2020_1_44060,BB6-458865,,BB61_2020_1,2020-08-17,,1
BB61_2020_1_44061,BB6-458865,,BB61_2020_1,2020-08-18,,1
BB61_2020_1_44062,BB6-458865,,BB61_2020_1,2020-08-19,,1
BB61_2020_1_44063,BB6-458865,,BB61_2020_1,2020-08-20,,1
BB61_2020_1_44064,BB6-458865,,BB61_2020_1,2020-08-21,,1
BB61_2020_1_44067,BB6-458865,,BB61_2020_1,2020-08-24,,1
BB61_2020_1_44068,BB6-458865,,BB61_2020_1,2020-08-25,,1
BB61_2020_1_44069,BB6-458865,,BB61_2020_1,2020-08-26,,1
BB61_2020_1_44070,BB6-458865,,BB61_2020_1,2020-08-27,,1
BB61_2020_1_44071,BB6-458865,,BB61_2020_1,2020-08-28,,1
BB61_2020_1_44074,BB6-458865,,BB61_2020_1,2020-08-31,,1
CIT21_2023_1_45056,CIT2-519001,,CIT21_2023_1,2023-05-10,,1
CIT21_2023_1_45057,CIT2-519001,,CIT21_2023_1,2023-05-11,,1
CIT21_2023_1_45058,CIT2-519001,,CIT21_2023_1,2023-05-12,,1
CIT21_2023_1_45061,CIT2-519001,,CIT21_2023_1,2023-05-15,,1
CIT21_2023_1_45062,CIT2-519001,,CIT21_2023_1,2023-05-16,,1
CIT21_2023_1_45063,CIT2-519001,,CIT21_2023_1,2023-05-17,,1
CIT22_2023_1_45121,CIT2-523606,,CIT22_2023_1,2023-07-14,,1
CIT22_2023_1_45124,CIT2-523606,,CIT22_2023_1,2023-07-17,,1
CIT22_2023_1_45125,CIT2-523606,,CIT22_2023_1,2023-07-18,,1
CIT22_2023_1_45126,CIT2-523606,,CIT22_2023_1,2023-07-19,,1
CIT22_2023_1_45127,CIT2-523606,,CIT22_2023_1,2023-07-20,,1
CIT22_2023_1_45128,CIT2-523606,,CIT22_2023_1,2023-07-21,,1
CIT22_2023_1_45131,CIT2-523606,,CIT22_2023_1,2023-07-24,,1
CIT22_2023_1_45132,CIT2-523606,,CIT22_2023_1,2023-07-25,,1
CIT22_2023_1_45133,CIT2-523606,,CIT22_2023_1,2023-07-26,,1
CIT22_2023_1_45134,CIT2-523606,,CIT22_2023_1,2023-07-27,,1
CIT22_2023_1_45135,CIT2-523606,,CIT22_2023_1,2023-07-28,,1
CIT22_2023_1_45138,CIT2-523606,,CIT22_2023_1,2023-07-31,,1
CIT22_2023_1_45139,CIT2-523606,,CIT22_2023_1,2023-08-01,,1
CIT22_2023_1_45140,CIT2-523606,,CIT22_2023_1,2023-08-02,,1
CIT22_2023_1_45141,CIT2-523606,,CIT22_2023_1,2023-08-03,,1
CIT22_2023_1_45142,CIT2-523606,,CIT22_2023_1,2023-08-04,,1
CIT22_2023_1_45145,CIT2-523606,,CIT22_2023_1,2023-08-07,,1
INB81_2022_1_44683,INB8-468251,,INB81_2022_1,2022-05-02,,1
INB81_2022_1_44684,INB8-468251,,INB81_2022_1,2022-05-03,,1
INB81_2022_1_44685,INB8-468251,,INB81_2022_1,2022-05-04,,1
INB81_2022_1_44686,INB8-468251,,INB81_2022_1,2022-05-05,,1
INB81_2022_1_44687,INB8-468251,,INB81_2022_1,2022-05-06,,1
INB81_2022_1_44690,INB8-468251,,INB81_2022_1,2022-05-09,,1
INB81_2022_1_44691,INB8-468251,,INB81_2022_1,2022-05-10,,1
LB32_2020_1_44068,LB3-390914,,LB32_2020_1,2020-08-25,,1
LB32_2020_1_44069,LB3-390914,,LB32_2020_1,2020-08-26,,1
LB32_2020_1_44070,LB3-390914,,LB32_2020_1,2020-08-27,,1
LB32_2020_1_44071,LB3-390914,,LB32_2020_1,2020-08-28,,1
LB31_2020_1_43819,LB3-446667,,LB31_2020_1,2019-12-20,,1
LB31_2020_1_43822,LB3-446667,,LB31_2020_1,2019-12-23,,1
LB31_2020_1_43823,LB3-446667,,LB31_2020_1,2019-12-24,,1
LB31_2020_1_43824,LB3-446667,,LB31_2020_1,2019-12-25,,1
LB31_2020_1_43825,LB3-446667,,LB31_2020_1,2019-12-26,,1
LB31_2020_1_43826,LB3-446667,,LB31_2020_1,2019-12-27,,1
LB31_2020_1_43829,LB3-446667,,LB31_2020_1,2019-12-30,,1
LB31_2020_1_43830,LB3-446667,,LB31_2020_1,2019-12-31,,1
LB31_2020_1_43831,LB3-446667,,LB31_2020_1,2020-01-01,,1
LB31_2020_1_43832,LB3-446667,,LB31_2020_1,2020-01-02,,1
LB31_2020_1_43833,LB3-446667,,LB31_2020_1,2020-01-03,,1
LUB91_2022_1_44722,LUB9-487325,,LUB91_2022_1,2022-06-10,,1
LUB91_2022_1_44725,LUB9-487325,,LUB91_2022_1,2022-06-13,,1
LUB91_2022_1_44726,LUB9-487325,,LUB91_2022_1,2022-06-14,,1
LUB91_2022_1_44727,LUB9-487325,,LUB91_2022_1,2022-06-15,,1
RB51_2023_1_45012,RB5-513927,,RB51_2023_1,2023-03-27,,1
RB51_2023_1_45013,RB5-513927,,RB51_2023_1,2023-03-28,,1
RB51_2023_1_45014,RB5-513927,,RB51_2023_1,2023-03-29,,1
RB51_2023_1_45015,RB5-513927,,RB51_2023_1,2023-03-30,,1
RB51_2023_1_45016,RB5-513927,,RB51_2023_1,2023-03-31,,1
RB51_2023_1_45019,RB5-513927,,RB51_2023_1,2023-04-03,,1
RIB41_2023_1_44977,RIB4-510743,,RIB41_2023_1,2023-02-20,,1
RIB41_2023_1_44978,RIB4-510743,,RIB41_2023_1,2023-02-21,,1
RIB41_2023_1_44979,RIB4-510743,,RIB41_2023_1,2023-02-22,,1
RIB41_2023_1_44980,RIB4-510743,,RIB41_2023_1,2023-02-23,,1
RIB41_2023_1_44981,RIB4-510743,,RIB41_2023_1,2023-02-24,,1
RIB41_2023_1_44984,RIB4-510743,,RIB41_2023_1,2023-02-27,,1
RIB41_2023_1_44985,RIB4-510743,,RIB41_2023_1,2023-02-28,,1
RIB41_2023_1_44986,RIB4-510743,,RIB41_2023_1,2023-03-01,,1
RIB41_2023_1_44987,RIB4-510743,,RIB41_2023_1,2023-03-02,,1
RIB41_2023_1_44988,RIB4-510743,,RIB41_2023_1,2023-03-03,,1
SB101_2023_1_44980,SB10-505048,,SB101_2023_1,2023-02-23,,1
SB101_2023_1_44981,SB10-505048,,SB101_2023_1,2023-02-24,,1
SB101_2023_1_44984,SB10-505048,,SB101_2023_1,2023-02-27,,1
SB101_2023_1_44985,SB10-505048,,SB101_2023_1,2023-02-28,,1
SB101_2023_1_44986,SB10-505048,,SB101_2023_1,2023-03-01,,1
SB101_2023_1_44987,SB10-505048,,SB101_2023_1,2023-03-02,,1
SB101_2023_1_44988,SB10-505048,,SB101_2023_1,2023-03-03,,1
SB101_2023_1_44991,SB10-505048,,SB101_2023_1,2023-03-06,,1
SB101_2023_1_44992,SB10-505048,,SB101_2023_1,2023-03-07,,1
SB101_2023_1_44993,SB10-505048,,SB101_2023_1,2023-03-08,,1
SB101_2023_1_44994,SB10-505048,,SB101_2023_1,2023-03-09,,1
SB101_2023_1_44995,SB10-505048,,SB101_2023_1,2023-03-10,,1
SB101_2023_1_44998,SB10-505048,,SB101_2023_1,2023-03-13,,1
SB101_2023_1_44999,SB10-505048,,SB101_2023_1,2023-03-14,,1
SB101_2023_1_45000,SB10-505048,,SB101_2023_1,2023-03-15,,1
SB101_2023_1_45001,SB10-505048,,SB101_2023_1,2023-03-16,,1
SB101_2023_1_45002,SB10-505048,,SB101_2023_1,2023-03-17,,1
SB101_2023_1_45005,SB10-505048,,SB101_2023_1,2023-03-20,,1
SB101_2023_1_45006,SB10-505048,,SB101_2023_1,2023-03-21,,1
SB101_2023_1_45007,SB10-505048,,SB101_2023_1,2023-03-22,,1
SB101_2023_1_45008,SB10-505048,,SB101_2023_1,2023-03-23,,1
SB101_2023_1_45009,SB10-505048,,SB101_2023_1,2023-03-24,,1
SB101_2023_1_45012,SB10-505048,,SB101_2023_1,2023-03-27,,1
SB101_2023_1_45013,SB10-505048,,SB101_2023_1,2023-03-28,,1
SB101_2023_1_45014,SB10-505048,,SB101_2023_1,2023-03-29,,1
SB101_2023_1_45015,SB10-505048,,SB101_2023_1,2023-03-30,,1
SB101_2023_1_45016,SB10-505048,,SB101_2023_1,2023-03-31,,1
SB101_2023_1_45019,SB10-505048,,SB101_2023_1,2023-04-03,,1
SB101_2023_1_45020,SB10-505048,,SB101_2023_1,2023-04-04,,1
SB101_2023_1_45021,SB10-505048,,SB101_2023_1,2023-04-05,,1
SB101_2023_1_45022,SB10-505048,,SB101_2023_1,2023-04-06,,1
SB101_2023_1_45023,SB10-505048,,SB101_2023_1,2023-04-07,,1
SB101_2023_1_45026,SB10-505048,,SB101_2023_1,2023-04-10,,1
SB101_2023_1_45027,SB10-505048,,SB101_2023_1,2023-04-11,,1
SB101_2023_1_45028,SB10-505048,,SB101_2023_1,2023-04-12,,1
SB101_2023_1_45029,SB10-505048,,SB101_2023_1,2023-04-13,,1
SB101_2023_1_45030,SB10-505048,,SB101_2023_1,2023-04-14,,1
SB101_2023_1_45033,SB10-505048,,SB101_2023_1,2023-04-17,,1
SB101_2023_1_45034,SB10-505048,,SB101_2023_1,2023-04-18,,1
SB101_2023_1_45035,SB10-505048,,SB101_2023_1,2023-04-19,,1
SEB71_2022_1_44630,SEB7-464606,,SEB71_2022_1,2022-03-10,,1
SEB71_2022_1_44631,SEB7-464606,,SEB71_2022_1,2022-03-11,,1
SEB71_2022_1_44634,SEB7-464606,,SEB71_2022_1,2022-03-14,,1
SEB71_2022_1_44635,SEB7-464606,,SEB71_2022_1,2022-03-15,,1
SEB71_2022_1_44636,SEB7-464606,,SEB71_2022_1,2022-03-16,,1
SEB71_2022_1_44637,SEB7-464606,,SEB71_2022_1,2022-03-17,,1
SEB71_2022_1_44638,SEB7-464606,,SEB71_2022_1,2022-03-18,,1
SEB71_2022_1_44641,SEB7-464606,,SEB71_2022_1,2022-03-21,,1
SEB71_2022_1_44642,SEB7-464606,,SEB71_2022_1,2022-03-22,,1
SEB71_2022_1_44643,SEB7-464606,,SEB71_2022_1,2022-03-23,,1
SEB71_2022_1_44644,SEB7-464606,,SEB71_2022_1,2022-03-24,,1
SEB71_2022_1_44645,SEB7-464606,,SEB71_2022_1,2022-03-25,,1
SEB71_2022_1_44648,SEB7-464606,,SEB71_2022_1,2022-03-28,,1
SEB71_2022_1_44649,SEB7-464606,,SEB71_2022_1,2022-03-29,,1
SEB71_2022_1_44650,SEB7-464606,,SEB71_2022_1,2022-03-30,,1
SEB71_2022_1_44651,SEB7-464606,,SEB71_2022_1,2022-03-31,,1
SEB71_2022_1_44652,SEB7-464606,,SEB71_2022_1,2022-04-01,,1
SW11_2023_1_44977,SW1-503148,,SW11_2023_1,2023-02-20,,1
SW11_2023_1_44978,SW1-503148,,SW11_2023_1,2023-02-21,,1
SW11_2023_1_44979,SW1-503148,,SW11_2023_1,2023-02-22,,1
SW11_2023_1_44980,SW1-503148,,SW11_2023_1,2023-02-23,,1
SW11_2023_1_44981,SW1-503148,,SW11_2023_1,2023-02-24,,1
SW11_2023_1_44984,SW1-503148,,SW11_2023_1,2023-02-27,,1
SW11_2023_1_44985,SW1-503148,,SW11_2023_1,2023-02-28,,1
SW11_2023_1_44986,SW1-503148,,SW11_2023_1,2023-03-01,,1
SW11_2023_1_44987,SW1-503148,,SW11_2023_1,2023-03-02,,1
SW11_2023_1_44988,SW1-503148,,SW11_2023_1,2023-03-03,,1
SW11_2023_1_44991,SW1-503148,,SW11_2023_1,2023-03-06,,1
SW11_2023_1_44992,SW1-503148,,SW11_2023_1,2023-03-07,,1
SW11_2023_1_44993,SW1-503148,,SW11_2023_1,2023-03-08,,1
SW11_2023_1_44994,SW1-503148,,SW11_2023_1,2023-03-09,,1
SW11_2023_1_44995,SW1-503148,,SW11_2023_1,2023-03-10,,1
SW11_2023_1_44998,SW1-503148,,SW11_2023_1,2023-03-13,,1
SW11_2023_1_44999,SW1-503148,,SW11_2023_1,2023-03-14,,1
SW11_2023_1_45000,SW1-503148,,SW11_2023_1,2023-03-15,,1
SW11_2023_1_45001,SW1-503148,,SW11_2023_1,2023-03-16,,1
SW11_2023_1_45002,SW1-503148,,SW11_2023_1,2023-03-17,,1
SW11_2023_1_45005,SW1-503148,,SW11_2023_1,2023-03-20,,1
SW11_2023_1_45006,SW1-503148,,SW11_2023_1,2023-03-21,,1
SW11_2023_1_45007,SW1-503148,,SW11_2023_1,2023-03-22,,1
SW11_2023_1_45008,SW1-503148,,SW11_2023_1,2023-03-23,,1
SW11_2023_1_45009,SW1-503148,,SW11_2023_1,2023-03-24,,1
SW11_2023_1_45012,SW1-503148,,SW11_2023_1,2023-03-27,,1
SW11_2023_1_45013,SW1-503148,,SW11_2023_1,2023-03-28,,1
SW11_2023_1_45014,SW1-503148,,SW11_2023_1,2023-03-29,,1
SW11_2023_1_45015,SW1-503148,,SW11_2023_1,2023-03-30,,1
SW11_2023_1_45016,SW1-503148,,SW11_2023_1,2023-03-31,,1
SW11_2023_1_45019,SW1-503148,,SW11_2023_1,2023-04-03,,1
SW11_2023_1_45020,SW1-503148,,SW11_2023_1,2023-04-04,,1
SW11_2023_1_45021,SW1-503148,,SW11_2023_1,2023-04-05,,1
SW11_2023_1_45022,SW1-503148,,SW11_2023_1,2023-04-06,,1
SW11_2023_1_45023,SW1-503148,,SW11_2023_1,2023-04-07,,1
SW11_2023_1_45026,SW1-503148,,SW11_2023_1,2023-04-10,,1
SW11_2023_1_45027,SW1-503148,,SW11_2023_1,2023-04-11,,1
SW11_2023_1_45028,SW1-503148,,SW11_2023_1,2023-04-12,,1
SW11_2023_1_45029,SW1-503148,,SW11_2023_1,2023-04-13,,1
SW11_2023_1_45030,SW1-503148,,SW11_2023_1,2023-04-14,,1
SW11_2023_1_45033,SW1-503148,,SW11_2023_1,2023-04-17,,1
SW11_2023_1_45034,SW1-503148,,SW11_2023_1,2023-04-18,,1
SW11_2023_1_45035,SW1-503148,,SW11_2023_1,2023-04-19,,1
SW11_2022_2_44852,SW1-500233,,SW11_2022_2,2022-10-18,,2
SW11_2022_2_44853,SW1-500233,,SW11_2022_2,2022-10-19,,2
SW11_2022_2_44854,SW1-500233,,SW11_2022_2,2022-10-20,,2
SW11_2022_2_44855,SW1-500233,,SW11_2022_2,2022-10-21,,2
SW11_2022_2_44858,SW1-500233,,SW11_2022_2,2022-10-24,,2
SW11_2022_2_44859,SW1-500233,,SW11_2022_2,2022-10-25,,2
BB61_2020_2_44039,BB6-458865,,BB61_2020_2,2020-07-27,,2
BB61_2020_2_44040,BB6-458865,,BB61_2020_2,2020-07-28,,2
BB61_2020_2_44041,BB6-458865,,BB61_2020_2,2020-07-29,,2
BB61_2020_2_44042,BB6-458865,,BB61_2020_2,2020-07-30,,2
BB61_2020_2_44043,BB6-458865,,BB61_2020_2,2020-07-31,,2
BB61_2020_2_44046,BB6-458865,,BB61_2020_2,2020-08-03,,2
BB61_2020_2_44047,BB6-458865,,BB61_2020_2,2020-08-04,,2
BB61_2020_2_44048,BB6-458865,,BB61_2020_2,2020-08-05,,2
BB61_2020_2_44049,BB6-458865,,BB61_2020_2,2020-08-06,,2
BB61_2020_2_44050,BB6-458865,,BB61_2020_2,2020-08-07,,2
BB61_2020_2_44053,BB6-458865,,BB61_2020_2,2020-08-10,,2
BB61_2020_2_44054,BB6-458865,,BB61_2020_2,2020-08-11,,2
BB61_2020_2_44055,BB6-458865,,BB61_2020_2,2020-08-12,,2
BB61_2020_2_44056,BB6-458865,,BB61_2020_2,2020-08-13,,2
BB61_2020_2_44057,BB6-458865,,BB61_2020_2,2020-08-14,,2
BB61_2020_2_44060,BB6-458865,,BB61_2020_2,2020-08-17,,2
BB61_2020_2_44061,BB6-458865,,BB61_2020_2,2020-08-18,,2
BB61_2020_2_44062,BB6-458865,,BB61_2020_2,2020-08-19,,2
BB61_2020_2_44063,BB6-458865,,BB61_2020_2,2020-08-20,,2
BB61_2020_2_44064,BB6-458865,,BB61_2020_2,2020-08-21,,2
BB61_2020_2_44067,BB6-458865,,BB61_2020_2,2020-08-24,,2
BB61_2020_2_44068,BB6-458865,,BB61_2020_2,2020-08-25,,2
BB61_2020_2_44069,BB6-458865,,BB61_2020_2,2020-08-26,,2
BB61_2020_2_44070,BB6-458865,,BB61_2020_2,2020-08-27,,2
BB61_2020_2_44071,BB6-458865,,BB61_2020_2,2020-08-28,,2
BB61_2020_2_44074,BB6-458865,,BB61_2020_2,2020-08-31,,2
CIT21_2023_2_45056,CIT2-519001,,CIT21_2023_2,2023-05-10,,2
CIT21_2023_2_45057,CIT2-519001,,CIT21_2023_2,2023-05-11,,2
CIT21_2023_2_45058,CIT2-519001,,CIT21_2023_2,2023-05-12,,2
CIT21_2023_2_45061,CIT2-519001,,CIT21_2023_2,2023-05-15,,2
CIT21_2023_2_45062,CIT2-519001,,CIT21_2023_2,2023-05-16,,2
CIT21_2023_2_45063,CIT2-519001,,CIT21_2023_2,2023-05-17,,2
CIT22_2023_2_45121,CIT2-523606,,CIT22_2023_2,2023-07-14,,2
CIT22_2023_2_45124,CIT2-523606,,CIT22_2023_2,2023-07-17,,2
CIT22_2023_2_45125,CIT2-523606,,CIT22_2023_2,2023-07-18,,2
CIT22_2023_2_45126,CIT2-523606,,CIT22_2023_2,2023-07-19,,2
CIT22_2023_2_45127,CIT2-523606,,CIT22_2023_2,2023-07-20,,2
CIT22_2023_2_45128,CIT2-523606,,CIT22_2023_2,2023-07-21,,2
CIT22_2023_2_45131,CIT2-523606,,CIT22_2023_2,2023-07-24,,2
CIT22_2023_2_45132,CIT2-523606,,CIT22_2023_2,2023-07-25,,2
CIT22_2023_2_45133,CIT2-523606,,CIT22_2023_2,2023-07-26,,2
CIT22_2023_2_45134,CIT2-523606,,CIT22_2023_2,2023-07-27,,2
CIT22_2023_2_45135,CIT2-523606,,CIT22_2023_2,2023-07-28,,2
CIT22_2023_2_45138,CIT2-523606,,CIT22_2023_2,2023-07-31,,2
CIT22_2023_2_45139,CIT2-523606,,CIT22_2023_2,2023-08-01,,2
CIT22_2023_2_45140,CIT2-523606,,CIT22_2023_2,2023-08-02,,2
CIT22_2023_2_45141,CIT2-523606,,CIT22_2023_2,2023-08-03,,2
CIT22_2023_2_45142,CIT2-523606,,CIT22_2023_2,2023-08-04,,2
CIT22_2023_2_45145,CIT2-523606,,CIT22_2023_2,2023-08-07,,2
INB81_2022_2_44683,INB8-468251,,INB81_2022_2,2022-05-02,,2
INB81_2022_2_44684,INB8-468251,,INB81_2022_2,2022-05-03,,2
INB81_2022_2_44685,INB8-468251,,INB81_2022_2,2022-05-04,,2
INB81_2022_2_44686,INB8-468251,,INB81_2022_2,2022-05-05,,2
INB81_2022_2_44687,INB8-468251,,INB81_2022_2,2022-05-06,,2
INB81_2022_2_44690,INB8-468251,,INB81_2022_2,2022-05-09,,2
INB81_2022_2_44691,INB8-468251,,INB81_2022_2,2022-05-10,,2
LB32_2020_2_44068,LB3-390914,,LB32_2020_2,2020-08-25,,2
LB32_2020_2_44069,LB3-390914,,LB32_2020_2,2020-08-26,,2
LB32_2020_2_44070,LB3-390914,,LB32_2020_2,2020-08-27,,2
LB32_2020_2_44071,LB3-390914,,LB32_2020_2,2020-08-28,,2
LB31_2020_2_43819,LB3-446667,,LB31_2020_2,2019-12-20,,2
LB31_2020_2_43822,LB3-446667,,LB31_2020_2,2019-12-23,,2
LB31_2020_2_43823,LB3-446667,,LB31_2020_2,2019-12-24,,2
LB31_2020_2_43824,LB3-446667,,LB31_2020_2,2019-12-25,,2
LB31_2020_2_43825,LB3-446667,,LB31_2020_2,2019-12-26,,2
LB31_2020_2_43826,LB3-446667,,LB31_2020_2,2019-12-27,,2
LB31_2020_2_43829,LB3-446667,,LB31_2020_2,2019-12-30,,2
LB31_2020_2_43830,LB3-446667,,LB31_2020_2,2019-12-31,,2
LB31_2020_2_43831,LB3-446667,,LB31_2020_2,2020-01-01,,2
LB31_2020_2_43832,LB3-446667,,LB31_2020_2,2020-01-02,,2
LB31_2020_2_43833,LB3-446667,,LB31_2020_2,2020-01-03,,2
LUB91_2022_2_44722,LUB9-487325,,LUB91_2022_2,2022-06-10,,2
LUB91_2022_2_44725,LUB9-487325,,LUB91_2022_2,2022-06-13,,2
LUB91_2022_2_44726,LUB9-487325,,LUB91_2022_2,2022-06-14,,2
LUB91_2022_2_44727,LUB9-487325,,LUB91_2022_2,2022-06-15,,2
RB51_2023_2_45012,RB5-513927,,RB51_2023_2,2023-03-27,,2
RB51_2023_2_45013,RB5-513927,,RB51_2023_2,2023-03-28,,2
RB51_2023_2_45014,RB5-513927,,RB51_2023_2,2023-03-29,,2
RB51_2023_2_45015,RB5-513927,,RB51_2023_2,2023-03-30,,2
RB51_2023_2_45016,RB5-513927,,RB51_2023_2,2023-03-31,,2
RB51_2023_2_45019,RB5-513927,,RB51_2023_2,2023-04-03,,2
RIB41_2023_2_44977,RIB4-510743,,RIB41_2023_2,2023-02-20,,2
RIB41_2023_2_44978,RIB4-510743,,RIB41_2023_2,2023-02-21,,2
RIB41_2023_2_44979,RIB4-510743,,RIB41_2023_2,2023-02-22,,2
RIB41_2023_2_44980,RIB4-510743,,RIB41_2023_2,2023-02-23,,2
RIB41_2023_2_44981,RIB4-510743,,RIB41_2023_2,2023-02-24,,2
RIB41_2023_2_44984,RIB4-510743,,RIB41_2023_2,2023-02-27,,2
RIB41_2023_2_44985,RIB4-510743,,RIB41_2023_2,2023-02-28,,2
RIB41_2023_2_44986,RIB4-510743,,RIB41_2023_2,2023-03-01,,2
RIB41_2023_2_44987,RIB4-510743,,RIB41_2023_2,2023-03-02,,2
RIB41_2023_2_44988,RIB4-510743,,RIB41_2023_2,2023-03-03,,2
SB101_2023_2_44980,SB10-505048,,SB101_2023_2,2023-02-23,,2
SB101_2023_2_44981,SB10-505048,,SB101_2023_2,2023-02-24,,2
SB101_2023_2_44984,SB10-505048,,SB101_2023_2,2023-02-27,,2
SB101_2023_2_44985,SB10-505048,,SB101_2023_2,2023-02-28,,2
SB101_2023_2_44986,SB10-505048,,SB101_2023_2,2023-03-01,,2
SB101_2023_2_44987,SB10-505048,,SB101_2023_2,2023-03-02,,2
SB101_2023_2_44988,SB10-505048,,SB101_2023_2,2023-03-03,,2
SB101_2023_2_44991,SB10-505048,,SB101_2023_2,2023-03-06,,2
SB101_2023_2_44992,SB10-505048,,SB101_2023_2,2023-03-07,,2
SB101_2023_2_44993,SB10-505048,,SB101_2023_2,2023-03-08,,2
SB101_2023_2_44994,SB10-505048,,SB101_2023_2,2023-03-09,,2
SB101_2023_2_44995,SB10-505048,,SB101_2023_2,2023-03-10,,2
SB101_2023_2_44998,SB10-505048,,SB101_2023_2,2023-03-13,,2
SB101_2023_2_44999,SB10-505048,,SB101_2023_2,2023-03-14,,2
SB101_2023_2_45000,SB10-505048,,SB101_2023_2,2023-03-15,,2
SB101_2023_2_45001,SB10-505048,,SB101_2023_2,2023-03-16,,2
SB101_2023_2_45002,SB10-505048,,SB101_2023_2,2023-03-17,,2
SB101_2023_2_45005,SB10-505048,,SB101_2023_2,2023-03-20,,2
SB101_2023_2_45006,SB10-505048,,SB101_2023_2,2023-03-21,,2
SB101_2023_2_45007,SB10-505048,,SB101_2023_2,2023-03-22,,2
SB101_2023_2_45008,SB10-505048,,SB101_2023_2,2023-03-23,,2
SB101_2023_2_45009,SB10-505048,,SB101_2023_2,2023-03-24,,2
SB101_2023_2_45012,SB10-505048,,SB101_2023_2,2023-03-27,,2
SB101_2023_2_45013,SB10-505048,,SB101_2023_2,2023-03-28,,2
SB101_2023_2_45014,SB10-505048,,SB101_2023_2,2023-03-29,,2
SB101_2023_2_45015,SB10-505048,,SB101_2023_2,2023-03-30,,2
SB101_2023_2_45016,SB10-505048,,SB101_2023_2,2023-03-31,,2
SB101_2023_2_45019,SB10-505048,,SB101_2023_2,2023-04-03,,2
SB101_2023_2_45020,SB10-505048,,SB101_2023_2,2023-04-04,,2
SB101_2023_2_45021,SB10-505048,,SB101_2023_2,2023-04-05,,2
SB101_2023_2_45022,SB10-505048,,SB101_2023_2,2023-04-06,,2
SB101_2023_2_45023,SB10-505048,,SB101_2023_2,2023-04-07,,2
SB101_2023_2_45026,SB10-505048,,SB101_2023_2,2023-04-10,,2
SB101_2023_2_45027,SB10-505048,,SB101_2023_2,2023-04-11,,2
SB101_2023_2_45028,SB10-505048,,SB101_2023_2,2023-04-12,,2
SB101_2023_2_45029,SB10-505048,,SB101_2023_2,2023-04-13,,2
SB101_2023_2_45030,SB10-505048,,SB101_2023_2,2023-04-14,,2
SB101_2023_2_45033,SB10-505048,,SB101_2023_2,2023-04-17,,2
SB101_2023_2_45034,SB10-505048,,SB101_2023_2,2023-04-18,,2
SB101_2023_2_45035,SB10-505048,,SB101_2023_2,2023-04-19,,2
SEB71_2022_2_44630,SEB7-464606,,SEB71_2022_2,2022-03-10,,2
SEB71_2022_2_44631,SEB7-464606,,SEB71_2022_2,2022-03-11,,2
SEB71_2022_2_44634,SEB7-464606,,SEB71_2022_2,2022-03-14,,2
SEB71_2022_2_44635,SEB7-464606,,SEB71_2022_2,2022-03-15,,2
SEB71_2022_2_44636,SEB7-464606,,SEB71_2022_2,2022-03-16,,2
SEB71_2022_2_44637,SEB7-464606,,SEB71_2022_2,2022-03-17,,2
SEB71_2022_2_44638,SEB7-464606,,SEB71_2022_2,2022-03-18,,2
SEB71_2022_2_44641,SEB7-464606,,SEB71_2022_2,2022-03-21,,2
SEB71_2022_2_44642,SEB7-464606,,SEB71_2022_2,2022-03-22,,2
SEB71_2022_2_44643,SEB7-464606,,SEB71_2022_2,2022-03-23,,2
SEB71_2022_2_44644,SEB7-464606,,SEB71_2022_2,2022-03-24,,2
SEB71_2022_2_44645,SEB7-464606,,SEB71_2022_2,2022-03-25,,2
SEB71_2022_2_44648,SEB7-464606,,SEB71_2022_2,2022-03-28,,2
SEB71_2022_2_44649,SEB7-464606,,SEB71_2022_2,2022-03-29,,2
SEB71_2022_2_44650,SEB7-464606,,SEB71_2022_2,2022-03-30,,2
SEB71_2022_2_44651,SEB7-464606,,SEB71_2022_2,2022-03-31,,2
SEB71_2022_2_44652,SEB7-464606,,SEB71_2022_2,2022-04-01,,2
SW11_2023_2_44977,SW1-503148,,SW11_2023_2,2023-02-20,,2
SW11_2023_2_44978,SW1-503148,,SW11_2023_2,2023-02-21,,2
SW11_2023_2_44979,SW1-503148,,SW11_2023_2,2023-02-22,,2
SW11_2023_2_44980,SW1-503148,,SW11_2023_2,2023-02-23,,2
SW11_2023_2_44981,SW1-503148,,SW11_2023_2,2023-02-24,,2
SW11_2023_2_44984,SW1-503148,,SW11_2023_2,2023-02-27,,2
SW11_2023_2_44985,SW1-503148,,SW11_2023_2,2023-02-28,,2
SW11_2023_2_44986,SW1-503148,,SW11_2023_2,2023-03-01,,2
SW11_2023_2_44987,SW1-503148,,SW11_2023_2,2023-03-02,,2
SW11_2023_2_44988,SW1-503148,,SW11_2023_2,2023-03-03,,2
SW11_2023_2_44991,SW1-503148,,SW11_2023_2,2023-03-06,,2
SW11_2023_2_44992,SW1-503148,,SW11_2023_2,2023-03-07,,2
SW11_2023_2_44993,SW1-503148,,SW11_2023_2,2023-03-08,,2
SW11_2023_2_44994,SW1-503148,,SW11_2023_2,2023-03-09,,2
SW11_2023_2_44995,SW1-503148,,SW11_2023_2,2023-03-10,,2
SW11_2023_2_44998,SW1-503148,,SW11_2023_2,2023-03-13,,2
SW11_2023_2_44999,SW1-503148,,SW11_2023_2,2023-03-14,,2
SW11_2023_2_45000,SW1-503148,,SW11_2023_2,2023-03-15,,2
SW11_2023_2_45001,SW1-503148,,SW11_2023_2,2023-03-16,,2
SW11_2023_2_45002,SW1-503148,,SW11_2023_2,2023-03-17,,2
SW11_2023_2_45005,SW1-503148,,SW11_2023_2,2023-03-20,,2
SW11_2023_2_45006,SW1-503148,,SW11_2023_2,2023-03-21,,2
SW11_2023_2_45007,SW1-503148,,SW11_2023_2,2023-03-22,,2
SW11_2023_2_45008,SW1-503148,,SW11_2023_2,2023-03-23,,2
SW11_2023_2_45009,SW1-503148,,SW11_2023_2,2023-03-24,,2
SW11_2023_2_45012,SW1-503148,,SW11_2023_2,2023-03-27,,2
SW11_2023_2_45013,SW1-503148,,SW11_2023_2,2023-03-28,,2
SW11_2023_2_45014,SW1-503148,,SW11_2023_2,2023-03-29,,2
SW11_2023_2_45015,SW1-503148,,SW11_2023_2,2023-03-30,,2
SW11_2023_2_45016,SW1-503148,,SW11_2023_2,2023-03-31,,2
SW11_2023_2_45019,SW1-503148,,SW11_2023_2,2023-04-03,,2
SW11_2023_2_45020,SW1-503148,,SW11_2023_2,2023-04-04,,2
SW11_2023_2_45021,SW1-503148,,SW11_2023_2,2023-04-05,,2
SW11_2023_2_45022,SW1-503148,,SW11_2023_2,2023-04-06,,2
SW11_2023_2_45023,SW1-503148,,SW11_2023_2,2023-04-07,,2
SW11_2023_2_45026,SW1-503148,,SW11_2023_2,2023-04-10,,2
SW11_2023_2_45027,SW1-503148,,SW11_2023_2,2023-04-11,,2
SW11_2023_2_45028,SW1-503148,,SW11_2023_2,2023-04-12,,2
SW11_2023_2_45029,SW1-503148,,SW11_2023_2,2023-04-13,,2
SW11_2023_2_45030,SW1-503148,,SW11_2023_2,2023-04-14,,2
SW11_2023_2_45033,SW1-503148,,SW11_2023_2,2023-04-17,,2
SW11_2023_2_45034,SW1-503148,,SW11_2023_2,2023-04-18,,2
SW11_2023_2_45035,SW1-503148,,SW11_2023_2,2023-04-19,,2
SW11_2022_3_44852,SW1-500233,,SW11_2022_3,2022-10-18,,5
SW11_2022_3_44853,SW1-500233,,SW11_2022_3,2022-10-19,,5
SW11_2022_3_44854,SW1-500233,,SW11_2022_3,2022-10-20,,5
SW11_2022_3_44855,SW1-500233,,SW11_2022_3,2022-10-21,,5
SW11_2022_3_44858,SW1-500233,,SW11_2022_3,2022-10-24,,5
SW11_2022_3_44859,SW1-500233,,SW11_2022_3,2022-10-25,,5
BB61_2020_3_44039,BB6-458865,,BB61_2020_3,2020-07-27,,5
BB61_2020_3_44040,BB6-458865,,BB61_2020_3,2020-07-28,,5
BB61_2020_3_44041,BB6-458865,,BB61_2020_3,2020-07-29,,5
BB61_2020_3_44042,BB6-458865,,BB61_2020_3,2020-07-30,,5
BB61_2020_3_44043,BB6-458865,,BB61_2020_3,2020-07-31,,5
BB61_2020_3_44046,BB6-458865,,BB61_2020_3,2020-08-03,,5
BB61_2020_3_44047,BB6-458865,,BB61_2020_3,2020-08-04,,5
BB61_2020_3_44048,BB6-458865,,BB61_2020_3,2020-08-05,,5
BB61_2020_3_44049,BB6-458865,,BB61_2020_3,2020-08-06,,5
BB61_2020_3_44050,BB6-458865,,BB61_2020_3,2020-08-07,,5
BB61_2020_3_44053,BB6-458865,,BB61_2020_3,2020-08-10,,5
BB61_2020_3_44054,BB6-458865,,BB61_2020_3,2020-08-11,,5
BB61_2020_3_44055,BB6-458865,,BB61_2020_3,2020-08-12,,5
BB61_2020_3_44056,BB6-458865,,BB61_2020_3,2020-08-13,,5
BB61_2020_3_44057,BB6-458865,,BB61_2020_3,2020-08-14,,5
BB61_2020_3_44060,BB6-458865,,BB61_2020_3,2020-08-17,,5
BB61_2020_3_44061,BB6-458865,,BB61_2020_3,2020-08-18,,5
BB61_2020_3_44062,BB6-458865,,BB61_2020_3,2020-08-19,,5
BB61_2020_3_44063,BB6-458865,,BB61_2020_3,2020-08-20,,5
BB61_2020_3_44064,BB6-458865,,BB61_2020_3,2020-08-21,,5
BB61_2020_3_44067,BB6-458865,,BB61_2020_3,2020-08-24,,5
BB61_2020_3_44068,BB6-458865,,BB61_2020_3,2020-08-25,,5
BB61_2020_3_44069,BB6-458865,,BB61_2020_3,2020-08-26,,5
BB61_2020_3_44070,BB6-458865,,BB61_2020_3,2020-08-27,,5
BB61_2020_3_44071,BB6-458865,,BB61_2020_3,2020-08-28,,5
BB61_2020_3_44074,BB6-458865,,BB61_2020_3,2020-08-31,,5
CIT21_2023_3_45056,CIT2-519001,,CIT21_2023_3,2023-05-10,,5
CIT21_2023_3_45057,CIT2-519001,,CIT21_2023_3,2023-05-11,,5
CIT21_2023_3_45058,CIT2-519001,,CIT21_2023_3,2023-05-12,,5
CIT21_2023_3_45061,CIT2-519001,,CIT21_2023_3,2023-05-15,,5
CIT21_2023_3_45062,CIT2-519001,,CIT21_2023_3,2023-05-16,,5
CIT21_2023_3_45063,CIT2-519001,,CIT21_2023_3,2023-05-17,,5
CIT22_2023_3_45121,CIT2-523606,,CIT22_2023_3,2023-07-14,,5
CIT22_2023_3_45124,CIT2-523606,,CIT22_2023_3,2023-07-17,,5
CIT22_2023_3_45125,CIT2-523606,,CIT22_2023_3,2023-07-18,,5
CIT22_2023_3_45126,CIT2-523606,,CIT22_2023_3,2023-07-19,,5
CIT22_2023_3_45127,CIT2-523606,,CIT22_2023_3,2023-07-20,,5
CIT22_2023_3_45128,CIT2-523606,,CIT22_2023_3,2023-07-21,,5
CIT22_2023_3_45131,CIT2-523606,,CIT22_2023_3,2023-07-24,,5
CIT22_2023_3_45132,CIT2-523606,,CIT22_2023_3,2023-07-25,,5
CIT22_2023_3_45133,CIT2-523606,,CIT22_2023_3,2023-07-26,,5
CIT22_2023_3_45134,CIT2-523606,,CIT22_2023_3,2023-07-27,,5
CIT22_2023_3_45135,CIT2-523606,,CIT22_2023_3,2023-07-28,,5
CIT22_2023_3_45138,CIT2-523606,,CIT22_2023_3,2023-07-31,,5
CIT22_2023_3_45139,CIT2-523606,,CIT22_2023_3,2023-08-01,,5
CIT22_2023_3_45140,CIT2-523606,,CIT22_2023_3,2023-08-02,,5
CIT22_2023_3_45141,CIT2-523606,,CIT22_2023_3,2023-08-03,,5
CIT22_2023_3_45142,CIT2-523606,,CIT22_2023_3,2023-08-04,,5
CIT22_2023_3_45145,CIT2-523606,,CIT22_2023_3,2023-08-07,,5
INB81_2022_3_44683,INB8-468251,,INB81_2022_3,2022-05-02,,5
INB81_2022_3_44684,INB8-468251,,INB81_2022_3,2022-05-03,,5
INB81_2022_3_44685,INB8-468251,,INB81_2022_3,2022-05-04,,5
INB81_2022_3_44686,INB8-468251,,INB81_2022_3,2022-05-05,,5
INB81_2022_3_44687,INB8-468251,,INB81_2022_3,2022-05-06,,5
INB81_2022_3_44690,INB8-468251,,INB81_2022_3,2022-05-09,,5
INB81_2022_3_44691,INB8-468251,,INB81_2022_3,2022-05-10,,5
LB32_2020_3_44068,LB3-390914,,LB32_2020_3,2020-08-25,,5
LB32_2020_3_44069,LB3-390914,,LB32_2020_3,2020-08-26,,5
LB32_2020_3_44070,LB3-390914,,LB32_2020_3,2020-08-27,,5
LB32_2020_3_44071,LB3-390914,,LB32_2020_3,2020-08-28,,5
LB31_2020_3_43819,LB3-446667,,LB31_2020_3,2019-12-20,,5
LB31_2020_3_43822,LB3-446667,,LB31_2020_3,2019-12-23,,5
LB31_2020_3_43823,LB3-446667,,LB31_2020_3,2019-12-24,,5
LB31_2020_3_43824,LB3-446667,,LB31_2020_3,2019-12-25,,5
LB31_2020_3_43825,LB3-446667,,LB31_2020_3,2019-12-26,,5
LB31_2020_3_43826,LB3-446667,,LB31_2020_3,2019-12-27,,5
LB31_2020_3_43829,LB3-446667,,LB31_2020_3,2019-12-30,,5
LB31_2020_3_43830,LB3-446667,,LB31_2020_3,2019-12-31,,5
LB31_2020_3_43831,LB3-446667,,LB31_2020_3,2020-01-01,,5
LB31_2020_3_43832,LB3-446667,,LB31_2020_3,2020-01-02,,5
LB31_2020_3_43833,LB3-446667,,LB31_2020_3,2020-01-03,,5
LUB91_2022_3_44722,LUB9-487325,,LUB91_2022_3,2022-06-10,,5
LUB91_2022_3_44725,LUB9-487325,,LUB91_2022_3,2022-06-13,,5
LUB91_2022_3_44726,LUB9-487325,,LUB91_2022_3,2022-06-14,,5
LUB91_2022_3_44727,LUB9-487325,,LUB91_2022_3,2022-06-15,,5
RB51_2023_3_45012,RB5-513927,,RB51_2023_3,2023-03-27,,5
RB51_2023_3_45013,RB5-513927,,RB51_2023_3,2023-03-28,,5
RB51_2023_3_45014,RB5-513927,,RB51_2023_3,2023-03-29,,5
RB51_2023_3_45015,RB5-513927,,RB51_2023_3,2023-03-30,,5
RB51_2023_3_45016,RB5-513927,,RB51_2023_3,2023-03-31,,5
RB51_2023_3_45019,RB5-513927,,RB51_2023_3,2023-04-03,,5
RIB41_2023_3_44977,RIB4-510743,,RIB41_2023_3,2023-02-20,,5
RIB41_2023_3_44978,RIB4-510743,,RIB41_2023_3,2023-02-21,,5
RIB41_2023_3_44979,RIB4-510743,,RIB41_2023_3,2023-02-22,,5
RIB41_2023_3_44980,RIB4-510743,,RIB41_2023_3,2023-02-23,,5
RIB41_2023_3_44981,RIB4-510743,,RIB41_2023_3,2023-02-24,,5
RIB41_2023_3_44984,RIB4-510743,,RIB41_2023_3,2023-02-27,,5
RIB41_2023_3_44985,RIB4-510743,,RIB41_2023_3,2023-02-28,,5
RIB41_2023_3_44986,RIB4-510743,,RIB41_2023_3,2023-03-01,,5
RIB41_2023_3_44987,RIB4-510743,,RIB41_2023_3,2023-03-02,,5
RIB41_2023_3_44988,RIB4-510743,,RIB41_2023_3,2023-03-03,,5
SB101_2023_3_44980,SB10-505048,,SB101_2023_3,2023-02-23,,5
SB101_2023_3_44981,SB10-505048,,SB101_2023_3,2023-02-24,,5
SB101_2023_3_44984,SB10-505048,,SB101_2023_3,2023-02-27,,5
SB101_2023_3_44985,SB10-505048,,SB101_2023_3,2023-02-28,,5
SB101_2023_3_44986,SB10-505048,,SB101_2023_3,2023-03-01,,5
SB101_2023_3_44987,SB10-505048,,SB101_2023_3,2023-03-02,,5
SB101_2023_3_44988,SB10-505048,,SB101_2023_3,2023-03-03,,5
SB101_2023_3_44991,SB10-505048,,SB101_2023_3,2023-03-06,,5
SB101_2023_3_44992,SB10-505048,,SB101_2023_3,2023-03-07,,5
SB101_2023_3_44993,SB10-505048,,SB101_2023_3,2023-03-08,,5
SB101_2023_3_44994,SB10-505048,,SB101_2023_3,2023-03-09,,5
SB101_2023_3_44995,SB10-505048,,SB101_2023_3,2023-03-10,,5
SB101_2023_3_44998,SB10-505048,,SB101_2023_3,2023-03-13,,5
SB101_2023_3_44999,SB10-505048,,SB101_2023_3,2023-03-14,,5
SB101_2023_3_45000,SB10-505048,,SB101_2023_3,2023-03-15,,5
SB101_2023_3_45001,SB10-505048,,SB101_2023_3,2023-03-16,,5
SB101_2023_3_45002,SB10-505048,,SB101_2023_3,2023-03-17,,5
SB101_2023_3_45005,SB10-505048,,SB101_2023_3,2023-03-20,,5
SB101_2023_3_45006,SB10-505048,,SB101_2023_3,2023-03-21,,5
SB101_2023_3_45007,SB10-505048,,SB101_2023_3,2023-03-22,,5
SB101_2023_3_45008,SB10-505048,,SB101_2023_3,2023-03-23,,5
SB101_2023_3_45009,SB10-505048,,SB101_2023_3,2023-03-24,,5
SB101_2023_3_45012,SB10-505048,,SB101_2023_3,2023-03-27,,5
SB101_2023_3_45013,SB10-505048,,SB101_2023_3,2023-03-28,,5
SB101_2023_3_45014,SB10-505048,,SB101_2023_3,2023-03-29,,5
SB101_2023_3_45015,SB10-505048,,SB101_2023_3,2023-03-30,,5
SB101_2023_3_45016,SB10-505048,,SB101_2023_3,2023-03-31,,5
SB101_2023_3_45019,SB10-505048,,SB101_2023_3,2023-04-03,,5
SB101_2023_3_45020,SB10-505048,,SB101_2023_3,2023-04-04,,5
SB101_2023_3_45021,SB10-505048,,SB101_2023_3,2023-04-05,,5
SB101_2023_3_45022,SB10-505048,,SB101_2023_3,2023-04-06,,5
SB101_2023_3_45023,SB10-505048,,SB101_2023_3,2023-04-07,,5
SB101_2023_3_45026,SB10-505048,,SB101_2023_3,2023-04-10,,5
SB101_2023_3_45027,SB10-505048,,SB101_2023_3,2023-04-11,,5
SB101_2023_3_45028,SB10-505048,,SB101_2023_3,2023-04-12,,5
SB101_2023_3_45029,SB10-505048,,SB101_2023_3,2023-04-13,,5
SB101_2023_3_45030,SB10-505048,,SB101_2023_3,2023-04-14,,5
SB101_2023_3_45033,SB10-505048,,SB101_2023_3,2023-04-17,,5
SB101_2023_3_45034,SB10-505048,,SB101_2023_3,2023-04-18,,5
SB101_2023_3_45035,SB10-505048,,SB101_2023_3,2023-04-19,,5
SEB71_2022_3_44630,SEB7-464606,,SEB71_2022_3,2022-03-10,,5
SEB71_2022_3_44631,SEB7-464606,,SEB71_2022_3,2022-03-11,,5
SEB71_2022_3_44634,SEB7-464606,,SEB71_2022_3,2022-03-14,,5
SEB71_2022_3_44635,SEB7-464606,,SEB71_2022_3,2022-03-15,,5
SEB71_2022_3_44636,SEB7-464606,,SEB71_2022_3,2022-03-16,,5
SEB71_2022_3_44637,SEB7-464606,,SEB71_2022_3,2022-03-17,,5
SEB71_2022_3_44638,SEB7-464606,,SEB71_2022_3,2022-03-18,,5
SEB71_2022_3_44641,SEB7-464606,,SEB71_2022_3,2022-03-21,,5
SEB71_2022_3_44642,SEB7-464606,,SEB71_2022_3,2022-03-22,,5
SEB71_2022_3_44643,SEB7-464606,,SEB71_2022_3,2022-03-23,,5
SEB71_2022_3_44644,SEB7-464606,,SEB71_2022_3,2022-03-24,,5
SEB71_2022_3_44645,SEB7-464606,,SEB71_2022_3,2022-03-25,,5
SEB71_2022_3_44648,SEB7-464606,,SEB71_2022_3,2022-03-28,,5
SEB71_2022_3_44649,SEB7-464606,,SEB71_2022_3,2022-03-29,,5
SEB71_2022_3_44650,SEB7-464606,,SEB71_2022_3,2022-03-30,,5
SEB71_2022_3_44651,SEB7-464606,,SEB71_2022_3,2022-03-31,,5
SEB71_2022_3_44652,SEB7-464606,,SEB71_2022_3,2022-04-01,,5
SW11_2023_3_44977,SW1-503148,,SW11_2023_3,2023-02-20,,5
SW11_2023_3_44978,SW1-503148,,SW11_2023_3,2023-02-21,,5
SW11_2023_3_44979,SW1-503148,,SW11_2023_3,2023-02-22,,5
SW11_2023_3_44980,SW1-503148,,SW11_2023_3,2023-02-23,,5
SW11_2023_3_44981,SW1-503148,,SW11_2023_3,2023-02-24,,5
SW11_2023_3_44984,SW1-503148,,SW11_2023_3,2023-02-27,,5
SW11_2023_3_44985,SW1-503148,,SW11_2023_3,2023-02-28,,5
SW11_2023_3_44986,SW1-503148,,SW11_2023_3,2023-03-01,,5
SW11_2023_3_44987,SW1-503148,,SW11_2023_3,2023-03-02,,5
SW11_2023_3_44988,SW1-503148,,SW11_2023_3,2023-03-03,,5
SW11_2023_3_44991,SW1-503148,,SW11_2023_3,2023-03-06,,5
SW11_2023_3_44992,SW1-503148,,SW11_2023_3,2023-03-07,,5
SW11_2023_3_44993,SW1-503148,,SW11_2023_3,2023-03-08,,5
SW11_2023_3_44994,SW1-503148,,SW11_2023_3,2023-03-09,,5
SW11_2023_3_44995,SW1-503148,,SW11_2023_3,2023-03-10,,5
SW11_2023_3_44998,SW1-503148,,SW11_2023_3,2023-03-13,,5
SW11_2023_3_44999,SW1-503148,,SW11_2023_3,2023-03-14,,5
SW11_2023_3_45000,SW1-503148,,SW11_2023_3,2023-03-15,,5
SW11_2023_3_45001,SW1-503148,,SW11_2023_3,2023-03-16,,5
SW11_2023_3_45002,SW1-503148,,SW11_2023_3,2023-03-17,,5
SW11_2023_3_45005,SW1-503148,,SW11_2023_3,2023-03-20,,5
SW11_2023_3_45006,SW1-503148,,SW11_2023_3,2023-03-21,,5
SW11_2023_3_45007,SW1-503148,,SW11_2023_3,2023-03-22,,5
SW11_2023_3_45008,SW1-503148,,SW11_2023_3,2023-03-23,,5
SW11_2023_3_45009,SW1-503148,,SW11_2023_3,2023-03-24,,5
SW11_2023_3_45012,SW1-503148,,SW11_2023_3,2023-03-27,,5
SW11_2023_3_45013,SW1-503148,,SW11_2023_3,2023-03-28,,5
SW11_2023_3_45014,SW1-503148,,SW11_2023_3,2023-03-29,,5
SW11_2023_3_45015,SW1-503148,,SW11_2023_3,2023-03-30,,5
SW11_2023_3_45016,SW1-503148,,SW11_2023_3,2023-03-31,,5
SW11_2023_3_45019,SW1-503148,,SW11_2023_3,2023-04-03,,5
SW11_2023_3_45020,SW1-503148,,SW11_2023_3,2023-04-04,,5
SW11_2023_3_45021,SW1-503148,,SW11_2023_3,2023-04-05,,5
SW11_2023_3_45022,SW1-503148,,SW11_2023_3,2023-04-06,,5
SW11_2023_3_45023,SW1-503148,,SW11_2023_3,2023-04-07,,5
SW11_2023_3_45026,SW1-503148,,SW11_2023_3,2023-04-10,,5
SW11_2023_3_45027,SW1-503148,,SW11_2023_3,2023-04-11,,5
SW11_2023_3_45028,SW1-503148,,SW11_2023_3,2023-04-12,,5
SW11_2023_3_45029,SW1-503148,,SW11_2023_3,2023-04-13,,5
SW11_2023_3_45030,SW1-503148,,SW11_2023_3,2023-04-14,,5
SW11_2023_3_45033,SW1-503148,,SW11_2023_3,2023-04-17,,5
SW11_2023_3_45034,SW1-503148,,SW11_2023_3,2023-04-18,,5
SW11_2023_3_45035,SW1-503148,,SW11_2023_3,2023-04-19,,5
SW11_2022_4_44852,SW1-500233,,SW11_2022_4,2022-10-18,,5
SW11_2022_4_44853,SW1-500233,,SW11_2022_4,2022-10-19,,5
SW11_2022_4_44854,SW1-500233,,SW11_2022_4,2022-10-20,,5
SW11_2022_4_44855,SW1-500233,,SW11_2022_4,2022-10-21,,5
SW11_2022_4_44858,SW1-500233,,SW11_2022_4,2022-10-24,,5
SW11_2022_4_44859,SW1-500233,,SW11_2022_4,2022-10-25,,5
BB61_2020_4_44039,BB6-458865,,BB61_2020_4,2020-07-27,,5
BB61_2020_4_44040,BB6-458865,,BB61_2020_4,2020-07-28,,5
BB61_2020_4_44041,BB6-458865,,BB61_2020_4,2020-07-29,,5
BB61_2020_4_44042,BB6-458865,,BB61_2020_4,2020-07-30,,5
BB61_2020_4_44043,BB6-458865,,BB61_2020_4,2020-07-31,,5
BB61_2020_4_44046,BB6-458865,,BB61_2020_4,2020-08-03,,5
BB61_2020_4_44047,BB6-458865,,BB61_2020_4,2020-08-04,,5
BB61_2020_4_44048,BB6-458865,,BB61_2020_4,2020-08-05,,5
BB61_2020_4_44049,BB6-458865,,BB61_2020_4,2020-08-06,,5
BB61_2020_4_44050,BB6-458865,,BB61_2020_4,2020-08-07,,5
BB61_2020_4_44053,BB6-458865,,BB61_2020_4,2020-08-10,,5
BB61_2020_4_44054,BB6-458865,,BB61_2020_4,2020-08-11,,5
BB61_2020_4_44055,BB6-458865,,BB61_2020_4,2020-08-12,,5
BB61_2020_4_44056,BB6-458865,,BB61_2020_4,2020-08-13,,5
BB61_2020_4_44057,BB6-458865,,BB61_2020_4,2020-08-14,,5
BB61_2020_4_44060,BB6-458865,,BB61_2020_4,2020-08-17,,5
BB61_2020_4_44061,BB6-458865,,BB61_2020_4,2020-08-18,,5
BB61_2020_4_44062,BB6-458865,,BB61_2020_4,2020-08-19,,5
BB61_2020_4_44063,BB6-458865,,BB61_2020_4,2020-08-20,,5
BB61_2020_4_44064,BB6-458865,,BB61_2020_4,2020-08-21,,5
BB61_2020_4_44067,BB6-458865,,BB61_2020_4,2020-08-24,,5
BB61_2020_4_44068,BB6-458865,,BB61_2020_4,2020-08-25,,5
BB61_2020_4_44069,BB6-458865,,BB61_2020_4,2020-08-26,,5
BB61_2020_4_44070,BB6-458865,,BB61_2020_4,2020-08-27,,5
BB61_2020_4_44071,BB6-458865,,BB61_2020_4,2020-08-28,,5
BB61_2020_4_44074,BB6-458865,,BB61_2020_4,2020-08-31,,5
CIT21_2023_4_45056,CIT2-519001,,CIT21_2023_4,2023-05-10,,5
CIT21_2023_4_45057,CIT2-519001,,CIT21_2023_4,2023-05-11,,5
CIT21_2023_4_45058,CIT2-519001,,CIT21_2023_4,2023-05-12,,5
CIT21_2023_4_45061,CIT2-519001,,CIT21_2023_4,2023-05-15,,5
CIT21_2023_4_45062,CIT2-519001,,CIT21_2023_4,2023-05-16,,5
CIT21_2023_4_45063,CIT2-519001,,CIT21_2023_4,2023-05-17,,5
CIT22_2023_4_45121,CIT2-523606,,CIT22_2023_4,2023-07-14,,5
CIT22_2023_4_45124,CIT2-523606,,CIT22_2023_4,2023-07-17,,5
CIT22_2023_4_45125,CIT2-523606,,CIT22_2023_4,2023-07-18,,5
CIT22_2023_4_45126,CIT2-523606,,CIT22_2023_4,2023-07-19,,5
CIT22_2023_4_45127,CIT2-523606,,CIT22_2023_4,2023-07-20,,5
CIT22_2023_4_45128,CIT2-523606,,CIT22_2023_4,2023-07-21,,5
CIT22_2023_4_45131,CIT2-523606,,CIT22_2023_4,2023-07-24,,5
CIT22_2023_4_45132,CIT2-523606,,CIT22_2023_4,2023-07-25,,5
CIT22_2023_4_45133,CIT2-523606,,CIT22_2023_4,2023-07-26,,5
CIT22_2023_4_45134,CIT2-523606,,CIT22_2023_4,2023-07-27,,5
CIT22_2023_4_45135,CIT2-523606,,CIT22_2023_4,2023-07-28,,5
CIT22_2023_4_45138,CIT2-523606,,CIT22_2023_4,2023-07-31,,5
CIT22_2023_4_45139,CIT2-523606,,CIT22_2023_4,2023-08-01,,5
CIT22_2023_4_45140,CIT2-523606,,CIT22_2023_4,2023-08-02,,5
CIT22_2023_4_45141,CIT2-523606,,CIT22_2023_4,2023-08-03,,5
CIT22_2023_4_45142,CIT2-523606,,CIT22_2023_4,2023-08-04,,5
CIT22_2023_4_45145,CIT2-523606,,CIT22_2023_4,2023-08-07,,5
INB81_2022_4_44683,INB8-468251,,INB81_2022_4,2022-05-02,,5
INB81_2022_4_44684,INB8-468251,,INB81_2022_4,2022-05-03,,5
INB81_2022_4_44685,INB8-468251,,INB81_2022_4,2022-05-04,,5
INB81_2022_4_44686,INB8-468251,,INB81_2022_4,2022-05-05,,5
INB81_2022_4_44687,INB8-468251,,INB81_2022_4,2022-05-06,,5
INB81_2022_4_44690,INB8-468251,,INB81_2022_4,2022-05-09,,5
INB81_2022_4_44691,INB8-468251,,INB81_2022_4,2022-05-10,,5
LB32_2020_4_44068,LB3-390914,,LB32_2020_4,2020-08-25,,5
LB32_2020_4_44069,LB3-390914,,LB32_2020_4,2020-08-26,,5
LB32_2020_4_44070,LB3-390914,,LB32_2020_4,2020-08-27,,5
LB32_2020_4_44071,LB3-390914,,LB32_2020_4,2020-08-28,,5
LB31_2020_4_43819,LB3-446667,,LB31_2020_4,2019-12-20,,5
LB31_2020_4_43822,LB3-446667,,LB31_2020_4,2019-12-23,,5
LB31_2020_4_43823,LB3-446667,,LB31_2020_4,2019-12-24,,5
LB31_2020_4_43824,LB3-446667,,LB31_2020_4,2019-12-25,,5
LB31_2020_4_43825,LB3-446667,,LB31_2020_4,2019-12-26,,5
LB31_2020_4_43826,LB3-446667,,LB31_2020_4,2019-12-27,,5
LB31_2020_4_43829,LB3-446667,,LB31_2020_4,2019-12-30,,5
LB31_2020_4_43830,LB3-446667,,LB31_2020_4,2019-12-31,,5
LB31_2020_4_43831,LB3-446667,,LB31_2020_4,2020-01-01,,5
LB31_2020_4_43832,LB3-446667,,LB31_2020_4,2020-01-02,,5
LB31_2020_4_43833,LB3-446667,,LB31_2020_4,2020-01-03,,5
LUB91_2022_4_44722,LUB9-487325,,LUB91_2022_4,2022-06-10,,5
LUB91_2022_4_44725,LUB9-487325,,LUB91_2022_4,2022-06-13,,5
LUB91_2022_4_44726,LUB9-487325,,LUB91_2022_4,2022-06-14,,5
LUB91_2022_4_44727,LUB9-487325,,LUB91_2022_4,2022-06-15,,5
RB51_2023_4_45012,RB5-513927,,RB51_2023_4,2023-03-27,,5
RB51_2023_4_45013,RB5-513927,,RB51_2023_4,2023-03-28,,5
RB51_2023_4_45014,RB5-513927,,RB51_2023_4,2023-03-29,,5
RB51_2023_4_45015,RB5-513927,,RB51_2023_4,2023-03-30,,5
RB51_2023_4_45016,RB5-513927,,RB51_2023_4,2023-03-31,,5
RB51_2023_4_45019,RB5-513927,,RB51_2023_4,2023-04-03,,5
RIB41_2023_4_44977,RIB4-510743,,RIB41_2023_4,2023-02-20,,5
RIB41_2023_4_44978,RIB4-510743,,RIB41_2023_4,2023-02-21,,5
RIB41_2023_4_44979,RIB4-510743,,RIB41_2023_4,2023-02-22,,5
RIB41_2023_4_44980,RIB4-510743,,RIB41_2023_4,2023-02-23,,5
RIB41_2023_4_44981,RIB4-510743,,RIB41_2023_4,2023-02-24,,5
RIB41_2023_4_44984,RIB4-510743,,RIB41_2023_4,2023-02-27,,5
RIB41_2023_4_44985,RIB4-510743,,RIB41_2023_4,2023-02-28,,5
RIB41_2023_4_44986,RIB4-510743,,RIB41_2023_4,2023-03-01,,5
RIB41_2023_4_44987,RIB4-510743,,RIB41_2023_4,2023-03-02,,5
RIB41_2023_4_44988,RIB4-510743,,RIB41_2023_4,2023-03-03,,5
SB101_2023_4_44980,SB10-505048,,SB101_2023_4,2023-02-23,,5
SB101_2023_4_44981,SB10-505048,,SB101_2023_4,2023-02-24,,5
SB101_2023_4_44984,SB10-505048,,SB101_2023_4,2023-02-27,,5
SB101_2023_4_44985,SB10-505048,,SB101_2023_4,2023-02-28,,5
SB101_2023_4_44986,SB10-505048,,SB101_2023_4,2023-03-01,,5
SB101_2023_4_44987,SB10-505048,,SB101_2023_4,2023-03-02,,5
SB101_2023_4_44988,SB10-505048,,SB101_2023_4,2023-03-03,,5
SB101_2023_4_44991,SB10-505048,,SB101_2023_4,2023-03-06,,5
SB101_2023_4_44992,SB10-505048,,SB101_2023_4,2023-03-07,,5
SB101_2023_4_44993,SB10-505048,,SB101_2023_4,2023-03-08,,5
SB101_2023_4_44994,SB10-505048,,SB101_2023_4,2023-03-09,,5
SB101_2023_4_44995,SB10-505048,,SB101_2023_4,2023-03-10,,5
SB101_2023_4_44998,SB10-505048,,SB101_2023_4,2023-03-13,,5
SB101_2023_4_44999,SB10-505048,,SB101_2023_4,2023-03-14,,5
SB101_2023_4_45000,SB10-505048,,SB101_2023_4,2023-03-15,,5
SB101_2023_4_45001,SB10-505048,,SB101_2023_4,2023-03-16,,5
SB101_2023_4_45002,SB10-505048,,SB101_2023_4,2023-03-17,,5
SB101_2023_4_45005,SB10-505048,,SB101_2023_4,2023-03-20,,5
SB101_2023_4_45006,SB10-505048,,SB101_2023_4,2023-03-21,,5
SB101_2023_4_45007,SB10-505048,,SB101_2023_4,2023-03-22,,5
SB101_2023_4_45008,SB10-505048,,SB101_2023_4,2023-03-23,,5
SB101_2023_4_45009,SB10-505048,,SB101_2023_4,2023-03-24,,5
SB101_2023_4_45012,SB10-505048,,SB101_2023_4,2023-03-27,,5
SB101_2023_4_45013,SB10-505048,,SB101_2023_4,2023-03-28,,5
SB101_2023_4_45014,SB10-505048,,SB101_2023_4,2023-03-29,,5
SB101_2023_4_45015,SB10-505048,,SB101_2023_4,2023-03-30,,5
SB101_2023_4_45016,SB10-505048,,SB101_2023_4,2023-03-31,,5
SB101_2023_4_45019,SB10-505048,,SB101_2023_4,2023-04-03,,5
SB101_2023_4_45020,SB10-505048,,SB101_2023_4,2023-04-04,,5
SB101_2023_4_45021,SB10-505048,,SB101_2023_4,2023-04-05,,5
SB101_2023_4_45022,SB10-505048,,SB101_2023_4,2023-04-06,,5
SB101_2023_4_45023,SB10-505048,,SB101_2023_4,2023-04-07,,5
SB101_2023_4_45026,SB10-505048,,SB101_2023_4,2023-04-10,,5
SB101_2023_4_45027,SB10-505048,,SB101_2023_4,2023-04-11,,5
SB101_2023_4_45028,SB10-505048,,SB101_2023_4,2023-04-12,,5
SB101_2023_4_45029,SB10-505048,,SB101_2023_4,2023-04-13,,5
SB101_2023_4_45030,SB10-505048,,SB101_2023_4,2023-04-14,,5
SB101_2023_4_45033,SB10-505048,,SB101_2023_4,2023-04-17,,5
SB101_2023_4_45034,SB10-505048,,SB101_2023_4,2023-04-18,,5
SB101_2023_4_45035,SB10-505048,,SB101_2023_4,2023-04-19,,5
SEB71_2022_4_44630,SEB7-464606,,SEB71_2022_4,2022-03-10,,5
SEB71_2022_4_44631,SEB7-464606,,SEB71_2022_4,2022-03-11,,5
SEB71_2022_4_44634,SEB7-464606,,SEB71_2022_4,2022-03-14,,5
SEB71_2022_4_44635,SEB7-464606,,SEB71_2022_4,2022-03-15,,5
SEB71_2022_4_44636,SEB7-464606,,SEB71_2022_4,2022-03-16,,5
SEB71_2022_4_44637,SEB7-464606,,SEB71_2022_4,2022-03-17,,5
SEB71_2022_4_44638,SEB7-464606,,SEB71_2022_4,2022-03-18,,5
SEB71_2022_4_44641,SEB7-464606,,SEB71_2022_4,2022-03-21,,5
SEB71_2022_4_44642,SEB7-464606,,SEB71_2022_4,2022-03-22,,5
SEB71_2022_4_44643,SEB7-464606,,SEB71_2022_4,2022-03-23,,5
SEB71_2022_4_44644,SEB7-464606,,SEB71_2022_4,2022-03-24,,5
SEB71_2022_4_44645,SEB7-464606,,SEB71_2022_4,2022-03-25,,5
SEB71_2022_4_44648,SEB7-464606,,SEB71_2022_4,2022-03-28,,5
SEB71_2022_4_44649,SEB7-464606,,SEB71_2022_4,2022-03-29,,5
SEB71_2022_4_44650,SEB7-464606,,SEB71_2022_4,2022-03-30,,5
SEB71_2022_4_44651,SEB7-464606,,SEB71_2022_4,2022-03-31,,5
SEB71_2022_4_44652,SEB7-464606,,SEB71_2022_4,2022-04-01,,5
SW11_2023_4_44977,SW1-503148,,SW11_2023_4,2023-02-20,,5
SW11_2023_4_44978,SW1-503148,,SW11_2023_4,2023-02-21,,5
SW11_2023_4_44979,SW1-503148,,SW11_2023_4,2023-02-22,,5
SW11_2023_4_44980,SW1-503148,,SW11_2023_4,2023-02-23,,5
SW11_2023_4_44981,SW1-503148,,SW11_2023_4,2023-02-24,,5
SW11_2023_4_44984,SW1-503148,,SW11_2023_4,2023-02-27,,5
SW11_2023_4_44985,SW1-503148,,SW11_2023_4,2023-02-28,,5
SW11_2023_4_44986,SW1-503148,,SW11_2023_4,2023-03-01,,5
SW11_2023_4_44987,SW1-503148,,SW11_2023_4,2023-03-02,,5
SW11_2023_4_44988,SW1-503148,,SW11_2023_4,2023-03-03,,5
SW11_2023_4_44991,SW1-503148,,SW11_2023_4,2023-03-06,,5
SW11_2023_4_44992,SW1-503148,,SW11_2023_4,2023-03-07,,5
SW11_2023_4_44993,SW1-503148,,SW11_2023_4,2023-03-08,,5
SW11_2023_4_44994,SW1-503148,,SW11_2023_4,2023-03-09,,5
SW11_2023_4_44995,SW1-503148,,SW11_2023_4,2023-03-10,,5
SW11_2023_4_44998,SW1-503148,,SW11_2023_4,2023-03-13,,5
SW11_2023_4_44999,SW1-503148,,SW11_2023_4,2023-03-14,,5
SW11_2023_4_45000,SW1-503148,,SW11_2023_4,2023-03-15,,5
SW11_2023_4_45001,SW1-503148,,SW11_2023_4,2023-03-16,,5
SW11_2023_4_45002,SW1-503148,,SW11_2023_4,2023-03-17,,5
SW11_2023_4_45005,SW1-503148,,SW11_2023_4,2023-03-20,,5
SW11_2023_4_45006,SW1-503148,,SW11_2023_4,2023-03-21,,5
SW11_2023_4_45007,SW1-503148,,SW11_2023_4,2023-03-22,,5
SW11_2023_4_45008,SW1-503148,,SW11_2023_4,2023-03-23,,5
SW11_2023_4_45009,SW1-503148,,SW11_2023_4,2023-03-24,,5
SW11_2023_4_45012,SW1-503148,,SW11_2023_4,2023-03-27,,5
SW11_2023_4_45013,SW1-503148,,SW11_2023_4,2023-03-28,,5
SW11_2023_4_45014,SW1-503148,,SW11_2023_4,2023-03-29,,5
SW11_2023_4_45015,SW1-503148,,SW11_2023_4,2023-03-30,,5
SW11_2023_4_45016,SW1-503148,,SW11_2023_4,2023-03-31,,5
SW11_2023_4_45019,SW1-503148,,SW11_2023_4,2023-04-03,,5
SW11_2023_4_45020,SW1-503148,,SW11_2023_4,2023-04-04,,5
SW11_2023_4_45021,SW1-503148,,SW11_2023_4,2023-04-05,,5
SW11_2023_4_45022,SW1-503148,,SW11_2023_4,2023-04-06,,5
SW11_2023_4_45023,SW1-503148,,SW11_2023_4,2023-04-07,,5
SW11_2023_4_45026,SW1-503148,,SW11_2023_4,2023-04-10,,5
SW11_2023_4_45027,SW1-503148,,SW11_2023_4,2023-04-11,,5
SW11_2023_4_45028,SW1-503148,,SW11_2023_4,2023-04-12,,5
SW11_2023_4_45029,SW1-503148,,SW11_2023_4,2023-04-13,,5
SW11_2023_4_45030,SW1-503148,,SW11_2023_4,2023-04-14,,5
SW11_2023_4_45033,SW1-503148,,SW11_2023_4,2023-04-17,,5
SW11_2023_4_45034,SW1-503148,,SW11_2023_4,2023-04-18,,5
SW11_2023_4_45035,SW1-503148,,SW11_2023_4,2023-04-19,,5
