timesheet_id,work_date,total_hours,employee_proposal_id,employee_project_id
SW1-500233,2022-10-18,1,SW11_2022_1,
SW1-500233,2022-10-19,1,SW11_2022_1,
SW1-500233,2022-10-20,1,SW11_2022_1,
SW1-500233,2022-10-21,1,SW11_2022_1,
SW1-500233,2022-10-24,1,SW11_2022_1,
SW1-500233,2022-10-25,1,SW11_2022_1,
BB6-458865,2020-07-27,1,BB61_2020_1,
BB6-458865,2020-07-28,1,BB61_2020_1,
BB6-458865,2020-07-29,1,BB61_2020_1,
BB6-458865,2020-07-30,1,BB61_2020_1,
BB6-458865,2020-07-31,1,BB61_2020_1,
BB6-458865,2020-08-03,1,BB61_2020_1,
BB6-458865,2020-08-04,1,BB61_2020_1,
BB6-458865,2020-08-05,1,BB61_2020_1,
BB6-458865,2020-08-06,1,BB61_2020_1,
BB6-458865,2020-08-07,1,BB61_2020_1,
BB6-458865,2020-08-10,1,BB61_2020_1,
BB6-458865,2020-08-11,1,BB61_2020_1,
BB6-458865,2020-08-12,1,BB61_2020_1,
BB6-458865,2020-08-13,1,BB61_2020_1,
BB6-458865,2020-08-14,1,BB61_2020_1,
BB6-458865,2020-08-17,1,BB61_2020_1,
BB6-458865,2020-08-18,1,BB61_2020_1,
BB6-458865,2020-08-19,1,BB61_2020_1,
BB6-458865,2020-08-20,1,BB61_2020_1,
BB6-458865,2020-08-21,1,BB61_2020_1,
BB6-458865,2020-08-24,1,BB61_2020_1,
BB6-458865,2020-08-25,1,BB61_2020_1,
BB6-458865,2020-08-26,1,BB61_2020_1,
BB6-458865,2020-08-27,1,BB61_2020_1,
BB6-458865,2020-08-28,1,BB61_2020_1,
BB6-458865,2020-08-31,1,BB61_2020_1,
CIT2-519001,2023-05-10,1,CIT21_2023_1,
CIT2-519001,2023-05-11,1,CIT21_2023_1,
CIT2-519001,2023-05-12,1,CIT21_2023_1,
CIT2-519001,2023-05-15,1,CIT21_2023_1,
CIT2-519001,2023-05-16,1,CIT21_2023_1,
CIT2-519001,2023-05-17,1,CIT21_2023_1,
CIT2-523606,2023-07-14,1,CIT22_2023_1,
CIT2-523606,2023-07-17,1,CIT22_2023_1,
CIT2-523606,2023-07-18,1,CIT22_2023_1,
CIT2-523606,2023-07-19,1,CIT22_2023_1,
CIT2-523606,2023-07-20,1,CIT22_2023_1,
CIT2-523606,2023-07-21,1,CIT22_2023_1,
CIT2-523606,2023-07-24,1,CIT22_2023_1,
CIT2-523606,2023-07-25,1,CIT22_2023_1,
CIT2-523606,2023-07-26,1,CIT22_2023_1,
CIT2-523606,2023-07-27,1,CIT22_2023_1,
CIT2-523606,2023-07-28,1,CIT22_2023_1,
CIT2-523606,2023-07-31,1,CIT22_2023_1,
CIT2-523606,2023-08-01,1,CIT22_2023_1,
CIT2-523606,2023-08-02,1,CIT22_2023_1,
CIT2-523606,2023-08-03,1,CIT22_2023_1,
CIT2-523606,2023-08-04,1,CIT22_2023_1,
CIT2-523606,2023-08-07,1,CIT22_2023_1,
INB8-468251,2022-05-02,1,INB81_2022_1,
INB8-468251,2022-05-03,1,INB81_2022_1,
INB8-468251,2022-05-04,1,INB81_2022_1,
INB8-468251,2022-05-05,1,INB81_2022_1,
INB8-468251,2022-05-06,1,INB81_2022_1,
INB8-468251,2022-05-09,1,INB81_2022_1,
INB8-468251,2022-05-10,1,INB81_2022_1,
LB3-390914,2020-08-25,1,LB32_2020_1,
LB3-390914,2020-08-26,1,LB32_2020_1,
LB3-390914,2020-08-27,1,LB32_2020_1,
LB3-390914,2020-08-28,1,LB32_2020_1,
LB3-446667,2019-12-20,1,LB31_2020_1,
LB3-446667,2019-12-23,1,LB31_2020_1,
LB3-446667,2019-12-24,1,LB31_2020_1,
LB3-446667,2019-12-25,1,LB31_2020_1,
LB3-446667,2019-12-26,1,LB31_2020_1,
LB3-446667,2019-12-27,1,LB31_2020_1,
LB3-446667,2019-12-30,1,LB31_2020_1,
LB3-446667,2019-12-31,1,LB31_2020_1,
LB3-446667,2020-01-01,1,LB31_2020_1,
LB3-446667,2020-01-02,1,LB31_2020_1,
LB3-446667,2020-01-03,1,LB31_2020_1,
LUB9-487325,2022-06-10,1,LUB91_2022_1,
LUB9-487325,2022-06-13,1,LUB91_2022_1,
LUB9-487325,2022-06-14,1,LUB91_2022_1,
LUB9-487325,2022-06-15,1,LUB91_2022_1,
RB5-513927,2023-03-27,1,RB51_2023_1,
RB5-513927,2023-03-28,1,RB51_2023_1,
RB5-513927,2023-03-29,1,RB51_2023_1,
RB5-513927,2023-03-30,1,RB51_2023_1,
RB5-513927,2023-03-31,1,RB51_2023_1,
RB5-513927,2023-04-03,1,RB51_2023_1,
RIB4-510743,2023-02-20,1,RIB41_2023_1,
RIB4-510743,2023-02-21,1,RIB41_2023_1,
RIB4-510743,2023-02-22,1,RIB41_2023_1,
RIB4-510743,2023-02-23,1,RIB41_2023_1,
RIB4-510743,2023-02-24,1,RIB41_2023_1,
RIB4-510743,2023-02-27,1,RIB41_2023_1,
RIB4-510743,2023-02-28,1,RIB41_2023_1,
RIB4-510743,2023-03-01,1,RIB41_2023_1,
RIB4-510743,2023-03-02,1,RIB41_2023_1,
RIB4-510743,2023-03-03,1,RIB41_2023_1,
SB10-505048,2023-02-23,1,SB101_2023_1,
SB10-505048,2023-02-24,1,SB101_2023_1,
SB10-505048,2023-02-27,1,SB101_2023_1,
SB10-505048,2023-02-28,1,SB101_2023_1,
SB10-505048,2023-03-01,1,SB101_2023_1,
SB10-505048,2023-03-02,1,SB101_2023_1,
SB10-505048,2023-03-03,1,SB101_2023_1,
SB10-505048,2023-03-06,1,SB101_2023_1,
SB10-505048,2023-03-07,1,SB101_2023_1,
SB10-505048,2023-03-08,1,SB101_2023_1,
SB10-505048,2023-03-09,1,SB101_2023_1,
SB10-505048,2023-03-10,1,SB101_2023_1,
SB10-505048,2023-03-13,1,SB101_2023_1,
SB10-505048,2023-03-14,1,SB101_2023_1,
SB10-505048,2023-03-15,1,SB101_2023_1,
SB10-505048,2023-03-16,1,SB101_2023_1,
SB10-505048,2023-03-17,1,SB101_2023_1,
SB10-505048,2023-03-20,1,SB101_2023_1,
SB10-505048,2023-03-21,1,SB101_2023_1,
SB10-505048,2023-03-22,1,SB101_2023_1,
SB10-505048,2023-03-23,1,SB101_2023_1,
SB10-505048,2023-03-24,1,SB101_2023_1,
SB10-505048,2023-03-27,1,SB101_2023_1,
SB10-505048,2023-03-28,1,SB101_2023_1,
SB10-505048,2023-03-29,1,SB101_2023_1,
SB10-505048,2023-03-30,1,SB101_2023_1,
SB10-505048,2023-03-31,1,SB101_2023_1,
SB10-505048,2023-04-03,1,SB101_2023_1,
SB10-505048,2023-04-04,1,SB101_2023_1,
SB10-505048,2023-04-05,1,SB101_2023_1,
SB10-505048,2023-04-06,1,SB101_2023_1,
SB10-505048,2023-04-07,1,SB101_2023_1,
SB10-505048,2023-04-10,1,SB101_2023_1,
SB10-505048,2023-04-11,1,SB101_2023_1,
SB10-505048,2023-04-12,1,SB101_2023_1,
SB10-505048,2023-04-13,1,SB101_2023_1,
SB10-505048,2023-04-14,1,SB101_2023_1,
SB10-505048,2023-04-17,1,SB101_2023_1,
SB10-505048,2023-04-18,1,SB101_2023_1,
SB10-505048,2023-04-19,1,SB101_2023_1,
SEB7-464606,2022-03-10,1,SEB71_2022_1,
SEB7-464606,2022-03-11,1,SEB71_2022_1,
SEB7-464606,2022-03-14,1,SEB71_2022_1,
SEB7-464606,2022-03-15,1,SEB71_2022_1,
SEB7-464606,2022-03-16,1,SEB71_2022_1,
SEB7-464606,2022-03-17,1,SEB71_2022_1,
SEB7-464606,2022-03-18,1,SEB71_2022_1,
SEB7-464606,2022-03-21,1,SEB71_2022_1,
SEB7-464606,2022-03-22,1,SEB71_2022_1,
SEB7-464606,2022-03-23,1,SEB71_2022_1,
SEB7-464606,2022-03-24,1,SEB71_2022_1,
SEB7-464606,2022-03-25,1,SEB71_2022_1,
SEB7-464606,2022-03-28,1,SEB71_2022_1,
SEB7-464606,2022-03-29,1,SEB71_2022_1,
SEB7-464606,2022-03-30,1,SEB71_2022_1,
SEB7-464606,2022-03-31,1,SEB71_2022_1,
SEB7-464606,2022-04-01,1,SEB71_2022_1,
SW1-503148,2023-02-20,1,SW11_2023_1,
SW1-503148,2023-02-21,1,SW11_2023_1,
SW1-503148,2023-02-22,1,SW11_2023_1,
SW1-503148,2023-02-23,1,SW11_2023_1,
SW1-503148,2023-02-24,1,SW11_2023_1,
SW1-503148,2023-02-27,1,SW11_2023_1,
SW1-503148,2023-02-28,1,SW11_2023_1,
SW1-503148,2023-03-01,1,SW11_2023_1,
SW1-503148,2023-03-02,1,SW11_2023_1,
SW1-503148,2023-03-03,1,SW11_2023_1,
SW1-503148,2023-03-06,1,SW11_2023_1,
SW1-503148,2023-03-07,1,SW11_2023_1,
SW1-503148,2023-03-08,1,SW11_2023_1,
SW1-503148,2023-03-09,1,SW11_2023_1,
SW1-503148,2023-03-10,1,SW11_2023_1,
SW1-503148,2023-03-13,1,SW11_2023_1,
SW1-503148,2023-03-14,1,SW11_2023_1,
SW1-503148,2023-03-15,1,SW11_2023_1,
SW1-503148,2023-03-16,1,SW11_2023_1,
SW1-503148,2023-03-17,1,SW11_2023_1,
SW1-503148,2023-03-20,1,SW11_2023_1,
SW1-503148,2023-03-21,1,SW11_2023_1,
SW1-503148,2023-03-22,1,SW11_2023_1,
SW1-503148,2023-03-23,1,SW11_2023_1,
SW1-503148,2023-03-24,1,SW11_2023_1,
SW1-503148,2023-03-27,1,SW11_2023_1,
SW1-503148,2023-03-28,1,SW11_2023_1,
SW1-503148,2023-03-29,1,SW11_2023_1,
SW1-503148,2023-03-30,1,SW11_2023_1,
SW1-503148,2023-03-31,1,SW11_2023_1,
SW1-503148,2023-04-03,1,SW11_2023_1,
SW1-503148,2023-04-04,1,SW11_2023_1,
SW1-503148,2023-04-05,1,SW11_2023_1,
SW1-503148,2023-04-06,1,SW11_2023_1,
SW1-503148,2023-04-07,1,SW11_2023_1,
SW1-503148,2023-04-10,1,SW11_2023_1,
SW1-503148,2023-04-11,1,SW11_2023_1,
SW1-503148,2023-04-12,1,SW11_2023_1,
SW1-503148,2023-04-13,1,SW11_2023_1,
SW1-503148,2023-04-14,1,SW11_2023_1,
SW1-503148,2023-04-17,1,SW11_2023_1,
SW1-503148,2023-04-18,1,SW11_2023_1,
SW1-503148,2023-04-19,1,SW11_2023_1,
BB6-458865,2020-08-07,2,BB61_2020_2,
BB6-458865,2020-08-10,2,BB61_2020_2,
BB6-458865,2020-08-11,2,BB61_2020_2,
BB6-458865,2020-08-12,2,BB61_2020_2,
BB6-458865,2020-08-13,2,BB61_2020_2,
BB6-458865,2020-08-14,2,BB61_2020_2,
BB6-458865,2020-08-17,2,BB61_2020_2,
BB6-458865,2020-08-18,2,BB61_2020_2,
BB6-458865,2020-08-19,2,BB61_2020_2,
BB6-458865,2020-08-20,2,BB61_2020_2,
BB6-458865,2020-08-21,2,BB61_2020_2,
BB6-458865,2020-08-24,2,BB61_2020_2,
BB6-458865,2020-08-25,2,BB61_2020_2,
BB6-458865,2020-08-26,2,BB61_2020_2,
BB6-458865,2020-08-27,2,BB61_2020_2,
BB6-458865,2020-08-28,2,BB61_2020_2,
BB6-458865,2020-08-31,2,BB61_2020_2,
CIT2-519001,2023-05-10,2,CIT21_2023_2,
CIT2-519001,2023-05-11,2,CIT21_2023_2,
CIT2-519001,2023-05-12,2,CIT21_2023_2,
CIT2-519001,2023-05-15,2,CIT21_2023_2,
CIT2-519001,2023-05-16,2,CIT21_2023_2,
CIT2-519001,2023-05-17,2,CIT21_2023_2,
CIT2-523606,2023-07-14,2,CIT22_2023_2,
CIT2-523606,2023-07-17,2,CIT22_2023_2,
CIT2-523606,2023-07-18,2,CIT22_2023_2,
CIT2-523606,2023-07-19,2,CIT22_2023_2,
CIT2-523606,2023-07-20,2,CIT22_2023_2,
CIT2-523606,2023-07-21,2,CIT22_2023_2,
CIT2-523606,2023-07-24,2,CIT22_2023_2,
CIT2-523606,2023-07-25,2,CIT22_2023_2,
CIT2-523606,2023-07-26,2,CIT22_2023_2,
CIT2-523606,2023-07-27,2,CIT22_2023_2,
CIT2-523606,2023-07-28,2,CIT22_2023_2,
CIT2-523606,2023-07-31,2,CIT22_2023_2,
CIT2-523606,2023-08-01,2,CIT22_2023_2,
CIT2-523606,2023-08-02,2,CIT22_2023_2,
CIT2-523606,2023-08-03,2,CIT22_2023_2,
CIT2-523606,2023-08-04,2,CIT22_2023_2,
CIT2-523606,2023-08-07,2,CIT22_2023_2,
INB8-468251,2022-05-02,2,INB81_2022_2,
INB8-468251,2022-05-03,2,INB81_2022_2,
INB8-468251,2022-05-04,2,INB81_2022_2,
INB8-468251,2022-05-05,2,INB81_2022_2,
INB8-468251,2022-05-06,2,INB81_2022_2,
INB8-468251,2022-05-09,2,INB81_2022_2,
INB8-468251,2022-05-10,2,INB81_2022_2,
LB3-390914,2020-08-25,2,LB32_2020_2,
LB3-390914,2020-08-26,2,LB32_2020_2,
LB3-390914,2020-08-27,2,LB32_2020_2,
LB3-390914,2020-08-28,2,LB32_2020_2,
LB3-446667,2019-12-20,2,LB31_2020_2,
LB3-446667,2019-12-23,2,LB31_2020_2,
LB3-446667,2019-12-24,2,LB31_2020_2,
LB3-446667,2019-12-25,2,LB31_2020_2,
LB3-446667,2019-12-26,2,LB31_2020_2,
LB3-446667,2019-12-27,2,LB31_2020_2,
LB3-446667,2019-12-30,2,LB31_2020_2,
LB3-446667,2019-12-31,2,LB31_2020_2,
LB3-446667,2020-01-01,2,LB31_2020_2,
LB3-446667,2020-01-02,2,LB31_2020_2,
LB3-446667,2020-01-03,2,LB31_2020_2,
LUB9-487325,2022-06-10,2,LUB91_2022_2,
LUB9-487325,2022-06-13,2,LUB91_2022_2,
LUB9-487325,2022-06-14,2,LUB91_2022_2,
LUB9-487325,2022-06-15,2,LUB91_2022_2,
RB5-513927,2023-03-27,2,RB51_2023_2,
RB5-513927,2023-03-28,2,RB51_2023_2,
RB5-513927,2023-03-29,2,RB51_2023_2,
RB5-513927,2023-03-30,2,RB51_2023_2,
RB5-513927,2023-03-31,2,RB51_2023_2,
RB5-513927,2023-04-03,2,RB51_2023_2,
RIB4-510743,2023-02-20,2,RIB41_2023_2,
RIB4-510743,2023-02-21,2,RIB41_2023_2,
RIB4-510743,2023-02-22,2,RIB41_2023_2,
RIB4-510743,2023-02-23,2,RIB41_2023_2,
RIB4-510743,2023-02-24,2,RIB41_2023_2,
RIB4-510743,2023-02-27,2,RIB41_2023_2,
RIB4-510743,2023-02-28,2,RIB41_2023_2,
RIB4-510743,2023-03-01,2,RIB41_2023_2,
RIB4-510743,2023-03-02,2,RIB41_2023_2,
RIB4-510743,2023-03-03,2,RIB41_2023_2,
SB10-505048,2023-02-23,2,SB101_2023_2,
SB10-505048,2023-02-24,2,SB101_2023_2,
SB10-505048,2023-02-27,2,SB101_2023_2,
SB10-505048,2023-02-28,2,SB101_2023_2,
SB10-505048,2023-03-01,2,SB101_2023_2,
SB10-505048,2023-03-02,2,SB101_2023_2,
SB10-505048,2023-03-03,2,SB101_2023_2,
SB10-505048,2023-03-06,2,SB101_2023_2,
SB10-505048,2023-03-07,2,SB101_2023_2,
SB10-505048,2023-03-08,2,SB101_2023_2,
SB10-505048,2023-03-09,2,SB101_2023_2,
SB10-505048,2023-03-10,2,SB101_2023_2,
SB10-505048,2023-03-13,2,SB101_2023_2,
SB10-505048,2023-03-14,2,SB101_2023_2,
SB10-505048,2023-03-15,2,SB101_2023_2,
SB10-505048,2023-03-16,2,SB101_2023_2,
SB10-505048,2023-03-17,2,SB101_2023_2,
SB10-505048,2023-03-20,2,SB101_2023_2,
SB10-505048,2023-03-21,2,SB101_2023_2,
SB10-505048,2023-03-22,2,SB101_2023_2,
SB10-505048,2023-03-23,2,SB101_2023_2,
SB10-505048,2023-03-24,2,SB101_2023_2,
SB10-505048,2023-03-27,2,SB101_2023_2,
SB10-505048,2023-03-28,2,SB101_2023_2,
SB10-505048,2023-03-29,2,SB101_2023_2,
SB10-505048,2023-03-30,2,SB101_2023_2,
SB10-505048,2023-03-31,2,SB101_2023_2,
SB10-505048,2023-04-03,2,SB101_2023_2,
SB10-505048,2023-04-04,2,SB101_2023_2,
SB10-505048,2023-04-05,2,SB101_2023_2,
SB10-505048,2023-04-06,2,SB101_2023_2,
SB10-505048,2023-04-07,2,SB101_2023_2,
SB10-505048,2023-04-10,2,SB101_2023_2,
SB10-505048,2023-04-11,2,SB101_2023_2,
SB10-505048,2023-04-12,2,SB101_2023_2,
SB10-505048,2023-04-13,2,SB101_2023_2,
SB10-505048,2023-04-14,2,SB101_2023_2,
SB10-505048,2023-04-17,2,SB101_2023_2,
SB10-505048,2023-04-18,2,SB101_2023_2,
SB10-505048,2023-04-19,2,SB101_2023_2,
SEB7-464606,2022-03-10,2,SEB71_2022_2,
SEB7-464606,2022-03-11,2,SEB71_2022_2,
SEB7-464606,2022-03-14,2,SEB71_2022_2,
SEB7-464606,2022-03-15,2,SEB71_2022_2,
SEB7-464606,2022-03-16,2,SEB71_2022_2,
SEB7-464606,2022-03-17,2,SEB71_2022_2,
SEB7-464606,2022-03-18,2,SEB71_2022_2,
SEB7-464606,2022-03-21,2,SEB71_2022_2,
SEB7-464606,2022-03-22,2,SEB71_2022_2,
SEB7-464606,2022-03-23,2,SEB71_2022_2,
SEB7-464606,2022-03-24,2,SEB71_2022_2,
SEB7-464606,2022-03-25,2,SEB71_2022_2,
SEB7-464606,2022-03-28,2,SEB71_2022_2,
SEB7-464606,2022-03-29,2,SEB71_2022_2,
SEB7-464606,2022-03-30,2,SEB71_2022_2,
SEB7-464606,2022-03-31,2,SEB71_2022_2,
SEB7-464606,2022-04-01,2,SEB71_2022_2,
SW1-503148,2023-02-20,2,SW11_2023_2,
SW1-503148,2023-02-21,2,SW11_2023_2,
SW1-503148,2023-02-22,2,SW11_2023_2,
SW1-503148,2023-02-23,2,SW11_2023_2,
SW1-503148,2023-02-24,2,SW11_2023_2,
SW1-503148,2023-02-27,2,SW11_2023_2,
SW1-503148,2023-02-28,2,SW11_2023_2,
SW1-503148,2023-03-01,2,SW11_2023_2,
SW1-503148,2023-03-02,2,SW11_2023_2,
SW1-503148,2023-03-03,2,SW11_2023_2,
SW1-503148,2023-03-06,2,SW11_2023_2,
SW1-503148,2023-03-07,2,SW11_2023_2,
SW1-503148,2023-03-08,2,SW11_2023_2,
SW1-503148,2023-03-09,2,SW11_2023_2,
SW1-503148,2023-03-10,2,SW11_2023_2,
SW1-503148,2023-03-13,2,SW11_2023_2,
SW1-503148,2023-03-14,2,SW11_2023_2,
SW1-503148,2023-03-15,2,SW11_2023_2,
SW1-503148,2023-03-16,2,SW11_2023_2,
SW1-503148,2023-03-17,2,SW11_2023_2,
SW1-503148,2023-03-20,2,SW11_2023_2,
SW1-503148,2023-03-21,2,SW11_2023_2,
SW1-503148,2023-03-22,2,SW11_2023_2,
SW1-503148,2023-03-23,2,SW11_2023_2,
SW1-503148,2023-03-24,2,SW11_2023_2,
SW1-503148,2023-03-27,2,SW11_2023_2,
SW1-503148,2023-03-28,2,SW11_2023_2,
SW1-503148,2023-03-29,2,SW11_2023_2,
SW1-503148,2023-03-30,2,SW11_2023_2,
SW1-503148,2023-03-31,2,SW11_2023_2,
SW1-503148,2023-04-03,2,SW11_2023_2,
SW1-503148,2023-04-04,2,SW11_2023_2,
SW1-503148,2023-04-05,2,SW11_2023_2,
SW1-503148,2023-04-06,2,SW11_2023_2,
SW1-503148,2023-04-07,2,SW11_2023_2,
SW1-503148,2023-04-10,2,SW11_2023_2,
SW1-503148,2023-04-11,2,SW11_2023_2,
SW1-503148,2023-04-12,2,SW11_2023_2,
SW1-503148,2023-04-13,2,SW11_2023_2,
SW1-503148,2023-04-14,2,SW11_2023_2,
SW1-503148,2023-04-17,2,SW11_2023_2,
SW1-503148,2023-04-18,2,SW11_2023_2,
SW1-503148,2023-04-19,2,SW11_2023_2,
SW1-500233,2022-10-18,5,SW11_2022_3,
SW1-500233,2022-10-19,5,SW11_2022_3,
SW1-500233,2022-10-20,5,SW11_2022_3,
SW1-500233,2022-10-21,5,SW11_2022_3,
SW1-500233,2022-10-24,5,SW11_2022_3,
SW1-500233,2022-10-25,5,SW11_2022_3,
BB6-458865,2020-07-27,5,BB61_2020_3,
BB6-458865,2020-07-28,5,BB61_2020_3,
BB6-458865,2020-07-29,5,BB61_2020_3,
BB6-458865,2020-07-30,5,BB61_2020_3,
BB6-458865,2020-07-31,5,BB61_2020_3,
BB6-458865,2020-08-03,5,BB61_2020_3,
BB6-458865,2020-08-04,5,BB61_2020_3,
BB6-458865,2020-08-05,5,BB61_2020_3,
BB6-458865,2020-08-06,5,BB61_2020_3,
BB6-458865,2020-08-07,5,BB61_2020_3,
BB6-458865,2020-08-10,5,BB61_2020_3,
BB6-458865,2020-08-11,5,BB61_2020_3,
BB6-458865,2020-08-12,5,BB61_2020_3,
BB6-458865,2020-08-13,5,BB61_2020_3,
BB6-458865,2020-08-14,5,BB61_2020_3,
BB6-458865,2020-08-17,5,BB61_2020_3,
BB6-458865,2020-08-18,5,BB61_2020_3,
BB6-458865,2020-08-19,5,BB61_2020_3,
BB6-458865,2020-08-20,5,BB61_2020_3,
BB6-458865,2020-08-21,5,BB61_2020_3,
BB6-458865,2020-08-24,5,BB61_2020_3,
BB6-458865,2020-08-25,5,BB61_2020_3,
BB6-458865,2020-08-26,5,BB61_2020_3,
BB6-458865,2020-08-27,5,BB61_2020_3,
BB6-458865,2020-08-28,5,BB61_2020_3,
BB6-458865,2020-08-31,5,BB61_2020_3,
CIT2-519001,2023-05-10,5,CIT21_2023_3,
CIT2-519001,2023-05-11,5,CIT21_2023_3,
CIT2-519001,2023-05-12,5,CIT21_2023_3,
CIT2-519001,2023-05-15,5,CIT21_2023_3,
CIT2-519001,2023-05-16,5,CIT21_2023_3,
CIT2-519001,2023-05-17,5,CIT21_2023_3,
CIT2-523606,2023-07-14,5,CIT22_2023_3,
CIT2-523606,2023-07-17,5,CIT22_2023_3,
CIT2-523606,2023-07-18,5,CIT22_2023_3,
CIT2-523606,2023-07-19,5,CIT22_2023_3,
CIT2-523606,2023-07-20,5,CIT22_2023_3,
CIT2-523606,2023-07-21,5,CIT22_2023_3,
CIT2-523606,2023-07-24,5,CIT22_2023_3,
CIT2-523606,2023-07-25,5,CIT22_2023_3,
CIT2-523606,2023-07-26,5,CIT22_2023_3,
CIT2-523606,2023-07-27,5,CIT22_2023_3,
CIT2-523606,2023-07-28,5,CIT22_2023_3,
CIT2-523606,2023-07-31,5,CIT22_2023_3,
CIT2-523606,2023-08-01,5,CIT22_2023_3,
CIT2-523606,2023-08-02,5,CIT22_2023_3,
CIT2-523606,2023-08-03,5,CIT22_2023_3,
CIT2-523606,2023-08-04,5,CIT22_2023_3,
CIT2-523606,2023-08-07,5,CIT22_2023_3,
INB8-468251,2022-05-02,5,INB81_2022_3,
INB8-468251,2022-05-03,5,INB81_2022_3,
INB8-468251,2022-05-04,5,INB81_2022_3,
INB8-468251,2022-05-05,5,INB81_2022_3,
INB8-468251,2022-05-06,5,INB81_2022_3,
INB8-468251,2022-05-09,5,INB81_2022_3,
INB8-468251,2022-05-10,5,INB81_2022_3,
LB3-390914,2020-08-25,5,LB32_2020_3,
LB3-390914,2020-08-26,5,LB32_2020_3,
LB3-390914,2020-08-27,5,LB32_2020_3,
LB3-390914,2020-08-28,5,LB32_2020_3,
LB3-446667,2019-12-20,5,LB31_2020_3,
LB3-446667,2019-12-23,5,LB31_2020_3,
LB3-446667,2019-12-24,5,LB31_2020_3,
LB3-446667,2019-12-25,5,LB31_2020_3,
LB3-446667,2019-12-26,5,LB31_2020_3,
LB3-446667,2019-12-27,5,LB31_2020_3,
LB3-446667,2019-12-30,5,LB31_2020_3,
LB3-446667,2019-12-31,5,LB31_2020_3,
LB3-446667,2020-01-01,5,LB31_2020_3,
LB3-446667,2020-01-02,5,LB31_2020_3,
LB3-446667,2020-01-03,5,LB31_2020_3,
LUB9-487325,2022-06-10,5,LUB91_2022_3,
LUB9-487325,2022-06-13,5,LUB91_2022_3,
LUB9-487325,2022-06-14,5,LUB91_2022_3,
LUB9-487325,2022-06-15,5,LUB91_2022_3,
RB5-513927,2023-03-27,5,RB51_2023_3,
RB5-513927,2023-03-28,5,RB51_2023_3,
RB5-513927,2023-03-29,5,RB51_2023_3,
RB5-513927,2023-03-30,5,RB51_2023_3,
RB5-513927,2023-03-31,5,RB51_2023_3,
RB5-513927,2023-04-03,5,RB51_2023_3,
RIB4-510743,2023-02-20,5,RIB41_2023_3,
RIB4-510743,2023-02-21,5,RIB41_2023_3,
RIB4-510743,2023-02-22,5,RIB41_2023_3,
RIB4-510743,2023-02-23,5,RIB41_2023_3,
RIB4-510743,2023-02-24,5,RIB41_2023_3,
RIB4-510743,2023-02-27,5,RIB41_2023_3,
RIB4-510743,2023-02-28,5,RIB41_2023_3,
RIB4-510743,2023-03-01,5,RIB41_2023_3,
RIB4-510743,2023-03-02,5,RIB41_2023_3,
RIB4-510743,2023-03-03,5,RIB41_2023_3,
SB10-505048,2023-02-23,5,SB101_2023_3,
SB10-505048,2023-02-24,5,SB101_2023_3,
SB10-505048,2023-02-27,5,SB101_2023_3,
SB10-505048,2023-02-28,5,SB101_2023_3,
SB10-505048,2023-03-01,5,SB101_2023_3,
SB10-505048,2023-03-02,5,SB101_2023_3,
SB10-505048,2023-03-03,5,SB101_2023_3,
SB10-505048,2023-03-06,5,SB101_2023_3,
SB10-505048,2023-03-07,5,SB101_2023_3,
SB10-505048,2023-03-08,5,SB101_2023_3,
SB10-505048,2023-03-09,5,SB101_2023_3,
SB10-505048,2023-03-10,5,SB101_2023_3,
SB10-505048,2023-03-13,5,SB101_2023_3,
SB10-505048,2023-03-14,5,SB101_2023_3,
SB10-505048,2023-03-15,5,SB101_2023_3,
SB10-505048,2023-03-16,5,SB101_2023_3,
SB10-505048,2023-03-17,5,SB101_2023_3,
SB10-505048,2023-03-20,5,SB101_2023_3,
SB10-505048,2023-03-21,5,SB101_2023_3,
SB10-505048,2023-03-22,5,SB101_2023_3,
SB10-505048,2023-03-23,5,SB101_2023_3,
SB10-505048,2023-03-24,5,SB101_2023_3,
SB10-505048,2023-03-27,5,SB101_2023_3,
SB10-505048,2023-03-28,5,SB101_2023_3,
SB10-505048,2023-03-29,5,SB101_2023_3,
SB10-505048,2023-03-30,5,SB101_2023_3,
SB10-505048,2023-03-31,5,SB101_2023_3,
SB10-505048,2023-04-03,5,SB101_2023_3,
SB10-505048,2023-04-04,5,SB101_2023_3,
SB10-505048,2023-04-05,5,SB101_2023_3,
SB10-505048,2023-04-06,5,SB101_2023_3,
SB10-505048,2023-04-07,5,SB101_2023_3,
SB10-505048,2023-04-10,5,SB101_2023_3,
SB10-505048,2023-04-11,5,SB101_2023_3,
SB10-505048,2023-04-12,5,SB101_2023_3,
SB10-505048,2023-04-13,5,SB101_2023_3,
SB10-505048,2023-04-14,5,SB101_2023_3,
SB10-505048,2023-04-17,5,SB101_2023_3,
SB10-505048,2023-04-18,5,SB101_2023_3,
SB10-505048,2023-04-19,5,SB101_2023_3,
SEB7-464606,2022-03-10,5,SEB71_2022_3,
SEB7-464606,2022-03-11,5,SEB71_2022_3,
SEB7-464606,2022-03-14,5,SEB71_2022_3,
SEB7-464606,2022-03-15,5,SEB71_2022_3,
SEB7-464606,2022-03-16,5,SEB71_2022_3,
SEB7-464606,2022-03-17,5,SEB71_2022_3,
SEB7-464606,2022-03-18,5,SEB71_2022_3,
SEB7-464606,2022-03-21,5,SEB71_2022_3,
SEB7-464606,2022-03-22,5,SEB71_2022_3,
SEB7-464606,2022-03-23,5,SEB71_2022_3,
SEB7-464606,2022-03-24,5,SEB71_2022_3,
SEB7-464606,2022-03-25,5,SEB71_2022_3,
SEB7-464606,2022-03-28,5,SEB71_2022_3,
SEB7-464606,2022-03-29,5,SEB71_2022_3,
SEB7-464606,2022-03-30,5,SEB71_2022_3,
SEB7-464606,2022-03-31,5,SEB71_2022_3,
SEB7-464606,2022-04-01,5,SEB71_2022_3,
SW1-503148,2023-02-20,5,SW11_2023_3,
SW1-503148,2023-02-21,5,SW11_2023_3,
SW1-503148,2023-02-22,5,SW11_2023_3,
SW1-503148,2023-02-23,5,SW11_2023_3,
SW1-503148,2023-02-24,5,SW11_2023_3,
SW1-503148,2023-02-27,5,SW11_2023_3,
SW1-503148,2023-02-28,5,SW11_2023_3,
SW1-503148,2023-03-01,5,SW11_2023_3,
SW1-503148,2023-03-02,5,SW11_2023_3,
SW1-503148,2023-03-03,5,SW11_2023_3,
SW1-503148,2023-03-06,5,SW11_2023_3,
SW1-503148,2023-03-07,5,SW11_2023_3,
SW1-503148,2023-03-08,5,SW11_2023_3,
SW1-503148,2023-03-09,5,SW11_2023_3,
SW1-503148,2023-03-10,5,SW11_2023_3,
SW1-503148,2023-03-13,5,SW11_2023_3,
SW1-503148,2023-03-14,5,SW11_2023_3,
SW1-503148,2023-03-15,5,SW11_2023_3,
SW1-503148,2023-03-16,5,SW11_2023_3,
SW1-503148,2023-03-17,5,SW11_2023_3,
SW1-503148,2023-03-20,5,SW11_2023_3,
SW1-503148,2023-03-21,5,SW11_2023_3,
SW1-503148,2023-03-22,5,SW11_2023_3,
SW1-503148,2023-03-23,5,SW11_2023_3,
SW1-503148,2023-03-24,5,SW11_2023_3,
SW1-503148,2023-03-27,5,SW11_2023_3,
SW1-503148,2023-03-28,5,SW11_2023_3,
SW1-503148,2023-03-29,5,SW11_2023_3,
SW1-503148,2023-03-30,5,SW11_2023_3,
SW1-503148,2023-03-31,5,SW11_2023_3,
SW1-503148,2023-04-03,5,SW11_2023_3,
SW1-503148,2023-04-04,5,SW11_2023_3,
SW1-503148,2023-04-05,5,SW11_2023_3,
SW1-503148,2023-04-06,5,SW11_2023_3,
SW1-503148,2023-04-07,5,SW11_2023_3,
SW1-503148,2023-04-10,5,SW11_2023_3,
SW1-503148,2023-04-11,5,SW11_2023_3,
SW1-503148,2023-04-12,5,SW11_2023_3,
SW1-503148,2023-04-13,5,SW11_2023_3,
SW1-503148,2023-04-14,5,SW11_2023_3,
SW1-503148,2023-04-17,5,SW11_2023_3,
SW1-503148,2023-04-18,5,SW11_2023_3,
SW1-503148,2023-04-19,5,SW11_2023_3,
SW1-500233,2022-10-18,5,SW11_2022_4,
SW1-500233,2022-10-19,5,SW11_2022_4,
SW1-500233,2022-10-20,5,SW11_2022_4,
SW1-500233,2022-10-21,5,SW11_2022_4,
SW1-500233,2022-10-24,5,SW11_2022_4,
SW1-500233,2022-10-25,5,SW11_2022_4,
BB6-458865,2020-07-27,5,BB61_2020_4,
BB6-458865,2020-07-28,5,BB61_2020_4,
BB6-458865,2020-07-29,5,BB61_2020_4,
BB6-458865,2020-07-30,5,BB61_2020_4,
BB6-458865,2020-07-31,5,BB61_2020_4,
BB6-458865,2020-08-03,5,BB61_2020_4,
BB6-458865,2020-08-04,5,BB61_2020_4,
BB6-458865,2020-08-05,5,BB61_2020_4,
BB6-458865,2020-08-06,5,BB61_2020_4,
BB6-458865,2020-08-07,5,BB61_2020_4,
BB6-458865,2020-08-10,5,BB61_2020_4,
BB6-458865,2020-08-11,5,BB61_2020_4,
BB6-458865,2020-08-12,5,BB61_2020_4,
BB6-458865,2020-08-13,5,BB61_2020_4,
BB6-458865,2020-08-14,5,BB61_2020_4,
BB6-458865,2020-08-17,5,BB61_2020_4,
BB6-458865,2020-08-18,5,BB61_2020_4,
BB6-458865,2020-08-19,5,BB61_2020_4,
BB6-458865,2020-08-20,5,BB61_2020_4,
BB6-458865,2020-08-21,5,BB61_2020_4,
BB6-458865,2020-08-24,5,BB61_2020_4,
BB6-458865,2020-08-25,5,BB61_2020_4,
BB6-458865,2020-08-26,5,BB61_2020_4,
BB6-458865,2020-08-27,5,BB61_2020_4,
BB6-458865,2020-08-28,5,BB61_2020_4,
BB6-458865,2020-08-31,5,BB61_2020_4,
CIT2-519001,2023-05-10,5,CIT21_2023_4,
CIT2-519001,2023-05-11,5,CIT21_2023_4,
CIT2-519001,2023-05-12,5,CIT21_2023_4,
CIT2-519001,2023-05-15,5,CIT21_2023_4,
CIT2-519001,2023-05-16,5,CIT21_2023_4,
CIT2-519001,2023-05-17,5,CIT21_2023_4,
CIT2-523606,2023-07-14,5,CIT22_2023_4,
CIT2-523606,2023-07-17,5,CIT22_2023_4,
CIT2-523606,2023-07-18,5,CIT22_2023_4,
CIT2-523606,2023-07-19,5,CIT22_2023_4,
CIT2-523606,2023-07-20,5,CIT22_2023_4,
CIT2-523606,2023-07-21,5,CIT22_2023_4,
CIT2-523606,2023-07-24,5,CIT22_2023_4,
CIT2-523606,2023-07-25,5,CIT22_2023_4,
CIT2-523606,2023-07-26,5,CIT22_2023_4,
CIT2-523606,2023-07-27,5,CIT22_2023_4,
CIT2-523606,2023-07-28,5,CIT22_2023_4,
CIT2-523606,2023-07-31,5,CIT22_2023_4,
CIT2-523606,2023-08-01,5,CIT22_2023_4,
CIT2-523606,2023-08-02,5,CIT22_2023_4,
CIT2-523606,2023-08-03,5,CIT22_2023_4,
CIT2-523606,2023-08-04,5,CIT22_2023_4,
CIT2-523606,2023-08-07,5,CIT22_2023_4,
INB8-468251,2022-05-02,5,INB81_2022_4,
INB8-468251,2022-05-03,5,INB81_2022_4,
INB8-468251,2022-05-04,5,INB81_2022_4,
INB8-468251,2022-05-05,5,INB81_2022_4,
INB8-468251,2022-05-06,5,INB81_2022_4,
INB8-468251,2022-05-09,5,INB81_2022_4,
INB8-468251,2022-05-10,5,INB81_2022_4,
LB3-390914,2020-08-25,5,LB32_2020_4,
LB3-390914,2020-08-26,5,LB32_2020_4,
LB3-390914,2020-08-27,5,LB32_2020_4,
LB3-390914,2020-08-28,5,LB32_2020_4,
LB3-446667,2019-12-20,5,LB31_2020_4,
LB3-446667,2019-12-23,5,LB31_2020_4,
LB3-446667,2019-12-24,5,LB31_2020_4,
LB3-446667,2019-12-25,5,LB31_2020_4,
LB3-446667,2019-12-26,5,LB31_2020_4,
LB3-446667,2019-12-27,5,LB31_2020_4,
LB3-446667,2019-12-30,5,LB31_2020_4,
LB3-446667,2019-12-31,5,LB31_2020_4,
LB3-446667,2020-01-01,5,LB31_2020_4,
LB3-446667,2020-01-02,5,LB31_2020_4,
LB3-446667,2020-01-03,5,LB31_2020_4,
LUB9-487325,2022-06-10,5,LUB91_2022_4,
LUB9-487325,2022-06-13,5,LUB91_2022_4,
LUB9-487325,2022-06-14,5,LUB91_2022_4,
LUB9-487325,2022-06-15,5,LUB91_2022_4,
RB5-513927,2023-03-27,5,RB51_2023_4,
RB5-513927,2023-03-28,5,RB51_2023_4,
RB5-513927,2023-03-29,5,RB51_2023_4,
RB5-513927,2023-03-30,5,RB51_2023_4,
RB5-513927,2023-03-31,5,RB51_2023_4,
RB5-513927,2023-04-03,5,RB51_2023_4,
RIB4-510743,2023-02-20,5,RIB41_2023_4,
RIB4-510743,2023-02-21,5,RIB41_2023_4,
RIB4-510743,2023-02-22,5,RIB41_2023_4,
RIB4-510743,2023-02-23,5,RIB41_2023_4,
RIB4-510743,2023-02-24,5,RIB41_2023_4,
RIB4-510743,2023-02-27,5,RIB41_2023_4,
RIB4-510743,2023-02-28,5,RIB41_2023_4,
RIB4-510743,2023-03-01,5,RIB41_2023_4,
RIB4-510743,2023-03-02,5,RIB41_2023_4,
RIB4-510743,2023-03-03,5,RIB41_2023_4,
SB10-505048,2023-02-23,5,SB101_2023_4,
SB10-505048,2023-02-24,5,SB101_2023_4,
SB10-505048,2023-02-27,5,SB101_2023_4,
SB10-505048,2023-02-28,5,SB101_2023_4,
SB10-505048,2023-03-01,5,SB101_2023_4,
SB10-505048,2023-03-02,5,SB101_2023_4,
SB10-505048,2023-03-03,5,SB101_2023_4,
SB10-505048,2023-03-06,5,SB101_2023_4,
SB10-505048,2023-03-07,5,SB101_2023_4,
SB10-505048,2023-03-08,5,SB101_2023_4,
SB10-505048,2023-03-09,5,SB101_2023_4,
SB10-505048,2023-03-10,5,SB101_2023_4,
SB10-505048,2023-03-13,5,SB101_2023_4,
SB10-505048,2023-03-14,5,SB101_2023_4,
SB10-505048,2023-03-15,5,SB101_2023_4,
SB10-505048,2023-03-16,5,SB101_2023_4,
SB10-505048,2023-03-17,5,SB101_2023_4,
SB10-505048,2023-03-20,5,SB101_2023_4,
SB10-505048,2023-03-21,5,SB101_2023_4,
SB10-505048,2023-03-22,5,SB101_2023_4,
SB10-505048,2023-03-23,5,SB101_2023_4,
SB10-505048,2023-03-24,5,SB101_2023_4,
SB10-505048,2023-03-27,5,SB101_2023_4,
SB10-505048,2023-03-28,5,SB101_2023_4,
SB10-505048,2023-03-29,5,SB101_2023_4,
SB10-505048,2023-03-30,5,SB101_2023_4,
SB10-505048,2023-03-31,5,SB101_2023_4,
SB10-505048,2023-04-03,5,SB101_2023_4,
SB10-505048,2023-04-04,5,SB101_2023_4,
SB10-505048,2023-04-05,5,SB101_2023_4,
SB10-505048,2023-04-06,5,SB101_2023_4,
SB10-505048,2023-04-07,5,SB101_2023_4,
SB10-505048,2023-04-10,5,SB101_2023_4,
SB10-505048,2023-04-11,5,SB101_2023_4,
SB10-505048,2023-04-12,5,SB101_2023_4,
SB10-505048,2023-04-13,5,SB101_2023_4,
SB10-505048,2023-04-14,5,SB101_2023_4,
SB10-505048,2023-04-17,5,SB101_2023_4,
SB10-505048,2023-04-18,5,SB101_2023_4,
SB10-505048,2023-04-19,5,SB101_2023_4,
SEB7-464606,2022-03-10,5,SEB71_2022_4,
SEB7-464606,2022-03-11,5,SEB71_2022_4,
SEB7-464606,2022-03-14,5,SEB71_2022_4,
SEB7-464606,2022-03-15,5,SEB71_2022_4,
SEB7-464606,2022-03-16,5,SEB71_2022_4,
SEB7-464606,2022-03-17,5,SEB71_2022_4,
SEB7-464606,2022-03-18,5,SEB71_2022_4,
SEB7-464606,2022-03-21,5,SEB71_2022_4,
SEB7-464606,2022-03-22,5,SEB71_2022_4,
SEB7-464606,2022-03-23,5,SEB71_2022_4,
SEB7-464606,2022-03-24,5,SEB71_2022_4,
SEB7-464606,2022-03-25,5,SEB71_2022_4,
SEB7-464606,2022-03-28,5,SEB71_2022_4,
SEB7-464606,2022-03-29,5,SEB71_2022_4,
SEB7-464606,2022-03-30,5,SEB71_2022_4,
SEB7-464606,2022-03-31,5,SEB71_2022_4,
SEB7-464606,2022-04-01,5,SEB71_2022_4,
SW1-503148,2023-02-20,5,SW11_2023_4,
SW1-503148,2023-02-21,5,SW11_2023_4,
SW1-503148,2023-02-22,5,SW11_2023_4,
SW1-503148,2023-02-23,5,SW11_2023_4,
SW1-503148,2023-02-24,5,SW11_2023_4,
SW1-503148,2023-02-27,5,SW11_2023_4,
SW1-503148,2023-02-28,5,SW11_2023_4,
SW1-503148,2023-03-01,5,SW11_2023_4,
SW1-503148,2023-03-02,5,SW11_2023_4,
SW1-503148,2023-03-03,5,SW11_2023_4,
SW1-503148,2023-03-06,5,SW11_2023_4,
SW1-503148,2023-03-07,5,SW11_2023_4,
SW1-503148,2023-03-08,5,SW11_2023_4,
SW1-503148,2023-03-09,5,SW11_2023_4,
SW1-503148,2023-03-10,5,SW11_2023_4,
SW1-503148,2023-03-13,5,SW11_2023_4,
SW1-503148,2023-03-14,5,SW11_2023_4,
SW1-503148,2023-03-15,5,SW11_2023_4,
SW1-503148,2023-03-16,5,SW11_2023_4,
SW1-503148,2023-03-17,5,SW11_2023_4,
SW1-503148,2023-03-20,5,SW11_2023_4,
SW1-503148,2023-03-21,5,SW11_2023_4,
SW1-503148,2023-03-22,5,SW11_2023_4,
SW1-503148,2023-03-23,5,SW11_2023_4,
SW1-503148,2023-03-24,5,SW11_2023_4,
SW1-503148,2023-03-27,5,SW11_2023_4,
SW1-503148,2023-03-28,5,SW11_2023_4,
SW1-503148,2023-03-29,5,SW11_2023_4,
SW1-503148,2023-03-30,5,SW11_2023_4,
SW1-503148,2023-03-31,5,SW11_2023_4,
SW1-503148,2023-04-03,5,SW11_2023_4,
SW1-503148,2023-04-04,5,SW11_2023_4,
SW1-503148,2023-04-05,5,SW11_2023_4,
SW1-503148,2023-04-06,5,SW11_2023_4,
SW1-503148,2023-04-07,5,SW11_2023_4,
SW1-503148,2023-04-10,5,SW11_2023_4,
SW1-503148,2023-04-11,5,SW11_2023_4,
SW1-503148,2023-04-12,5,SW11_2023_4,
SW1-503148,2023-04-13,5,SW11_2023_4,
SW1-503148,2023-04-14,5,SW11_2023_4,
SW1-503148,2023-04-17,5,SW11_2023_4,
SW1-503148,2023-04-18,5,SW11_2023_4,
SW1-503148,2023-04-19,5,SW11_2023_4,
CIT2-519001,2023-06-06,1,,519001_1
CIT2-519001,2023-06-07,1,,519001_1
CIT2-519001,2023-06-08,1,,519001_1
CIT2-519001,2023-06-09,1,,519001_1
CIT2-519001,2023-06-12,1,,519001_1
CIT2-519001,2023-06-13,1,,519001_1
CIT2-519001,2023-06-14,1,,519001_1
CIT2-519001,2023-06-15,1,,519001_1
CIT2-519001,2023-06-16,1,,519001_1
CIT2-519001,2023-06-19,1,,519001_1
CIT2-519001,2023-06-20,1,,519001_1
CIT2-519001,2023-06-21,1,,519001_1
CIT2-519001,2023-06-22,1,,519001_1
CIT2-519001,2023-06-23,1,,519001_1
CIT2-519001,2023-06-26,1,,519001_1
CIT2-519001,2023-06-27,1,,519001_1
CIT2-519001,2023-06-28,1,,519001_1
CIT2-519001,2023-06-29,1,,519001_1
CIT2-519001,2023-06-30,1,,519001_1
CIT2-519001,2023-07-03,1,,519001_1
CIT2-519001,2023-07-04,1,,519001_1
CIT2-519001,2023-07-05,1,,519001_1
CIT2-519001,2023-07-06,1,,519001_1
CIT2-519001,2023-07-07,1,,519001_1
CIT2-519001,2023-07-10,1,,519001_1
CIT2-519001,2023-07-11,1,,519001_1
CIT2-519001,2023-07-12,1,,519001_1
CIT2-519001,2023-07-13,1,,519001_1
CIT2-519001,2023-07-14,1,,519001_1
CIT2-519001,2023-07-17,1,,519001_1
CIT2-519001,2023-07-18,1,,519001_1
CIT2-519001,2023-07-19,1,,519001_1
CIT2-519001,2023-07-20,1,,519001_1
CIT2-519001,2023-07-21,1,,519001_1
CIT2-519001,2023-07-24,1,,519001_1
CIT2-519001,2023-07-25,1,,519001_1
CIT2-519001,2023-07-26,1,,519001_1
CIT2-519001,2023-07-27,1,,519001_1
CIT2-519001,2023-07-28,1,,519001_1
CIT2-519001,2023-07-31,1,,519001_1
CIT2-519001,2023-08-01,1,,519001_1
CIT2-519001,2023-08-02,1,,519001_1
CIT2-519001,2023-08-03,1,,519001_1
CIT2-519001,2023-08-04,1,,519001_1
CIT2-519001,2023-08-07,1,,519001_1
CIT2-519001,2023-08-08,1,,519001_1
INB8-468251,2022-06-06,1,,468251_1
INB8-468251,2022-06-07,1,,468251_1
INB8-468251,2022-06-08,1,,468251_1
INB8-468251,2022-06-09,1,,468251_1
INB8-468251,2022-06-10,1,,468251_1
INB8-468251,2022-06-13,1,,468251_1
INB8-468251,2022-06-14,1,,468251_1
INB8-468251,2022-06-15,1,,468251_1
INB8-468251,2022-06-16,1,,468251_1
INB8-468251,2022-06-17,1,,468251_1
INB8-468251,2022-06-20,1,,468251_1
INB8-468251,2022-06-21,1,,468251_1
INB8-468251,2022-06-22,1,,468251_1
INB8-468251,2022-06-23,1,,468251_1
INB8-468251,2022-06-24,1,,468251_1
INB8-468251,2022-06-27,1,,468251_1
INB8-468251,2022-06-28,1,,468251_1
INB8-468251,2022-06-29,1,,468251_1
INB8-468251,2022-06-30,1,,468251_1
INB8-468251,2022-07-01,1,,468251_1
INB8-468251,2022-07-04,1,,468251_1
INB8-468251,2022-07-05,1,,468251_1
INB8-468251,2022-07-06,1,,468251_1
INB8-468251,2022-07-07,1,,468251_1
INB8-468251,2022-07-08,1,,468251_1
INB8-468251,2022-07-11,1,,468251_1
INB8-468251,2022-07-12,1,,468251_1
INB8-468251,2022-07-13,1,,468251_1
INB8-468251,2022-07-14,1,,468251_1
INB8-468251,2022-07-15,1,,468251_1
INB8-468251,2022-07-18,1,,468251_1
INB8-468251,2022-07-19,1,,468251_1
INB8-468251,2022-07-20,1,,468251_1
INB8-468251,2022-07-21,1,,468251_1
INB8-468251,2022-07-22,1,,468251_1
INB8-468251,2022-07-25,1,,468251_1
INB8-468251,2022-07-26,1,,468251_1
INB8-468251,2022-07-27,1,,468251_1
INB8-468251,2022-07-28,1,,468251_1
INB8-468251,2022-07-29,1,,468251_1
LB3-390914,2020-09-30,1,,390914_1
LB3-390914,2020-10-01,1,,390914_1
LB3-390914,2020-10-02,1,,390914_1
LB3-390914,2020-10-05,1,,390914_1
LB3-390914,2020-10-06,1,,390914_1
LB3-390914,2020-10-07,1,,390914_1
LB3-390914,2020-10-08,1,,390914_1
LB3-390914,2020-10-09,1,,390914_1
LB3-390914,2020-10-12,1,,390914_1
LB3-390914,2020-10-13,1,,390914_1
LB3-390914,2020-10-14,1,,390914_1
LB3-390914,2020-10-15,1,,390914_1
LB3-390914,2020-10-16,1,,390914_1
LB3-390914,2020-10-19,1,,390914_1
LB3-390914,2020-10-20,1,,390914_1
LB3-390914,2020-10-21,1,,390914_1
LB3-390914,2020-10-22,1,,390914_1
LB3-390914,2020-10-23,1,,390914_1
LB3-390914,2020-10-26,1,,390914_1
LB3-390914,2020-10-27,1,,390914_1
LB3-390914,2020-10-28,1,,390914_1
LB3-390914,2020-10-29,1,,390914_1
LB3-390914,2020-10-30,1,,390914_1
LB3-390914,2020-11-02,1,,390914_1
LB3-390914,2020-11-03,1,,390914_1
LB3-390914,2020-11-04,1,,390914_1
LB3-390914,2020-11-05,1,,390914_1
LB3-390914,2020-11-06,1,,390914_1
LB3-390914,2020-11-09,1,,390914_1
LB3-390914,2020-11-10,1,,390914_1
LB3-390914,2020-11-11,1,,390914_1
LB3-390914,2020-11-12,1,,390914_1
LB3-390914,2020-11-13,1,,390914_1
LB3-390914,2020-11-16,1,,390914_1
LB3-390914,2020-11-17,1,,390914_1
LB3-390914,2020-11-18,1,,390914_1
LB3-390914,2020-11-19,1,,390914_1
LB3-390914,2020-11-20,1,,390914_1
LB3-390914,2020-11-23,1,,390914_1
LB3-390914,2020-11-24,1,,390914_1
LB3-390914,2020-11-25,1,,390914_1
LB3-390914,2020-11-26,1,,390914_1
LB3-390914,2020-11-27,1,,390914_1
LB3-390914,2020-11-30,1,,390914_1
LB3-390914,2020-12-01,1,,390914_1
LB3-390914,2020-12-02,1,,390914_1
LB3-390914,2020-12-03,1,,390914_1
LB3-390914,2020-12-04,1,,390914_1
LB3-390914,2020-12-07,1,,390914_1
LB3-390914,2020-12-08,1,,390914_1
LB3-390914,2020-12-09,1,,390914_1
LB3-390914,2020-12-10,1,,390914_1
LB3-390914,2020-12-11,1,,390914_1
LB3-390914,2020-12-14,1,,390914_1
LB3-390914,2020-12-15,1,,390914_1
LB3-390914,2020-12-16,1,,390914_1
LB3-390914,2020-12-17,1,,390914_1
LB3-390914,2020-12-18,1,,390914_1
LB3-390914,2020-12-21,1,,390914_1
LB3-390914,2020-12-22,1,,390914_1
LB3-390914,2020-12-23,1,,390914_1
LB3-390914,2020-12-24,1,,390914_1
LB3-390914,2020-12-25,1,,390914_1
LB3-390914,2020-12-28,1,,390914_1
LB3-390914,2020-12-29,1,,390914_1
LB3-390914,2020-12-30,1,,390914_1
LB3-390914,2020-12-31,1,,390914_1
LB3-390914,2021-01-01,1,,390914_1
LB3-390914,2021-01-04,1,,390914_1
LB3-390914,2021-01-05,1,,390914_1
LB3-390914,2021-01-06,1,,390914_1
LB3-390914,2021-01-07,1,,390914_1
LB3-390914,2021-01-08,1,,390914_1
LB3-390914,2021-01-11,1,,390914_1
LB3-390914,2021-01-12,1,,390914_1
LB3-446667,2020-01-22,1,,446667_1
LB3-446667,2020-01-23,1,,446667_1
LB3-446667,2020-01-24,1,,446667_1
LB3-446667,2020-01-27,1,,446667_1
LB3-446667,2020-01-28,1,,446667_1
LB3-446667,2020-01-29,1,,446667_1
LB3-446667,2020-01-30,1,,446667_1
LB3-446667,2020-01-31,1,,446667_1
LB3-446667,2020-02-03,1,,446667_1
LB3-446667,2020-02-04,1,,446667_1
LB3-446667,2020-02-05,1,,446667_1
LB3-446667,2020-02-06,1,,446667_1
LB3-446667,2020-02-07,1,,446667_1
LB3-446667,2020-02-10,1,,446667_1
LB3-446667,2020-02-11,1,,446667_1
LB3-446667,2020-02-12,1,,446667_1
LB3-446667,2020-02-13,1,,446667_1
LB3-446667,2020-02-14,1,,446667_1
LB3-446667,2020-02-17,1,,446667_1
LB3-446667,2020-02-18,1,,446667_1
LB3-446667,2020-02-19,1,,446667_1
LB3-446667,2020-02-20,1,,446667_1
LB3-446667,2020-02-21,1,,446667_1
LB3-446667,2020-02-24,1,,446667_1
LB3-446667,2020-02-25,1,,446667_1
LB3-446667,2020-02-26,1,,446667_1
LB3-446667,2020-02-27,1,,446667_1
LB3-446667,2020-02-28,1,,446667_1
LB3-446667,2020-03-02,1,,446667_1
LB3-446667,2020-03-03,1,,446667_1
LB3-446667,2020-03-04,1,,446667_1
LB3-446667,2020-03-05,1,,446667_1
LB3-446667,2020-03-06,1,,446667_1
LB3-446667,2020-03-09,1,,446667_1
LB3-446667,2020-03-10,1,,446667_1
LB3-446667,2020-03-11,1,,446667_1
LB3-446667,2020-03-12,1,,446667_1
LB3-446667,2020-03-13,1,,446667_1
LB3-446667,2020-03-16,1,,446667_1
LB3-446667,2020-03-17,1,,446667_1
LB3-446667,2020-03-18,1,,446667_1
LB3-446667,2020-03-19,1,,446667_1
LB3-446667,2020-03-20,1,,446667_1
LB3-446667,2020-03-23,1,,446667_1
LB3-446667,2020-03-24,1,,446667_1
LB3-446667,2020-03-25,1,,446667_1
LB3-446667,2020-03-26,1,,446667_1
LB3-446667,2020-03-27,1,,446667_1
LB3-446667,2020-03-30,1,,446667_1
LB3-446667,2020-03-31,1,,446667_1
LB3-446667,2020-04-01,1,,446667_1
LB3-446667,2020-04-02,1,,446667_1
LB3-446667,2020-04-03,1,,446667_1
LB3-446667,2020-04-06,1,,446667_1
LB3-446667,2020-04-07,1,,446667_1
LB3-446667,2020-04-08,1,,446667_1
LB3-446667,2020-04-09,1,,446667_1
LB3-446667,2020-04-10,1,,446667_1
LB3-446667,2020-04-13,1,,446667_1
LB3-446667,2020-04-14,1,,446667_1
LB3-446667,2020-04-15,1,,446667_1
LB3-446667,2020-04-16,1,,446667_1
LB3-446667,2020-04-17,1,,446667_1
LB3-446667,2020-04-20,1,,446667_1
LB3-446667,2020-04-21,1,,446667_1
LB3-446667,2020-04-22,1,,446667_1
LB3-446667,2020-04-23,1,,446667_1
LB3-446667,2020-04-24,1,,446667_1
LB3-446667,2020-04-27,1,,446667_1
LB3-446667,2020-04-28,1,,446667_1
LB3-446667,2020-04-29,1,,446667_1
LB3-446667,2020-04-30,1,,446667_1
LUB9-487325,2022-07-07,1,,487325_1
LUB9-487325,2022-07-08,1,,487325_1
LUB9-487325,2022-07-11,1,,487325_1
LUB9-487325,2022-07-12,1,,487325_1
LUB9-487325,2022-07-13,1,,487325_1
LUB9-487325,2022-07-14,1,,487325_1
LUB9-487325,2022-07-15,1,,487325_1
LUB9-487325,2022-07-18,1,,487325_1
LUB9-487325,2022-07-19,1,,487325_1
LUB9-487325,2022-07-20,1,,487325_1
LUB9-487325,2022-07-21,1,,487325_1
LUB9-487325,2022-07-22,1,,487325_1
LUB9-487325,2022-07-25,1,,487325_1
LUB9-487325,2022-07-26,1,,487325_1
LUB9-487325,2022-07-27,1,,487325_1
LUB9-487325,2022-07-28,1,,487325_1
LUB9-487325,2022-07-29,1,,487325_1
LUB9-487325,2022-08-01,1,,487325_1
LUB9-487325,2022-08-02,1,,487325_1
LUB9-487325,2022-08-03,1,,487325_1
LUB9-487325,2022-08-04,1,,487325_1
LUB9-487325,2022-08-05,1,,487325_1
LUB9-487325,2022-08-08,1,,487325_1
LUB9-487325,2022-08-09,1,,487325_1
LUB9-487325,2022-08-10,1,,487325_1
LUB9-487325,2022-08-11,1,,487325_1
LUB9-487325,2022-08-12,1,,487325_1
LUB9-487325,2022-08-15,1,,487325_1
LUB9-487325,2022-08-16,1,,487325_1
LUB9-487325,2022-08-17,1,,487325_1
LUB9-487325,2022-08-18,1,,487325_1
LUB9-487325,2022-08-19,1,,487325_1
LUB9-487325,2022-08-22,1,,487325_1
LUB9-487325,2022-08-23,1,,487325_1
LUB9-487325,2022-08-24,1,,487325_1
LUB9-487325,2022-08-25,1,,487325_1
LUB9-487325,2022-08-26,1,,487325_1
LUB9-487325,2022-08-29,1,,487325_1
LUB9-487325,2022-08-30,1,,487325_1
LUB9-487325,2022-08-31,1,,487325_1
LUB9-487325,2022-09-01,1,,487325_1
LUB9-487325,2022-09-02,1,,487325_1
LUB9-487325,2022-09-05,1,,487325_1
LUB9-487325,2022-09-06,1,,487325_1
LUB9-487325,2022-09-07,1,,487325_1
LUB9-487325,2022-09-08,1,,487325_1
LUB9-487325,2022-09-09,1,,487325_1
LUB9-487325,2022-09-12,1,,487325_1
LUB9-487325,2022-09-13,1,,487325_1
LUB9-487325,2022-09-14,1,,487325_1
LUB9-487325,2022-09-15,1,,487325_1
LUB9-487325,2022-09-16,1,,487325_1
LUB9-487325,2022-09-19,1,,487325_1
LUB9-487325,2022-09-20,1,,487325_1
LUB9-487325,2022-09-21,1,,487325_1
LUB9-487325,2022-09-22,1,,487325_1
LUB9-487325,2022-09-23,1,,487325_1
LUB9-487325,2022-09-26,1,,487325_1
LUB9-487325,2022-09-27,1,,487325_1
LUB9-487325,2022-09-28,1,,487325_1
LUB9-487325,2022-09-29,1,,487325_1
LUB9-487325,2022-09-30,1,,487325_1
LUB9-487325,2022-10-03,1,,487325_1
LUB9-487325,2022-10-04,1,,487325_1
LUB9-487325,2022-10-05,1,,487325_1
LUB9-487325,2022-10-06,1,,487325_1
LUB9-487325,2022-10-07,1,,487325_1
LUB9-487325,2022-10-10,1,,487325_1
LUB9-487325,2022-10-11,1,,487325_1
LUB9-487325,2022-10-12,1,,487325_1
LUB9-487325,2022-10-13,1,,487325_1
LUB9-487325,2022-10-14,1,,487325_1
LUB9-487325,2022-10-17,1,,487325_1
LUB9-487325,2022-10-18,1,,487325_1
LUB9-487325,2022-10-19,1,,487325_1
LUB9-487325,2022-10-20,1,,487325_1
LUB9-487325,2022-10-21,1,,487325_1
LUB9-487325,2022-10-24,1,,487325_1
LUB9-487325,2022-10-25,1,,487325_1
LUB9-487325,2022-10-26,1,,487325_1
LUB9-487325,2022-10-27,1,,487325_1
LUB9-487325,2022-10-28,1,,487325_1
LUB9-487325,2022-10-31,1,,487325_1
LUB9-487325,2022-11-01,1,,487325_1
LUB9-487325,2022-11-02,1,,487325_1
LUB9-487325,2022-11-03,1,,487325_1
LUB9-487325,2022-11-04,1,,487325_1
LUB9-487325,2022-11-07,1,,487325_1
LUB9-487325,2022-11-08,1,,487325_1
LUB9-487325,2022-11-09,1,,487325_1
LUB9-487325,2022-11-10,1,,487325_1
LUB9-487325,2022-11-11,1,,487325_1
LUB9-487325,2022-11-14,1,,487325_1
LUB9-487325,2022-11-15,1,,487325_1
LUB9-487325,2022-11-16,1,,487325_1
LUB9-487325,2022-11-17,1,,487325_1
LUB9-487325,2022-11-18,1,,487325_1
LUB9-487325,2022-11-21,1,,487325_1
LUB9-487325,2022-11-22,1,,487325_1
LUB9-487325,2022-11-23,1,,487325_1
LUB9-487325,2022-11-24,1,,487325_1
LUB9-487325,2022-11-25,1,,487325_1
LUB9-487325,2022-11-28,1,,487325_1
LUB9-487325,2022-11-29,1,,487325_1
LUB9-487325,2022-11-30,1,,487325_1
LUB9-487325,2022-12-01,1,,487325_1
LUB9-487325,2022-12-02,1,,487325_1
LUB9-487325,2022-12-05,1,,487325_1
LUB9-487325,2022-12-06,1,,487325_1
LUB9-487325,2022-12-07,1,,487325_1
LUB9-487325,2022-12-08,1,,487325_1
LUB9-487325,2022-12-09,1,,487325_1
LUB9-487325,2022-12-12,1,,487325_1
LUB9-487325,2022-12-13,1,,487325_1
LUB9-487325,2022-12-14,1,,487325_1
LUB9-487325,2022-12-15,1,,487325_1
LUB9-487325,2022-12-16,1,,487325_1
LUB9-487325,2022-12-19,1,,487325_1
LUB9-487325,2022-12-20,1,,487325_1
LUB9-487325,2022-12-21,1,,487325_1
LUB9-487325,2022-12-22,1,,487325_1
LUB9-487325,2022-12-23,1,,487325_1
LUB9-487325,2022-12-26,1,,487325_1
LUB9-487325,2022-12-27,1,,487325_1
LUB9-487325,2022-12-28,1,,487325_1
LUB9-487325,2022-12-29,1,,487325_1
LUB9-487325,2022-12-30,1,,487325_1
LUB9-487325,2023-01-02,1,,487325_1
LUB9-487325,2023-01-03,1,,487325_1
LUB9-487325,2023-01-04,1,,487325_1
LUB9-487325,2023-01-05,1,,487325_1
LUB9-487325,2023-01-06,1,,487325_1
LUB9-487325,2023-01-09,1,,487325_1
LUB9-487325,2023-01-10,1,,487325_1
LUB9-487325,2023-01-11,1,,487325_1
LUB9-487325,2023-01-12,1,,487325_1
LUB9-487325,2023-01-13,1,,487325_1
LUB9-487325,2023-01-16,1,,487325_1
LUB9-487325,2023-01-17,1,,487325_1
LUB9-487325,2023-01-18,1,,487325_1
LUB9-487325,2023-01-19,1,,487325_1
LUB9-487325,2023-01-20,1,,487325_1
LUB9-487325,2023-01-23,1,,487325_1
LUB9-487325,2023-01-24,1,,487325_1
LUB9-487325,2023-01-25,1,,487325_1
LUB9-487325,2023-01-26,1,,487325_1
LUB9-487325,2023-01-27,1,,487325_1
LUB9-487325,2023-01-30,1,,487325_1
LUB9-487325,2023-01-31,1,,487325_1
LUB9-487325,2023-02-01,1,,487325_1
LUB9-487325,2023-02-02,1,,487325_1
LUB9-487325,2023-02-03,1,,487325_1
LUB9-487325,2023-02-06,1,,487325_1
LUB9-487325,2023-02-07,1,,487325_1
LUB9-487325,2023-02-08,1,,487325_1
LUB9-487325,2023-02-09,1,,487325_1
LUB9-487325,2023-02-10,1,,487325_1
LUB9-487325,2023-02-13,1,,487325_1
LUB9-487325,2023-02-14,1,,487325_1
LUB9-487325,2023-02-15,1,,487325_1
LUB9-487325,2023-02-16,1,,487325_1
LUB9-487325,2023-02-17,1,,487325_1
LUB9-487325,2023-02-20,1,,487325_1
LUB9-487325,2023-02-21,1,,487325_1
LUB9-487325,2023-02-22,1,,487325_1
LUB9-487325,2023-02-23,1,,487325_1
LUB9-487325,2023-02-24,1,,487325_1
LUB9-487325,2023-02-27,1,,487325_1
LUB9-487325,2023-02-28,1,,487325_1
LUB9-487325,2023-03-01,1,,487325_1
LUB9-487325,2023-03-02,1,,487325_1
LUB9-487325,2023-03-03,1,,487325_1
LUB9-487325,2023-03-06,1,,487325_1
LUB9-487325,2023-03-07,1,,487325_1
LUB9-487325,2023-03-08,1,,487325_1
LUB9-487325,2023-03-09,1,,487325_1
LUB9-487325,2023-03-10,1,,487325_1
LUB9-487325,2023-03-13,1,,487325_1
LUB9-487325,2023-03-14,1,,487325_1
LUB9-487325,2023-03-15,1,,487325_1
LUB9-487325,2023-03-16,1,,487325_1
LUB9-487325,2023-03-17,1,,487325_1
LUB9-487325,2023-03-20,1,,487325_1
LUB9-487325,2023-03-21,1,,487325_1
LUB9-487325,2023-03-22,1,,487325_1
LUB9-487325,2023-03-23,1,,487325_1
LUB9-487325,2023-03-24,1,,487325_1
LUB9-487325,2023-03-27,1,,487325_1
LUB9-487325,2023-03-28,1,,487325_1
LUB9-487325,2023-03-29,1,,487325_1
LUB9-487325,2023-03-30,1,,487325_1
LUB9-487325,2023-03-31,1,,487325_1
LUB9-487325,2023-04-03,1,,487325_1
LUB9-487325,2023-04-04,1,,487325_1
LUB9-487325,2023-04-05,1,,487325_1
LUB9-487325,2023-04-06,1,,487325_1
LUB9-487325,2023-04-07,1,,487325_1
LUB9-487325,2023-04-10,1,,487325_1
LUB9-487325,2023-04-11,1,,487325_1
LUB9-487325,2023-04-12,1,,487325_1
LUB9-487325,2023-04-13,1,,487325_1
LUB9-487325,2023-04-14,1,,487325_1
LUB9-487325,2023-04-17,1,,487325_1
LUB9-487325,2023-04-18,1,,487325_1
LUB9-487325,2023-04-19,1,,487325_1
LUB9-487325,2023-04-20,1,,487325_1
LUB9-487325,2023-04-21,1,,487325_1
LUB9-487325,2023-04-24,1,,487325_1
LUB9-487325,2023-04-25,1,,487325_1
LUB9-487325,2023-04-26,1,,487325_1
LUB9-487325,2023-04-27,1,,487325_1
LUB9-487325,2023-04-28,1,,487325_1
LUB9-487325,2023-05-01,1,,487325_1
LUB9-487325,2023-05-02,1,,487325_1
LUB9-487325,2023-05-03,1,,487325_1
LUB9-487325,2023-05-04,1,,487325_1
LUB9-487325,2023-05-05,1,,487325_1
LUB9-487325,2023-05-08,1,,487325_1
LUB9-487325,2023-05-09,1,,487325_1
LUB9-487325,2023-05-10,1,,487325_1
LUB9-487325,2023-05-11,1,,487325_1
LUB9-487325,2023-05-12,1,,487325_1
LUB9-487325,2023-05-15,1,,487325_1
LUB9-487325,2023-05-16,1,,487325_1
LUB9-487325,2023-05-17,1,,487325_1
LUB9-487325,2023-05-18,1,,487325_1
LUB9-487325,2023-05-19,1,,487325_1
LUB9-487325,2023-05-22,1,,487325_1
LUB9-487325,2023-05-23,1,,487325_1
LUB9-487325,2023-05-24,1,,487325_1
LUB9-487325,2023-05-25,1,,487325_1
LUB9-487325,2023-05-26,1,,487325_1
LUB9-487325,2023-05-29,1,,487325_1
LUB9-487325,2023-05-30,1,,487325_1
RB5-513927,2023-04-26,1,,513927_1
RB5-513927,2023-04-27,1,,513927_1
RB5-513927,2023-04-28,1,,513927_1
RB5-513927,2023-05-01,1,,513927_1
RB5-513927,2023-05-02,1,,513927_1
RB5-513927,2023-05-03,1,,513927_1
RB5-513927,2023-05-04,1,,513927_1
RB5-513927,2023-05-05,1,,513927_1
RB5-513927,2023-05-08,1,,513927_1
RB5-513927,2023-05-09,1,,513927_1
RB5-513927,2023-05-10,1,,513927_1
RB5-513927,2023-05-11,1,,513927_1
RB5-513927,2023-05-12,1,,513927_1
RB5-513927,2023-05-15,1,,513927_1
RB5-513927,2023-05-16,1,,513927_1
RB5-513927,2023-05-17,1,,513927_1
RB5-513927,2023-05-18,1,,513927_1
RB5-513927,2023-05-19,1,,513927_1
RB5-513927,2023-05-22,1,,513927_1
RB5-513927,2023-05-23,1,,513927_1
RB5-513927,2023-05-24,1,,513927_1
RB5-513927,2023-05-25,1,,513927_1
RB5-513927,2023-05-26,1,,513927_1
RB5-513927,2023-05-29,1,,513927_1
RB5-513927,2023-05-30,1,,513927_1
RB5-513927,2023-05-31,1,,513927_1
RB5-513927,2023-06-01,1,,513927_1
RB5-513927,2023-06-02,1,,513927_1
RB5-513927,2023-06-05,1,,513927_1
RB5-513927,2023-06-06,1,,513927_1
RB5-513927,2023-06-07,1,,513927_1
RB5-513927,2023-06-08,1,,513927_1
RB5-513927,2023-06-09,1,,513927_1
RB5-513927,2023-06-12,1,,513927_1
RB5-513927,2023-06-13,1,,513927_1
RB5-513927,2023-06-14,1,,513927_1
RB5-513927,2023-06-15,1,,513927_1
RB5-513927,2023-06-16,1,,513927_1
RB5-513927,2023-06-19,1,,513927_1
RB5-513927,2023-06-20,1,,513927_1
RB5-513927,2023-06-21,1,,513927_1
RB5-513927,2023-06-22,1,,513927_1
RB5-513927,2023-06-23,1,,513927_1
RB5-513927,2023-06-26,1,,513927_1
RB5-513927,2023-06-27,1,,513927_1
RB5-513927,2023-06-28,1,,513927_1
RB5-513927,2023-06-29,1,,513927_1
RB5-513927,2023-06-30,1,,513927_1
RB5-513927,2023-07-03,1,,513927_1
RB5-513927,2023-07-04,1,,513927_1
RB5-513927,2023-07-05,1,,513927_1
RB5-513927,2023-07-06,1,,513927_1
RB5-513927,2023-07-07,1,,513927_1
RB5-513927,2023-07-10,1,,513927_1
RB5-513927,2023-07-11,1,,513927_1
RB5-513927,2023-07-12,1,,513927_1
RB5-513927,2023-07-13,1,,513927_1
RB5-513927,2023-07-14,1,,513927_1
RB5-513927,2023-07-17,1,,513927_1
RB5-513927,2023-07-18,1,,513927_1
RB5-513927,2023-07-19,1,,513927_1
RB5-513927,2023-07-20,1,,513927_1
RB5-513927,2023-07-21,1,,513927_1
RB5-513927,2023-07-24,1,,513927_1
RB5-513927,2023-07-25,1,,513927_1
RB5-513927,2023-07-26,1,,513927_1
RB5-513927,2023-07-27,1,,513927_1
RB5-513927,2023-07-28,1,,513927_1
RB5-513927,2023-07-31,1,,513927_1
RB5-513927,2023-08-01,1,,513927_1
RB5-513927,2023-08-02,1,,513927_1
RB5-513927,2023-08-03,1,,513927_1
RB5-513927,2023-08-04,1,,513927_1
RB5-513927,2023-08-07,1,,513927_1
RB5-513927,2023-08-08,1,,513927_1
RB5-513927,2023-08-09,1,,513927_1
RB5-513927,2023-08-10,1,,513927_1
RB5-513927,2023-08-11,1,,513927_1
RB5-513927,2023-08-14,1,,513927_1
RB5-513927,2023-08-15,1,,513927_1
RB5-513927,2023-08-16,1,,513927_1
RB5-513927,2023-08-17,1,,513927_1
RB5-513927,2023-08-18,1,,513927_1
RB5-513927,2023-08-21,1,,513927_1
RB5-513927,2023-08-22,1,,513927_1
RB5-513927,2023-08-23,1,,513927_1
RB5-513927,2023-08-24,1,,513927_1
RB5-513927,2023-08-25,1,,513927_1
RB5-513927,2023-08-28,1,,513927_1
RB5-513927,2023-08-29,1,,513927_1
RB5-513927,2023-08-30,1,,513927_1
RB5-513927,2023-08-31,1,,513927_1
RB5-513927,2023-09-01,1,,513927_1
RIB4-510743,2023-03-29,1,,510743_1
RIB4-510743,2023-03-30,1,,510743_1
RIB4-510743,2023-03-31,1,,510743_1
RIB4-510743,2023-04-03,1,,510743_1
RIB4-510743,2023-04-04,1,,510743_1
RIB4-510743,2023-04-05,1,,510743_1
RIB4-510743,2023-04-06,1,,510743_1
RIB4-510743,2023-04-07,1,,510743_1
RIB4-510743,2023-04-10,1,,510743_1
RIB4-510743,2023-04-11,1,,510743_1
RIB4-510743,2023-04-12,1,,510743_1
RIB4-510743,2023-04-13,1,,510743_1
RIB4-510743,2023-04-14,1,,510743_1
RIB4-510743,2023-04-17,1,,510743_1
RIB4-510743,2023-04-18,1,,510743_1
RIB4-510743,2023-04-19,1,,510743_1
RIB4-510743,2023-04-20,1,,510743_1
RIB4-510743,2023-04-21,1,,510743_1
RIB4-510743,2023-04-24,1,,510743_1
RIB4-510743,2023-04-25,1,,510743_1
RIB4-510743,2023-04-26,1,,510743_1
RIB4-510743,2023-04-27,1,,510743_1
RIB4-510743,2023-04-28,1,,510743_1
RIB4-510743,2023-05-01,1,,510743_1
RIB4-510743,2023-05-02,1,,510743_1
RIB4-510743,2023-05-03,1,,510743_1
RIB4-510743,2023-05-04,1,,510743_1
RIB4-510743,2023-05-05,1,,510743_1
RIB4-510743,2023-05-08,1,,510743_1
RIB4-510743,2023-05-09,1,,510743_1
RIB4-510743,2023-05-10,1,,510743_1
RIB4-510743,2023-05-11,1,,510743_1
RIB4-510743,2023-05-12,1,,510743_1
RIB4-510743,2023-05-15,1,,510743_1
RIB4-510743,2023-05-16,1,,510743_1
RIB4-510743,2023-05-17,1,,510743_1
RIB4-510743,2023-05-18,1,,510743_1
RIB4-510743,2023-05-19,1,,510743_1
RIB4-510743,2023-05-22,1,,510743_1
RIB4-510743,2023-05-23,1,,510743_1
RIB4-510743,2023-05-24,1,,510743_1
RIB4-510743,2023-05-25,1,,510743_1
RIB4-510743,2023-05-26,1,,510743_1
RIB4-510743,2023-05-29,1,,510743_1
RIB4-510743,2023-05-30,1,,510743_1
RIB4-510743,2023-05-31,1,,510743_1
RIB4-510743,2023-06-01,1,,510743_1
RIB4-510743,2023-06-02,1,,510743_1
RIB4-510743,2023-06-05,1,,510743_1
RIB4-510743,2023-06-06,1,,510743_1
RIB4-510743,2023-06-07,1,,510743_1
RIB4-510743,2023-06-08,1,,510743_1
RIB4-510743,2023-06-09,1,,510743_1
RIB4-510743,2023-06-12,1,,510743_1
RIB4-510743,2023-06-13,1,,510743_1
RIB4-510743,2023-06-14,1,,510743_1
RIB4-510743,2023-06-15,1,,510743_1
RIB4-510743,2023-06-16,1,,510743_1
RIB4-510743,2023-06-19,1,,510743_1
RIB4-510743,2023-06-20,1,,510743_1
RIB4-510743,2023-06-21,1,,510743_1
RIB4-510743,2023-06-22,1,,510743_1
RIB4-510743,2023-06-23,1,,510743_1
RIB4-510743,2023-06-26,1,,510743_1
RIB4-510743,2023-06-27,1,,510743_1
RIB4-510743,2023-06-28,1,,510743_1
RIB4-510743,2023-06-29,1,,510743_1
RIB4-510743,2023-06-30,1,,510743_1
RIB4-510743,2023-07-03,1,,510743_1
RIB4-510743,2023-07-04,1,,510743_1
RIB4-510743,2023-07-05,1,,510743_1
RIB4-510743,2023-07-06,1,,510743_1
RIB4-510743,2023-07-07,1,,510743_1
RIB4-510743,2023-07-10,1,,510743_1
RIB4-510743,2023-07-11,1,,510743_1
RIB4-510743,2023-07-12,1,,510743_1
RIB4-510743,2023-07-13,1,,510743_1
RIB4-510743,2023-07-14,1,,510743_1
RIB4-510743,2023-07-17,1,,510743_1
RIB4-510743,2023-07-18,1,,510743_1
RIB4-510743,2023-07-19,1,,510743_1
RIB4-510743,2023-07-20,1,,510743_1
RIB4-510743,2023-07-21,1,,510743_1
RIB4-510743,2023-07-24,1,,510743_1
RIB4-510743,2023-07-25,1,,510743_1
RIB4-510743,2023-07-26,1,,510743_1
RIB4-510743,2023-07-27,1,,510743_1
RIB4-510743,2023-07-28,1,,510743_1
RIB4-510743,2023-07-31,1,,510743_1
RIB4-510743,2023-08-01,1,,510743_1
RIB4-510743,2023-08-02,1,,510743_1
RIB4-510743,2023-08-03,1,,510743_1
RIB4-510743,2023-08-04,1,,510743_1
RIB4-510743,2023-08-07,1,,510743_1
RIB4-510743,2023-08-08,1,,510743_1
RIB4-510743,2023-08-09,1,,510743_1
RIB4-510743,2023-08-10,1,,510743_1
RIB4-510743,2023-08-11,1,,510743_1
RIB4-510743,2023-08-14,1,,510743_1
RIB4-510743,2023-08-15,1,,510743_1
RIB4-510743,2023-08-16,1,,510743_1
RIB4-510743,2023-08-17,1,,510743_1
RIB4-510743,2023-08-18,1,,510743_1
RIB4-510743,2023-08-21,1,,510743_1
RIB4-510743,2023-08-22,1,,510743_1
RIB4-510743,2023-08-23,1,,510743_1
RIB4-510743,2023-08-24,1,,510743_1
RIB4-510743,2023-08-25,1,,510743_1
RIB4-510743,2023-08-28,1,,510743_1
RIB4-510743,2023-08-29,1,,510743_1
RIB4-510743,2023-08-30,1,,510743_1
RIB4-510743,2023-08-31,1,,510743_1
RIB4-510743,2023-09-01,1,,510743_1
SEB7-464606,2022-04-25,1,,464606_1
SEB7-464606,2022-04-26,1,,464606_1
SEB7-464606,2022-04-27,1,,464606_1
SEB7-464606,2022-04-28,1,,464606_1
SEB7-464606,2022-04-29,1,,464606_1
SEB7-464606,2022-05-02,1,,464606_1
SEB7-464606,2022-05-03,1,,464606_1
SEB7-464606,2022-05-04,1,,464606_1
SEB7-464606,2022-05-05,1,,464606_1
SEB7-464606,2022-05-06,1,,464606_1
SEB7-464606,2022-05-09,1,,464606_1
SEB7-464606,2022-05-10,1,,464606_1
SEB7-464606,2022-05-11,1,,464606_1
SEB7-464606,2022-05-12,1,,464606_1
SEB7-464606,2022-05-13,1,,464606_1
SEB7-464606,2022-05-16,1,,464606_1
SEB7-464606,2022-05-17,1,,464606_1
SEB7-464606,2022-05-18,1,,464606_1
SEB7-464606,2022-05-19,1,,464606_1
SEB7-464606,2022-05-20,1,,464606_1
SEB7-464606,2022-05-23,1,,464606_1
SEB7-464606,2022-05-24,1,,464606_1
SEB7-464606,2022-05-25,1,,464606_1
SEB7-464606,2022-05-26,1,,464606_1
SEB7-464606,2022-05-27,1,,464606_1
SEB7-464606,2022-05-30,1,,464606_1
SEB7-464606,2022-05-31,1,,464606_1
SEB7-464606,2022-06-01,1,,464606_1
SEB7-464606,2022-06-02,1,,464606_1
SEB7-464606,2022-06-03,1,,464606_1
SEB7-464606,2022-06-06,1,,464606_1
SEB7-464606,2022-06-07,1,,464606_1
SEB7-464606,2022-06-08,1,,464606_1
SEB7-464606,2022-06-09,1,,464606_1
SEB7-464606,2022-06-10,1,,464606_1
SEB7-464606,2022-06-13,1,,464606_1
SEB7-464606,2022-06-14,1,,464606_1
SEB7-464606,2022-06-15,1,,464606_1
SEB7-464606,2022-06-16,1,,464606_1
SEB7-464606,2022-06-17,1,,464606_1
SEB7-464606,2022-06-20,1,,464606_1
SEB7-464606,2022-06-21,1,,464606_1
SEB7-464606,2022-06-22,1,,464606_1
SEB7-464606,2022-06-23,1,,464606_1
SEB7-464606,2022-06-24,1,,464606_1
SEB7-464606,2022-06-27,1,,464606_1
SEB7-464606,2022-06-28,1,,464606_1
SEB7-464606,2022-06-29,1,,464606_1
SEB7-464606,2022-06-30,1,,464606_1
RB5-513927,2023-05-30,2,,513927_2
RB5-513927,2023-05-31,2,,513927_2
RB5-513927,2023-06-01,2,,513927_2
RB5-513927,2023-06-02,2,,513927_2
RB5-513927,2023-06-05,2,,513927_2
RB5-513927,2023-06-06,2,,513927_2
RB5-513927,2023-06-07,2,,513927_2
RB5-513927,2023-06-08,2,,513927_2
RB5-513927,2023-06-09,2,,513927_2
RB5-513927,2023-06-12,2,,513927_2
RB5-513927,2023-06-13,2,,513927_2
RB5-513927,2023-06-14,2,,513927_2
RB5-513927,2023-06-15,2,,513927_2
RB5-513927,2023-06-16,2,,513927_2
RB5-513927,2023-06-19,2,,513927_2
RB5-513927,2023-06-20,2,,513927_2
RB5-513927,2023-06-21,2,,513927_2
RB5-513927,2023-06-22,2,,513927_2
RB5-513927,2023-06-23,2,,513927_2
RB5-513927,2023-06-26,2,,513927_2
RB5-513927,2023-06-27,2,,513927_2
RB5-513927,2023-06-28,2,,513927_2
RB5-513927,2023-06-29,2,,513927_2
RB5-513927,2023-06-30,2,,513927_2
RB5-513927,2023-07-03,2,,513927_2
RB5-513927,2023-07-04,2,,513927_2
RB5-513927,2023-07-05,2,,513927_2
RB5-513927,2023-07-06,2,,513927_2
RB5-513927,2023-07-07,2,,513927_2
RB5-513927,2023-07-10,2,,513927_2
RB5-513927,2023-07-11,2,,513927_2
RB5-513927,2023-07-12,2,,513927_2
RB5-513927,2023-07-13,2,,513927_2
RB5-513927,2023-07-14,2,,513927_2
RB5-513927,2023-07-17,2,,513927_2
RB5-513927,2023-07-18,2,,513927_2
RB5-513927,2023-07-19,2,,513927_2
RB5-513927,2023-07-20,2,,513927_2
RB5-513927,2023-07-21,2,,513927_2
RB5-513927,2023-07-24,2,,513927_2
RB5-513927,2023-07-25,2,,513927_2
RB5-513927,2023-07-26,2,,513927_2
RB5-513927,2023-07-27,2,,513927_2
RB5-513927,2023-07-28,2,,513927_2
RB5-513927,2023-07-31,2,,513927_2
RB5-513927,2023-08-01,2,,513927_2
RB5-513927,2023-08-02,2,,513927_2
RB5-513927,2023-08-03,2,,513927_2
RB5-513927,2023-08-04,2,,513927_2
RB5-513927,2023-08-07,2,,513927_2
RB5-513927,2023-08-08,2,,513927_2
RB5-513927,2023-08-09,2,,513927_2
RB5-513927,2023-08-10,2,,513927_2
RB5-513927,2023-08-11,2,,513927_2
RB5-513927,2023-08-14,2,,513927_2
RB5-513927,2023-08-15,2,,513927_2
RB5-513927,2023-08-16,2,,513927_2
RB5-513927,2023-08-17,2,,513927_2
RB5-513927,2023-08-18,2,,513927_2
RB5-513927,2023-08-21,2,,513927_2
RB5-513927,2023-08-22,2,,513927_2
RB5-513927,2023-08-23,2,,513927_2
RB5-513927,2023-08-24,2,,513927_2
RB5-513927,2023-08-25,2,,513927_2
RB5-513927,2023-08-28,2,,513927_2
RB5-513927,2023-08-29,2,,513927_2
RB5-513927,2023-08-30,2,,513927_2
RB5-513927,2023-08-31,2,,513927_2
RB5-513927,2023-09-01,2,,513927_2
RIB4-510743,2023-03-29,2,,510743_2
RIB4-510743,2023-03-30,2,,510743_2
RIB4-510743,2023-03-31,2,,510743_2
RIB4-510743,2023-04-03,2,,510743_2
RIB4-510743,2023-04-04,2,,510743_2
RIB4-510743,2023-04-05,2,,510743_2
RIB4-510743,2023-04-06,2,,510743_2
RIB4-510743,2023-04-07,2,,510743_2
RIB4-510743,2023-04-10,2,,510743_2
RIB4-510743,2023-04-11,2,,510743_2
RIB4-510743,2023-04-12,2,,510743_2
RIB4-510743,2023-04-13,2,,510743_2
RIB4-510743,2023-04-14,2,,510743_2
RIB4-510743,2023-04-17,2,,510743_2
RIB4-510743,2023-04-18,2,,510743_2
RIB4-510743,2023-04-19,2,,510743_2
RIB4-510743,2023-04-20,2,,510743_2
RIB4-510743,2023-04-21,2,,510743_2
RIB4-510743,2023-04-24,2,,510743_2
RIB4-510743,2023-04-25,2,,510743_2
RIB4-510743,2023-04-26,2,,510743_2
RIB4-510743,2023-04-27,2,,510743_2
RIB4-510743,2023-04-28,2,,510743_2
RIB4-510743,2023-05-01,2,,510743_2
RIB4-510743,2023-05-02,2,,510743_2
RIB4-510743,2023-05-03,2,,510743_2
RIB4-510743,2023-05-04,2,,510743_2
RIB4-510743,2023-05-05,2,,510743_2
RIB4-510743,2023-05-08,2,,510743_2
RIB4-510743,2023-05-09,2,,510743_2
RIB4-510743,2023-05-10,2,,510743_2
RIB4-510743,2023-05-11,2,,510743_2
RIB4-510743,2023-05-12,2,,510743_2
RIB4-510743,2023-05-15,2,,510743_2
RIB4-510743,2023-05-16,2,,510743_2
RIB4-510743,2023-05-17,2,,510743_2
RIB4-510743,2023-05-18,2,,510743_2
RIB4-510743,2023-05-19,2,,510743_2
RIB4-510743,2023-05-22,2,,510743_2
RIB4-510743,2023-05-23,2,,510743_2
RIB4-510743,2023-05-24,2,,510743_2
RIB4-510743,2023-05-25,2,,510743_2
RIB4-510743,2023-05-26,2,,510743_2
RIB4-510743,2023-05-29,2,,510743_2
RIB4-510743,2023-05-30,2,,510743_2
RIB4-510743,2023-05-31,2,,510743_2
RIB4-510743,2023-06-01,2,,510743_2
RIB4-510743,2023-06-02,2,,510743_2
RIB4-510743,2023-06-05,2,,510743_2
RIB4-510743,2023-06-06,2,,510743_2
RIB4-510743,2023-06-07,2,,510743_2
RIB4-510743,2023-06-08,2,,510743_2
RIB4-510743,2023-06-09,2,,510743_2
RIB4-510743,2023-06-12,2,,510743_2
RIB4-510743,2023-06-13,2,,510743_2
RIB4-510743,2023-06-14,2,,510743_2
RIB4-510743,2023-06-15,2,,510743_2
RIB4-510743,2023-06-16,2,,510743_2
RIB4-510743,2023-06-19,2,,510743_2
RIB4-510743,2023-06-20,2,,510743_2
RIB4-510743,2023-06-21,2,,510743_2
RIB4-510743,2023-06-22,2,,510743_2
RIB4-510743,2023-06-23,2,,510743_2
RIB4-510743,2023-06-26,2,,510743_2
RIB4-510743,2023-06-27,2,,510743_2
RIB4-510743,2023-06-28,2,,510743_2
RIB4-510743,2023-06-29,2,,510743_2
RIB4-510743,2023-06-30,2,,510743_2
RIB4-510743,2023-07-03,2,,510743_2
RIB4-510743,2023-07-04,2,,510743_2
RIB4-510743,2023-07-05,2,,510743_2
RIB4-510743,2023-07-06,2,,510743_2
RIB4-510743,2023-07-07,2,,510743_2
RIB4-510743,2023-07-10,2,,510743_2
RIB4-510743,2023-07-11,2,,510743_2
RIB4-510743,2023-07-12,2,,510743_2
RIB4-510743,2023-07-13,2,,510743_2
RIB4-510743,2023-07-14,2,,510743_2
RIB4-510743,2023-07-17,2,,510743_2
RIB4-510743,2023-07-18,2,,510743_2
RIB4-510743,2023-07-19,2,,510743_2
RIB4-510743,2023-07-20,2,,510743_2
RIB4-510743,2023-07-21,2,,510743_2
RIB4-510743,2023-07-24,2,,510743_2
RIB4-510743,2023-07-25,2,,510743_2
RIB4-510743,2023-07-26,2,,510743_2
RIB4-510743,2023-07-27,2,,510743_2
RIB4-510743,2023-07-28,2,,510743_2
RIB4-510743,2023-07-31,2,,510743_2
RIB4-510743,2023-08-01,2,,510743_2
RIB4-510743,2023-08-02,2,,510743_2
RIB4-510743,2023-08-03,2,,510743_2
RIB4-510743,2023-08-04,2,,510743_2
RIB4-510743,2023-08-07,2,,510743_2
RIB4-510743,2023-08-08,2,,510743_2
RIB4-510743,2023-08-09,2,,510743_2
RIB4-510743,2023-08-10,2,,510743_2
RIB4-510743,2023-08-11,2,,510743_2
RIB4-510743,2023-08-14,2,,510743_2
RIB4-510743,2023-08-15,2,,510743_2
RIB4-510743,2023-08-16,2,,510743_2
RIB4-510743,2023-08-17,2,,510743_2
RIB4-510743,2023-08-18,2,,510743_2
RIB4-510743,2023-08-21,2,,510743_2
RIB4-510743,2023-08-22,2,,510743_2
RIB4-510743,2023-08-23,2,,510743_2
RIB4-510743,2023-08-24,2,,510743_2
RIB4-510743,2023-08-25,2,,510743_2
RIB4-510743,2023-08-28,2,,510743_2
RIB4-510743,2023-08-29,2,,510743_2
RIB4-510743,2023-08-30,2,,510743_2
RIB4-510743,2023-08-31,2,,510743_2
RIB4-510743,2023-09-01,2,,510743_2
SEB7-464606,2022-04-25,2,,464606_2
SEB7-464606,2022-04-26,2,,464606_2
SEB7-464606,2022-04-27,2,,464606_2
SEB7-464606,2022-04-28,2,,464606_2
SEB7-464606,2022-04-29,2,,464606_2
SEB7-464606,2022-05-02,2,,464606_2
SEB7-464606,2022-05-03,2,,464606_2
SEB7-464606,2022-05-04,2,,464606_2
SEB7-464606,2022-05-05,2,,464606_2
SEB7-464606,2022-05-06,2,,464606_2
SEB7-464606,2022-05-09,2,,464606_2
SEB7-464606,2022-05-10,2,,464606_2
SEB7-464606,2022-05-11,2,,464606_2
SEB7-464606,2022-05-12,2,,464606_2
SEB7-464606,2022-05-13,2,,464606_2
SEB7-464606,2022-05-16,2,,464606_2
SEB7-464606,2022-05-17,2,,464606_2
SEB7-464606,2022-05-18,2,,464606_2
SEB7-464606,2022-05-19,2,,464606_2
SEB7-464606,2022-05-20,2,,464606_2
SEB7-464606,2022-05-23,2,,464606_2
SEB7-464606,2022-05-24,2,,464606_2
SEB7-464606,2022-05-25,2,,464606_2
SEB7-464606,2022-05-26,2,,464606_2
SEB7-464606,2022-05-27,2,,464606_2
SEB7-464606,2022-05-30,2,,464606_2
SEB7-464606,2022-05-31,2,,464606_2
SEB7-464606,2022-06-01,2,,464606_2
SEB7-464606,2022-06-02,2,,464606_2
SEB7-464606,2022-06-03,2,,464606_2
SEB7-464606,2022-06-06,2,,464606_2
SEB7-464606,2022-06-07,2,,464606_2
SEB7-464606,2022-06-08,2,,464606_2
SEB7-464606,2022-06-09,2,,464606_2
SEB7-464606,2022-06-10,2,,464606_2
SEB7-464606,2022-06-13,2,,464606_2
SEB7-464606,2022-06-14,2,,464606_2
SEB7-464606,2022-06-15,2,,464606_2
SEB7-464606,2022-06-16,2,,464606_2
SEB7-464606,2022-06-17,2,,464606_2
SEB7-464606,2022-06-20,2,,464606_2
SEB7-464606,2022-06-21,2,,464606_2
SEB7-464606,2022-06-22,2,,464606_2
SEB7-464606,2022-06-23,2,,464606_2
SEB7-464606,2022-06-24,2,,464606_2
SEB7-464606,2022-06-27,2,,464606_2
SEB7-464606,2022-06-28,2,,464606_2
SEB7-464606,2022-06-29,2,,464606_2
SEB7-464606,2022-06-30,2,,464606_2
CIT2-519001,2023-06-06,8,,519001_3
CIT2-519001,2023-06-07,8,,519001_3
CIT2-519001,2023-06-08,8,,519001_3
CIT2-519001,2023-06-09,8,,519001_3
CIT2-519001,2023-06-12,8,,519001_3
CIT2-519001,2023-06-13,8,,519001_3
CIT2-519001,2023-06-14,8,,519001_3
CIT2-519001,2023-06-15,8,,519001_3
CIT2-519001,2023-06-16,8,,519001_3
CIT2-519001,2023-06-19,8,,519001_3
CIT2-519001,2023-06-20,8,,519001_3
CIT2-519001,2023-06-21,8,,519001_3
CIT2-519001,2023-06-22,8,,519001_3
CIT2-519001,2023-06-23,8,,519001_3
CIT2-519001,2023-06-26,8,,519001_3
CIT2-519001,2023-06-27,8,,519001_3
CIT2-519001,2023-06-28,8,,519001_3
CIT2-519001,2023-06-29,8,,519001_3
CIT2-519001,2023-06-30,8,,519001_3
CIT2-519001,2023-07-03,8,,519001_3
CIT2-519001,2023-07-04,8,,519001_3
CIT2-519001,2023-07-05,8,,519001_3
CIT2-519001,2023-07-06,8,,519001_3
CIT2-519001,2023-07-07,8,,519001_3
CIT2-519001,2023-07-10,8,,519001_3
CIT2-519001,2023-07-11,8,,519001_3
CIT2-519001,2023-07-12,8,,519001_3
CIT2-519001,2023-07-13,8,,519001_3
CIT2-519001,2023-07-14,8,,519001_3
CIT2-519001,2023-07-17,8,,519001_3
CIT2-519001,2023-07-18,8,,519001_3
CIT2-519001,2023-07-19,8,,519001_3
CIT2-519001,2023-07-20,8,,519001_3
CIT2-519001,2023-07-21,8,,519001_3
CIT2-519001,2023-07-24,8,,519001_3
CIT2-519001,2023-07-25,8,,519001_3
CIT2-519001,2023-07-26,8,,519001_3
CIT2-519001,2023-07-27,8,,519001_3
CIT2-519001,2023-07-28,8,,519001_3
CIT2-519001,2023-07-31,8,,519001_3
CIT2-519001,2023-08-01,8,,519001_3
CIT2-519001,2023-08-02,8,,519001_3
CIT2-519001,2023-08-03,8,,519001_3
CIT2-519001,2023-08-04,8,,519001_3
CIT2-519001,2023-08-07,8,,519001_3
CIT2-519001,2023-08-08,8,,519001_3
INB8-468251,2022-06-06,8,,468251_3
INB8-468251,2022-06-07,8,,468251_3
INB8-468251,2022-06-08,8,,468251_3
INB8-468251,2022-06-09,8,,468251_3
INB8-468251,2022-06-10,8,,468251_3
INB8-468251,2022-06-13,8,,468251_3
INB8-468251,2022-06-14,8,,468251_3
INB8-468251,2022-06-15,8,,468251_3
INB8-468251,2022-06-16,8,,468251_3
INB8-468251,2022-06-17,8,,468251_3
INB8-468251,2022-06-20,8,,468251_3
INB8-468251,2022-06-21,8,,468251_3
INB8-468251,2022-06-22,8,,468251_3
INB8-468251,2022-06-23,8,,468251_3
INB8-468251,2022-06-24,8,,468251_3
INB8-468251,2022-06-27,8,,468251_3
INB8-468251,2022-06-28,8,,468251_3
INB8-468251,2022-06-29,8,,468251_3
INB8-468251,2022-06-30,8,,468251_3
INB8-468251,2022-07-01,8,,468251_3
INB8-468251,2022-07-04,8,,468251_3
INB8-468251,2022-07-05,8,,468251_3
INB8-468251,2022-07-06,8,,468251_3
INB8-468251,2022-07-07,8,,468251_3
INB8-468251,2022-07-08,8,,468251_3
INB8-468251,2022-07-11,8,,468251_3
INB8-468251,2022-07-12,8,,468251_3
INB8-468251,2022-07-13,8,,468251_3
INB8-468251,2022-07-14,8,,468251_3
INB8-468251,2022-07-15,8,,468251_3
INB8-468251,2022-07-18,8,,468251_3
INB8-468251,2022-07-19,8,,468251_3
INB8-468251,2022-07-20,8,,468251_3
INB8-468251,2022-07-21,8,,468251_3
INB8-468251,2022-07-22,8,,468251_3
INB8-468251,2022-07-25,8,,468251_3
INB8-468251,2022-07-26,8,,468251_3
INB8-468251,2022-07-27,8,,468251_3
INB8-468251,2022-07-28,8,,468251_3
INB8-468251,2022-07-29,8,,468251_3
LB3-390914,2020-09-30,8,,390914_3
LB3-390914,2020-10-01,8,,390914_3
LB3-390914,2020-10-02,8,,390914_3
LB3-390914,2020-10-05,8,,390914_3
LB3-390914,2020-10-06,8,,390914_3
LB3-390914,2020-10-07,8,,390914_3
LB3-390914,2020-10-08,8,,390914_3
LB3-390914,2020-10-09,8,,390914_3
LB3-390914,2020-10-12,8,,390914_3
LB3-390914,2020-10-13,8,,390914_3
LB3-390914,2020-10-14,8,,390914_3
LB3-390914,2020-10-15,8,,390914_3
LB3-390914,2020-10-16,8,,390914_3
LB3-390914,2020-10-19,8,,390914_3
LB3-390914,2020-10-20,8,,390914_3
LB3-390914,2020-10-21,8,,390914_3
LB3-390914,2020-10-22,8,,390914_3
LB3-390914,2020-10-23,8,,390914_3
LB3-390914,2020-10-26,8,,390914_3
LB3-390914,2020-10-27,8,,390914_3
LB3-390914,2020-10-28,8,,390914_3
LB3-390914,2020-10-29,8,,390914_3
LB3-390914,2020-10-30,8,,390914_3
LB3-390914,2020-11-02,8,,390914_3
LB3-390914,2020-11-03,8,,390914_3
LB3-390914,2020-11-04,8,,390914_3
LB3-390914,2020-11-05,8,,390914_3
LB3-390914,2020-11-06,8,,390914_3
LB3-390914,2020-11-09,8,,390914_3
LB3-390914,2020-11-10,8,,390914_3
LB3-390914,2020-11-11,8,,390914_3
LB3-390914,2020-11-12,8,,390914_3
LB3-390914,2020-11-13,8,,390914_3
LB3-390914,2020-11-16,8,,390914_3
LB3-390914,2020-11-17,8,,390914_3
LB3-390914,2020-11-18,8,,390914_3
LB3-390914,2020-11-19,8,,390914_3
LB3-390914,2020-11-20,8,,390914_3
LB3-390914,2020-11-23,8,,390914_3
LB3-390914,2020-11-24,8,,390914_3
LB3-390914,2020-11-25,8,,390914_3
LB3-390914,2020-11-26,8,,390914_3
LB3-390914,2020-11-27,8,,390914_3
LB3-390914,2020-11-30,8,,390914_3
LB3-390914,2020-12-01,8,,390914_3
LB3-390914,2020-12-02,8,,390914_3
LB3-390914,2020-12-03,8,,390914_3
LB3-390914,2020-12-04,8,,390914_3
LB3-390914,2020-12-07,8,,390914_3
LB3-390914,2020-12-08,8,,390914_3
LB3-390914,2020-12-09,8,,390914_3
LB3-390914,2020-12-10,8,,390914_3
LB3-390914,2020-12-11,8,,390914_3
LB3-390914,2020-12-14,8,,390914_3
LB3-390914,2020-12-15,8,,390914_3
LB3-390914,2020-12-16,8,,390914_3
LB3-390914,2020-12-17,8,,390914_3
LB3-390914,2020-12-18,8,,390914_3
LB3-390914,2020-12-21,8,,390914_3
LB3-390914,2020-12-22,8,,390914_3
LB3-390914,2020-12-23,8,,390914_3
LB3-390914,2020-12-24,8,,390914_3
LB3-390914,2020-12-25,8,,390914_3
LB3-390914,2020-12-28,8,,390914_3
LB3-390914,2020-12-29,8,,390914_3
LB3-390914,2020-12-30,8,,390914_3
LB3-390914,2020-12-31,8,,390914_3
LB3-390914,2021-01-01,8,,390914_3
LB3-390914,2021-01-04,8,,390914_3
LB3-390914,2021-01-05,8,,390914_3
LB3-390914,2021-01-06,8,,390914_3
LB3-390914,2021-01-07,8,,390914_3
LB3-390914,2021-01-08,8,,390914_3
LB3-390914,2021-01-11,8,,390914_3
LB3-390914,2021-01-12,8,,390914_3
LB3-446667,2020-01-22,8,,446667_3
LB3-446667,2020-01-23,8,,446667_3
LB3-446667,2020-01-24,8,,446667_3
LB3-446667,2020-01-27,8,,446667_3
LB3-446667,2020-01-28,8,,446667_3
LB3-446667,2020-01-29,8,,446667_3
LB3-446667,2020-01-30,8,,446667_3
LB3-446667,2020-01-31,8,,446667_3
LB3-446667,2020-02-03,8,,446667_3
LB3-446667,2020-02-04,8,,446667_3
LB3-446667,2020-02-05,8,,446667_3
LB3-446667,2020-02-06,8,,446667_3
LB3-446667,2020-02-07,8,,446667_3
LB3-446667,2020-02-10,8,,446667_3
LB3-446667,2020-02-11,8,,446667_3
LB3-446667,2020-02-12,8,,446667_3
LB3-446667,2020-02-13,8,,446667_3
LB3-446667,2020-02-14,8,,446667_3
LB3-446667,2020-02-17,8,,446667_3
LB3-446667,2020-02-18,8,,446667_3
LB3-446667,2020-02-19,8,,446667_3
LB3-446667,2020-02-20,8,,446667_3
LB3-446667,2020-02-21,8,,446667_3
LB3-446667,2020-02-24,8,,446667_3
LB3-446667,2020-02-25,8,,446667_3
LB3-446667,2020-02-26,8,,446667_3
LB3-446667,2020-02-27,8,,446667_3
LB3-446667,2020-02-28,8,,446667_3
LB3-446667,2020-03-02,8,,446667_3
LB3-446667,2020-03-03,8,,446667_3
LB3-446667,2020-03-04,8,,446667_3
LB3-446667,2020-03-05,8,,446667_3
LB3-446667,2020-03-06,8,,446667_3
LB3-446667,2020-03-09,8,,446667_3
LB3-446667,2020-03-10,8,,446667_3
LB3-446667,2020-03-11,8,,446667_3
LB3-446667,2020-03-12,8,,446667_3
LB3-446667,2020-03-13,8,,446667_3
LB3-446667,2020-03-16,8,,446667_3
LB3-446667,2020-03-17,8,,446667_3
LB3-446667,2020-03-18,8,,446667_3
LB3-446667,2020-03-19,8,,446667_3
LB3-446667,2020-03-20,8,,446667_3
LB3-446667,2020-03-23,8,,446667_3
LB3-446667,2020-03-24,8,,446667_3
LB3-446667,2020-03-25,8,,446667_3
LB3-446667,2020-03-26,8,,446667_3
LB3-446667,2020-03-27,8,,446667_3
LB3-446667,2020-03-30,8,,446667_3
LB3-446667,2020-03-31,8,,446667_3
LB3-446667,2020-04-01,8,,446667_3
LB3-446667,2020-04-02,8,,446667_3
LB3-446667,2020-04-03,8,,446667_3
LB3-446667,2020-04-06,8,,446667_3
LB3-446667,2020-04-07,8,,446667_3
LB3-446667,2020-04-08,8,,446667_3
LB3-446667,2020-04-09,8,,446667_3
LB3-446667,2020-04-10,8,,446667_3
LB3-446667,2020-04-13,8,,446667_3
LB3-446667,2020-04-14,8,,446667_3
LB3-446667,2020-04-15,8,,446667_3
LB3-446667,2020-04-16,8,,446667_3
LB3-446667,2020-04-17,8,,446667_3
LB3-446667,2020-04-20,8,,446667_3
LB3-446667,2020-04-21,8,,446667_3
LB3-446667,2020-04-22,8,,446667_3
LB3-446667,2020-04-23,8,,446667_3
LB3-446667,2020-04-24,8,,446667_3
LB3-446667,2020-04-27,8,,446667_3
LB3-446667,2020-04-28,8,,446667_3
LB3-446667,2020-04-29,8,,446667_3
LB3-446667,2020-04-30,8,,446667_3
LUB9-487325,2022-07-07,8,,487325_3
LUB9-487325,2022-07-08,8,,487325_3
LUB9-487325,2022-07-11,8,,487325_3
LUB9-487325,2022-07-12,8,,487325_3
LUB9-487325,2022-07-13,8,,487325_3
LUB9-487325,2022-07-14,8,,487325_3
LUB9-487325,2022-07-15,8,,487325_3
LUB9-487325,2022-07-18,8,,487325_3
LUB9-487325,2022-07-19,8,,487325_3
LUB9-487325,2022-07-20,8,,487325_3
LUB9-487325,2022-07-21,8,,487325_3
LUB9-487325,2022-07-22,8,,487325_3
LUB9-487325,2022-07-25,8,,487325_3
LUB9-487325,2022-07-26,8,,487325_3
LUB9-487325,2022-07-27,8,,487325_3
LUB9-487325,2022-07-28,8,,487325_3
LUB9-487325,2022-07-29,8,,487325_3
LUB9-487325,2022-08-01,8,,487325_3
LUB9-487325,2022-08-02,8,,487325_3
LUB9-487325,2022-08-03,8,,487325_3
LUB9-487325,2022-08-04,8,,487325_3
LUB9-487325,2022-08-05,8,,487325_3
LUB9-487325,2022-08-08,8,,487325_3
LUB9-487325,2022-08-09,8,,487325_3
LUB9-487325,2022-08-10,8,,487325_3
LUB9-487325,2022-08-11,8,,487325_3
LUB9-487325,2022-08-12,8,,487325_3
LUB9-487325,2022-08-15,8,,487325_3
LUB9-487325,2022-08-16,8,,487325_3
LUB9-487325,2022-08-17,8,,487325_3
LUB9-487325,2022-08-18,8,,487325_3
LUB9-487325,2022-08-19,8,,487325_3
LUB9-487325,2022-08-22,8,,487325_3
LUB9-487325,2022-08-23,8,,487325_3
LUB9-487325,2022-08-24,8,,487325_3
LUB9-487325,2022-08-25,8,,487325_3
LUB9-487325,2022-08-26,8,,487325_3
LUB9-487325,2022-08-29,8,,487325_3
LUB9-487325,2022-08-30,8,,487325_3
LUB9-487325,2022-08-31,8,,487325_3
LUB9-487325,2022-09-01,8,,487325_3
LUB9-487325,2022-09-02,8,,487325_3
LUB9-487325,2022-09-05,8,,487325_3
LUB9-487325,2022-09-06,8,,487325_3
LUB9-487325,2022-09-07,8,,487325_3
LUB9-487325,2022-09-08,8,,487325_3
LUB9-487325,2022-09-09,8,,487325_3
LUB9-487325,2022-09-12,8,,487325_3
LUB9-487325,2022-09-13,8,,487325_3
LUB9-487325,2022-09-14,8,,487325_3
LUB9-487325,2022-09-15,8,,487325_3
LUB9-487325,2022-09-16,8,,487325_3
LUB9-487325,2022-09-19,8,,487325_3
LUB9-487325,2022-09-20,8,,487325_3
LUB9-487325,2022-09-21,8,,487325_3
LUB9-487325,2022-09-22,8,,487325_3
LUB9-487325,2022-09-23,8,,487325_3
LUB9-487325,2022-09-26,8,,487325_3
LUB9-487325,2022-09-27,8,,487325_3
LUB9-487325,2022-09-28,8,,487325_3
LUB9-487325,2022-09-29,8,,487325_3
LUB9-487325,2022-09-30,8,,487325_3
LUB9-487325,2022-10-03,8,,487325_3
LUB9-487325,2022-10-04,8,,487325_3
LUB9-487325,2022-10-05,8,,487325_3
LUB9-487325,2022-10-06,8,,487325_3
LUB9-487325,2022-10-07,8,,487325_3
LUB9-487325,2022-10-10,8,,487325_3
LUB9-487325,2022-10-11,8,,487325_3
LUB9-487325,2022-10-12,8,,487325_3
LUB9-487325,2022-10-13,8,,487325_3
LUB9-487325,2022-10-14,8,,487325_3
LUB9-487325,2022-10-17,8,,487325_3
LUB9-487325,2022-10-18,8,,487325_3
LUB9-487325,2022-10-19,8,,487325_3
LUB9-487325,2022-10-20,8,,487325_3
LUB9-487325,2022-10-21,8,,487325_3
LUB9-487325,2022-10-24,8,,487325_3
LUB9-487325,2022-10-25,8,,487325_3
LUB9-487325,2022-10-26,8,,487325_3
LUB9-487325,2022-10-27,8,,487325_3
LUB9-487325,2022-10-28,8,,487325_3
LUB9-487325,2022-10-31,8,,487325_3
LUB9-487325,2022-11-01,8,,487325_3
LUB9-487325,2022-11-02,8,,487325_3
LUB9-487325,2022-11-03,8,,487325_3
LUB9-487325,2022-11-04,8,,487325_3
LUB9-487325,2022-11-07,8,,487325_3
LUB9-487325,2022-11-08,8,,487325_3
LUB9-487325,2022-11-09,8,,487325_3
LUB9-487325,2022-11-10,8,,487325_3
LUB9-487325,2022-11-11,8,,487325_3
LUB9-487325,2022-11-14,8,,487325_3
LUB9-487325,2022-11-15,8,,487325_3
LUB9-487325,2022-11-16,8,,487325_3
LUB9-487325,2022-11-17,8,,487325_3
LUB9-487325,2022-11-18,8,,487325_3
LUB9-487325,2022-11-21,8,,487325_3
LUB9-487325,2022-11-22,8,,487325_3
LUB9-487325,2022-11-23,8,,487325_3
LUB9-487325,2022-11-24,8,,487325_3
LUB9-487325,2022-11-25,8,,487325_3
LUB9-487325,2022-11-28,8,,487325_3
LUB9-487325,2022-11-29,8,,487325_3
LUB9-487325,2022-11-30,8,,487325_3
LUB9-487325,2022-12-01,8,,487325_3
LUB9-487325,2022-12-02,8,,487325_3
LUB9-487325,2022-12-05,8,,487325_3
LUB9-487325,2022-12-06,8,,487325_3
LUB9-487325,2022-12-07,8,,487325_3
LUB9-487325,2022-12-08,8,,487325_3
LUB9-487325,2022-12-09,8,,487325_3
LUB9-487325,2022-12-12,8,,487325_3
LUB9-487325,2022-12-13,8,,487325_3
LUB9-487325,2022-12-14,8,,487325_3
LUB9-487325,2022-12-15,8,,487325_3
LUB9-487325,2022-12-16,8,,487325_3
LUB9-487325,2022-12-19,8,,487325_3
LUB9-487325,2022-12-20,8,,487325_3
LUB9-487325,2022-12-21,8,,487325_3
LUB9-487325,2022-12-22,8,,487325_3
LUB9-487325,2022-12-23,8,,487325_3
LUB9-487325,2022-12-26,8,,487325_3
LUB9-487325,2022-12-27,8,,487325_3
LUB9-487325,2022-12-28,8,,487325_3
LUB9-487325,2022-12-29,8,,487325_3
LUB9-487325,2022-12-30,8,,487325_3
LUB9-487325,2023-01-02,8,,487325_3
LUB9-487325,2023-01-03,8,,487325_3
LUB9-487325,2023-01-04,8,,487325_3
LUB9-487325,2023-01-05,8,,487325_3
LUB9-487325,2023-01-06,8,,487325_3
LUB9-487325,2023-01-09,8,,487325_3
LUB9-487325,2023-01-10,8,,487325_3
LUB9-487325,2023-01-11,8,,487325_3
LUB9-487325,2023-01-12,8,,487325_3
LUB9-487325,2023-01-13,8,,487325_3
LUB9-487325,2023-01-16,8,,487325_3
LUB9-487325,2023-01-17,8,,487325_3
LUB9-487325,2023-01-18,8,,487325_3
LUB9-487325,2023-01-19,8,,487325_3
LUB9-487325,2023-01-20,8,,487325_3
LUB9-487325,2023-01-23,8,,487325_3
LUB9-487325,2023-01-24,8,,487325_3
LUB9-487325,2023-01-25,8,,487325_3
LUB9-487325,2023-01-26,8,,487325_3
LUB9-487325,2023-01-27,8,,487325_3
LUB9-487325,2023-01-30,8,,487325_3
LUB9-487325,2023-01-31,8,,487325_3
LUB9-487325,2023-02-01,8,,487325_3
LUB9-487325,2023-02-02,8,,487325_3
LUB9-487325,2023-02-03,8,,487325_3
LUB9-487325,2023-02-06,8,,487325_3
LUB9-487325,2023-02-07,8,,487325_3
LUB9-487325,2023-02-08,8,,487325_3
LUB9-487325,2023-02-09,8,,487325_3
LUB9-487325,2023-02-10,8,,487325_3
LUB9-487325,2023-02-13,8,,487325_3
LUB9-487325,2023-02-14,8,,487325_3
LUB9-487325,2023-02-15,8,,487325_3
LUB9-487325,2023-02-16,8,,487325_3
LUB9-487325,2023-02-17,8,,487325_3
LUB9-487325,2023-02-20,8,,487325_3
LUB9-487325,2023-02-21,8,,487325_3
LUB9-487325,2023-02-22,8,,487325_3
LUB9-487325,2023-02-23,8,,487325_3
LUB9-487325,2023-02-24,8,,487325_3
LUB9-487325,2023-02-27,8,,487325_3
LUB9-487325,2023-02-28,8,,487325_3
LUB9-487325,2023-03-01,8,,487325_3
LUB9-487325,2023-03-02,8,,487325_3
LUB9-487325,2023-03-03,8,,487325_3
LUB9-487325,2023-03-06,8,,487325_3
LUB9-487325,2023-03-07,8,,487325_3
LUB9-487325,2023-03-08,8,,487325_3
LUB9-487325,2023-03-09,8,,487325_3
LUB9-487325,2023-03-10,8,,487325_3
LUB9-487325,2023-03-13,8,,487325_3
LUB9-487325,2023-03-14,8,,487325_3
LUB9-487325,2023-03-15,8,,487325_3
LUB9-487325,2023-03-16,8,,487325_3
LUB9-487325,2023-03-17,8,,487325_3
LUB9-487325,2023-03-20,8,,487325_3
LUB9-487325,2023-03-21,8,,487325_3
LUB9-487325,2023-03-22,8,,487325_3
LUB9-487325,2023-03-23,8,,487325_3
LUB9-487325,2023-03-24,8,,487325_3
LUB9-487325,2023-03-27,8,,487325_3
LUB9-487325,2023-03-28,8,,487325_3
LUB9-487325,2023-03-29,8,,487325_3
LUB9-487325,2023-03-30,8,,487325_3
LUB9-487325,2023-03-31,8,,487325_3
LUB9-487325,2023-04-03,8,,487325_3
LUB9-487325,2023-04-04,8,,487325_3
LUB9-487325,2023-04-05,8,,487325_3
LUB9-487325,2023-04-06,8,,487325_3
LUB9-487325,2023-04-07,8,,487325_3
LUB9-487325,2023-04-10,8,,487325_3
LUB9-487325,2023-04-11,8,,487325_3
LUB9-487325,2023-04-12,8,,487325_3
LUB9-487325,2023-04-13,8,,487325_3
LUB9-487325,2023-04-14,8,,487325_3
LUB9-487325,2023-04-17,8,,487325_3
LUB9-487325,2023-04-18,8,,487325_3
LUB9-487325,2023-04-19,8,,487325_3
LUB9-487325,2023-04-20,8,,487325_3
LUB9-487325,2023-04-21,8,,487325_3
LUB9-487325,2023-04-24,8,,487325_3
LUB9-487325,2023-04-25,8,,487325_3
LUB9-487325,2023-04-26,8,,487325_3
LUB9-487325,2023-04-27,8,,487325_3
LUB9-487325,2023-04-28,8,,487325_3
LUB9-487325,2023-05-01,8,,487325_3
LUB9-487325,2023-05-02,8,,487325_3
LUB9-487325,2023-05-03,8,,487325_3
LUB9-487325,2023-05-04,8,,487325_3
LUB9-487325,2023-05-05,8,,487325_3
LUB9-487325,2023-05-08,8,,487325_3
LUB9-487325,2023-05-09,8,,487325_3
LUB9-487325,2023-05-10,8,,487325_3
LUB9-487325,2023-05-11,8,,487325_3
LUB9-487325,2023-05-12,8,,487325_3
LUB9-487325,2023-05-15,8,,487325_3
LUB9-487325,2023-05-16,8,,487325_3
LUB9-487325,2023-05-17,8,,487325_3
LUB9-487325,2023-05-18,8,,487325_3
LUB9-487325,2023-05-19,8,,487325_3
LUB9-487325,2023-05-22,8,,487325_3
LUB9-487325,2023-05-23,8,,487325_3
LUB9-487325,2023-05-24,8,,487325_3
LUB9-487325,2023-05-25,8,,487325_3
LUB9-487325,2023-05-26,8,,487325_3
LUB9-487325,2023-05-29,8,,487325_3
LUB9-487325,2023-05-30,8,,487325_3
RB5-513927,2023-04-26,8,,513927_3
RB5-513927,2023-04-27,8,,513927_3
RB5-513927,2023-04-28,8,,513927_3
RB5-513927,2023-05-01,8,,513927_3
RB5-513927,2023-05-02,8,,513927_3
RB5-513927,2023-05-03,8,,513927_3
RB5-513927,2023-05-04,8,,513927_3
RB5-513927,2023-05-05,8,,513927_3
RB5-513927,2023-05-08,8,,513927_3
RB5-513927,2023-05-09,8,,513927_3
RB5-513927,2023-05-10,8,,513927_3
RB5-513927,2023-05-11,8,,513927_3
RB5-513927,2023-05-12,8,,513927_3
RB5-513927,2023-05-15,8,,513927_3
RB5-513927,2023-05-16,8,,513927_3
RB5-513927,2023-05-17,8,,513927_3
RB5-513927,2023-05-18,8,,513927_3
RB5-513927,2023-05-19,8,,513927_3
RB5-513927,2023-05-22,8,,513927_3
RB5-513927,2023-05-23,8,,513927_3
RB5-513927,2023-05-24,8,,513927_3
RB5-513927,2023-05-25,8,,513927_3
RB5-513927,2023-05-26,8,,513927_3
RB5-513927,2023-05-29,8,,513927_3
RB5-513927,2023-05-30,8,,513927_3
RB5-513927,2023-05-31,8,,513927_3
RB5-513927,2023-06-01,8,,513927_3
RB5-513927,2023-06-02,8,,513927_3
RB5-513927,2023-06-05,8,,513927_3
RB5-513927,2023-06-06,8,,513927_3
RB5-513927,2023-06-07,8,,513927_3
RB5-513927,2023-06-08,8,,513927_3
RB5-513927,2023-06-09,8,,513927_3
RB5-513927,2023-06-12,8,,513927_3
RB5-513927,2023-06-13,8,,513927_3
RB5-513927,2023-06-14,8,,513927_3
RB5-513927,2023-06-15,8,,513927_3
RB5-513927,2023-06-16,8,,513927_3
RB5-513927,2023-06-19,8,,513927_3
RB5-513927,2023-06-20,8,,513927_3
RB5-513927,2023-06-21,8,,513927_3
RB5-513927,2023-06-22,8,,513927_3
RB5-513927,2023-06-23,8,,513927_3
RB5-513927,2023-06-26,8,,513927_3
RB5-513927,2023-06-27,8,,513927_3
RB5-513927,2023-06-28,8,,513927_3
RB5-513927,2023-06-29,8,,513927_3
RB5-513927,2023-06-30,8,,513927_3
RB5-513927,2023-07-03,8,,513927_3
RB5-513927,2023-07-04,8,,513927_3
RB5-513927,2023-07-05,8,,513927_3
RB5-513927,2023-07-06,8,,513927_3
RB5-513927,2023-07-07,8,,513927_3
RB5-513927,2023-07-10,8,,513927_3
RB5-513927,2023-07-11,8,,513927_3
RB5-513927,2023-07-12,8,,513927_3
RB5-513927,2023-07-13,8,,513927_3
RB5-513927,2023-07-14,8,,513927_3
RB5-513927,2023-07-17,8,,513927_3
RB5-513927,2023-07-18,8,,513927_3
RB5-513927,2023-07-19,8,,513927_3
RB5-513927,2023-07-20,8,,513927_3
RB5-513927,2023-07-21,8,,513927_3
RB5-513927,2023-07-24,8,,513927_3
RB5-513927,2023-07-25,8,,513927_3
RB5-513927,2023-07-26,8,,513927_3
RB5-513927,2023-07-27,8,,513927_3
RB5-513927,2023-07-28,8,,513927_3
RB5-513927,2023-07-31,8,,513927_3
RB5-513927,2023-08-01,8,,513927_3
RB5-513927,2023-08-02,8,,513927_3
RB5-513927,2023-08-03,8,,513927_3
RB5-513927,2023-08-04,8,,513927_3
RB5-513927,2023-08-07,8,,513927_3
RB5-513927,2023-08-08,8,,513927_3
RB5-513927,2023-08-09,8,,513927_3
RB5-513927,2023-08-10,8,,513927_3
RB5-513927,2023-08-11,8,,513927_3
RB5-513927,2023-08-14,8,,513927_3
RB5-513927,2023-08-15,8,,513927_3
RB5-513927,2023-08-16,8,,513927_3
RB5-513927,2023-08-17,8,,513927_3
RB5-513927,2023-08-18,8,,513927_3
RB5-513927,2023-08-21,8,,513927_3
RB5-513927,2023-08-22,8,,513927_3
RB5-513927,2023-08-23,8,,513927_3
RB5-513927,2023-08-24,8,,513927_3
RB5-513927,2023-08-25,8,,513927_3
RB5-513927,2023-08-28,8,,513927_3
RB5-513927,2023-08-29,8,,513927_3
RB5-513927,2023-08-30,8,,513927_3
RB5-513927,2023-08-31,8,,513927_3
RB5-513927,2023-09-01,8,,513927_3
RIB4-510743,2023-03-29,8,,510743_3
RIB4-510743,2023-03-30,8,,510743_3
RIB4-510743,2023-03-31,8,,510743_3
RIB4-510743,2023-04-03,8,,510743_3
RIB4-510743,2023-04-04,8,,510743_3
RIB4-510743,2023-04-05,8,,510743_3
RIB4-510743,2023-04-06,8,,510743_3
RIB4-510743,2023-04-07,8,,510743_3
RIB4-510743,2023-04-10,8,,510743_3
RIB4-510743,2023-04-11,8,,510743_3
RIB4-510743,2023-04-12,8,,510743_3
RIB4-510743,2023-04-13,8,,510743_3
RIB4-510743,2023-04-14,8,,510743_3
RIB4-510743,2023-04-17,8,,510743_3
RIB4-510743,2023-04-18,8,,510743_3
RIB4-510743,2023-04-19,8,,510743_3
RIB4-510743,2023-04-20,8,,510743_3
RIB4-510743,2023-04-21,8,,510743_3
RIB4-510743,2023-04-24,8,,510743_3
RIB4-510743,2023-04-25,8,,510743_3
RIB4-510743,2023-04-26,8,,510743_3
RIB4-510743,2023-04-27,8,,510743_3
RIB4-510743,2023-04-28,8,,510743_3
RIB4-510743,2023-05-01,8,,510743_3
RIB4-510743,2023-05-02,8,,510743_3
RIB4-510743,2023-05-03,8,,510743_3
RIB4-510743,2023-05-04,8,,510743_3
RIB4-510743,2023-05-05,8,,510743_3
RIB4-510743,2023-05-08,8,,510743_3
RIB4-510743,2023-05-09,8,,510743_3
RIB4-510743,2023-05-10,8,,510743_3
RIB4-510743,2023-05-11,8,,510743_3
RIB4-510743,2023-05-12,8,,510743_3
RIB4-510743,2023-05-15,8,,510743_3
RIB4-510743,2023-05-16,8,,510743_3
RIB4-510743,2023-05-17,8,,510743_3
RIB4-510743,2023-05-18,8,,510743_3
RIB4-510743,2023-05-19,8,,510743_3
RIB4-510743,2023-05-22,8,,510743_3
RIB4-510743,2023-05-23,8,,510743_3
RIB4-510743,2023-05-24,8,,510743_3
RIB4-510743,2023-05-25,8,,510743_3
RIB4-510743,2023-05-26,8,,510743_3
RIB4-510743,2023-05-29,8,,510743_3
RIB4-510743,2023-05-30,8,,510743_3
RIB4-510743,2023-05-31,8,,510743_3
RIB4-510743,2023-06-01,8,,510743_3
RIB4-510743,2023-06-02,8,,510743_3
RIB4-510743,2023-06-05,8,,510743_3
RIB4-510743,2023-06-06,8,,510743_3
RIB4-510743,2023-06-07,8,,510743_3
RIB4-510743,2023-06-08,8,,510743_3
RIB4-510743,2023-06-09,8,,510743_3
RIB4-510743,2023-06-12,8,,510743_3
RIB4-510743,2023-06-13,8,,510743_3
RIB4-510743,2023-06-14,8,,510743_3
RIB4-510743,2023-06-15,8,,510743_3
RIB4-510743,2023-06-16,8,,510743_3
RIB4-510743,2023-06-19,8,,510743_3
RIB4-510743,2023-06-20,8,,510743_3
RIB4-510743,2023-06-21,8,,510743_3
RIB4-510743,2023-06-22,8,,510743_3
RIB4-510743,2023-06-23,8,,510743_3
RIB4-510743,2023-06-26,8,,510743_3
RIB4-510743,2023-06-27,8,,510743_3
RIB4-510743,2023-06-28,8,,510743_3
RIB4-510743,2023-06-29,8,,510743_3
RIB4-510743,2023-06-30,8,,510743_3
RIB4-510743,2023-07-03,8,,510743_3
RIB4-510743,2023-07-04,8,,510743_3
RIB4-510743,2023-07-05,8,,510743_3
RIB4-510743,2023-07-06,8,,510743_3
RIB4-510743,2023-07-07,8,,510743_3
RIB4-510743,2023-07-10,8,,510743_3
RIB4-510743,2023-07-11,8,,510743_3
RIB4-510743,2023-07-12,8,,510743_3
RIB4-510743,2023-07-13,8,,510743_3
RIB4-510743,2023-07-14,8,,510743_3
RIB4-510743,2023-07-17,8,,510743_3
RIB4-510743,2023-07-18,8,,510743_3
RIB4-510743,2023-07-19,8,,510743_3
RIB4-510743,2023-07-20,8,,510743_3
RIB4-510743,2023-07-21,8,,510743_3
RIB4-510743,2023-07-24,8,,510743_3
RIB4-510743,2023-07-25,8,,510743_3
RIB4-510743,2023-07-26,8,,510743_3
RIB4-510743,2023-07-27,8,,510743_3
RIB4-510743,2023-07-28,8,,510743_3
RIB4-510743,2023-07-31,8,,510743_3
RIB4-510743,2023-08-01,8,,510743_3
RIB4-510743,2023-08-02,8,,510743_3
RIB4-510743,2023-08-03,8,,510743_3
RIB4-510743,2023-08-04,8,,510743_3
RIB4-510743,2023-08-07,8,,510743_3
RIB4-510743,2023-08-08,8,,510743_3
RIB4-510743,2023-08-09,8,,510743_3
RIB4-510743,2023-08-10,8,,510743_3
RIB4-510743,2023-08-11,8,,510743_3
RIB4-510743,2023-08-14,8,,510743_3
RIB4-510743,2023-08-15,8,,510743_3
RIB4-510743,2023-08-16,8,,510743_3
RIB4-510743,2023-08-17,8,,510743_3
RIB4-510743,2023-08-18,8,,510743_3
RIB4-510743,2023-08-21,8,,510743_3
RIB4-510743,2023-08-22,8,,510743_3
RIB4-510743,2023-08-23,8,,510743_3
RIB4-510743,2023-08-24,8,,510743_3
RIB4-510743,2023-08-25,8,,510743_3
RIB4-510743,2023-08-28,8,,510743_3
RIB4-510743,2023-08-29,8,,510743_3
RIB4-510743,2023-08-30,8,,510743_3
RIB4-510743,2023-08-31,8,,510743_3
RIB4-510743,2023-09-01,8,,510743_3
SEB7-464606,2022-04-25,8,,464606_3
SEB7-464606,2022-04-26,8,,464606_3
SEB7-464606,2022-04-27,8,,464606_3
SEB7-464606,2022-04-28,8,,464606_3
SEB7-464606,2022-04-29,8,,464606_3
SEB7-464606,2022-05-02,8,,464606_3
SEB7-464606,2022-05-03,8,,464606_3
SEB7-464606,2022-05-04,8,,464606_3
SEB7-464606,2022-05-05,8,,464606_3
SEB7-464606,2022-05-06,8,,464606_3
SEB7-464606,2022-05-09,8,,464606_3
SEB7-464606,2022-05-10,8,,464606_3
SEB7-464606,2022-05-11,8,,464606_3
SEB7-464606,2022-05-12,8,,464606_3
SEB7-464606,2022-05-13,8,,464606_3
SEB7-464606,2022-05-16,8,,464606_3
SEB7-464606,2022-05-17,8,,464606_3
SEB7-464606,2022-05-18,8,,464606_3
SEB7-464606,2022-05-19,8,,464606_3
SEB7-464606,2022-05-20,8,,464606_3
SEB7-464606,2022-05-23,8,,464606_3
SEB7-464606,2022-05-24,8,,464606_3
SEB7-464606,2022-05-25,8,,464606_3
SEB7-464606,2022-05-26,8,,464606_3
SEB7-464606,2022-05-27,8,,464606_3
SEB7-464606,2022-05-30,8,,464606_3
SEB7-464606,2022-05-31,8,,464606_3
SEB7-464606,2022-06-01,8,,464606_3
SEB7-464606,2022-06-02,8,,464606_3
SEB7-464606,2022-06-03,8,,464606_3
SEB7-464606,2022-06-06,8,,464606_3
SEB7-464606,2022-06-07,8,,464606_3
SEB7-464606,2022-06-08,8,,464606_3
SEB7-464606,2022-06-09,8,,464606_3
SEB7-464606,2022-06-10,8,,464606_3
SEB7-464606,2022-06-13,8,,464606_3
SEB7-464606,2022-06-14,8,,464606_3
SEB7-464606,2022-06-15,8,,464606_3
SEB7-464606,2022-06-16,8,,464606_3
SEB7-464606,2022-06-17,8,,464606_3
SEB7-464606,2022-06-20,8,,464606_3
SEB7-464606,2022-06-21,8,,464606_3
SEB7-464606,2022-06-22,8,,464606_3
SEB7-464606,2022-06-23,8,,464606_3
SEB7-464606,2022-06-24,8,,464606_3
SEB7-464606,2022-06-27,8,,464606_3
SEB7-464606,2022-06-28,8,,464606_3
SEB7-464606,2022-06-29,8,,464606_3
SEB7-464606,2022-06-30,8,,464606_3
CIT2-519001,2023-06-06,8,,519001_4
CIT2-519001,2023-06-07,8,,519001_4
CIT2-519001,2023-06-08,8,,519001_4
CIT2-519001,2023-06-09,8,,519001_4
CIT2-519001,2023-06-12,8,,519001_4
CIT2-519001,2023-06-13,8,,519001_4
CIT2-519001,2023-06-14,8,,519001_4
CIT2-519001,2023-06-15,8,,519001_4
CIT2-519001,2023-06-16,8,,519001_4
CIT2-519001,2023-06-19,8,,519001_4
CIT2-519001,2023-06-20,8,,519001_4
CIT2-519001,2023-06-21,8,,519001_4
CIT2-519001,2023-06-22,8,,519001_4
CIT2-519001,2023-06-23,8,,519001_4
CIT2-519001,2023-06-26,8,,519001_4
CIT2-519001,2023-06-27,8,,519001_4
CIT2-519001,2023-06-28,8,,519001_4
CIT2-519001,2023-06-29,8,,519001_4
CIT2-519001,2023-06-30,8,,519001_4
CIT2-519001,2023-07-03,8,,519001_4
CIT2-519001,2023-07-04,8,,519001_4
CIT2-519001,2023-07-05,8,,519001_4
CIT2-519001,2023-07-06,8,,519001_4
CIT2-519001,2023-07-07,8,,519001_4
CIT2-519001,2023-07-10,8,,519001_4
CIT2-519001,2023-07-11,8,,519001_4
CIT2-519001,2023-07-12,8,,519001_4
CIT2-519001,2023-07-13,8,,519001_4
CIT2-519001,2023-07-14,8,,519001_4
CIT2-519001,2023-07-17,8,,519001_4
CIT2-519001,2023-07-18,8,,519001_4
CIT2-519001,2023-07-19,8,,519001_4
CIT2-519001,2023-07-20,8,,519001_4
CIT2-519001,2023-07-21,8,,519001_4
CIT2-519001,2023-07-24,8,,519001_4
CIT2-519001,2023-07-25,8,,519001_4
CIT2-519001,2023-07-26,8,,519001_4
CIT2-519001,2023-07-27,8,,519001_4
CIT2-519001,2023-07-28,8,,519001_4
CIT2-519001,2023-07-31,8,,519001_4
CIT2-519001,2023-08-01,8,,519001_4
CIT2-519001,2023-08-02,8,,519001_4
CIT2-519001,2023-08-03,8,,519001_4
CIT2-519001,2023-08-04,8,,519001_4
CIT2-519001,2023-08-07,8,,519001_4
CIT2-519001,2023-08-08,8,,519001_4
INB8-468251,2022-06-06,8,,468251_4
INB8-468251,2022-06-07,8,,468251_4
INB8-468251,2022-06-08,8,,468251_4
INB8-468251,2022-06-09,8,,468251_4
INB8-468251,2022-06-10,8,,468251_4
INB8-468251,2022-06-13,8,,468251_4
INB8-468251,2022-06-14,8,,468251_4
INB8-468251,2022-06-15,8,,468251_4
INB8-468251,2022-06-16,8,,468251_4
INB8-468251,2022-06-17,8,,468251_4
INB8-468251,2022-06-20,8,,468251_4
INB8-468251,2022-06-21,8,,468251_4
INB8-468251,2022-06-22,8,,468251_4
INB8-468251,2022-06-23,8,,468251_4
INB8-468251,2022-06-24,8,,468251_4
INB8-468251,2022-06-27,8,,468251_4
INB8-468251,2022-06-28,8,,468251_4
INB8-468251,2022-06-29,8,,468251_4
INB8-468251,2022-06-30,8,,468251_4
INB8-468251,2022-07-01,8,,468251_4
INB8-468251,2022-07-04,8,,468251_4
INB8-468251,2022-07-05,8,,468251_4
INB8-468251,2022-07-06,8,,468251_4
INB8-468251,2022-07-07,8,,468251_4
INB8-468251,2022-07-08,8,,468251_4
INB8-468251,2022-07-11,8,,468251_4
INB8-468251,2022-07-12,8,,468251_4
INB8-468251,2022-07-13,8,,468251_4
INB8-468251,2022-07-14,8,,468251_4
INB8-468251,2022-07-15,8,,468251_4
INB8-468251,2022-07-18,8,,468251_4
INB8-468251,2022-07-19,8,,468251_4
INB8-468251,2022-07-20,8,,468251_4
INB8-468251,2022-07-21,8,,468251_4
INB8-468251,2022-07-22,8,,468251_4
INB8-468251,2022-07-25,8,,468251_4
INB8-468251,2022-07-26,8,,468251_4
INB8-468251,2022-07-27,8,,468251_4
INB8-468251,2022-07-28,8,,468251_4
INB8-468251,2022-07-29,8,,468251_4
LB3-390914,2020-09-30,8,,390914_4
LB3-390914,2020-10-01,8,,390914_4
LB3-390914,2020-10-02,8,,390914_4
LB3-390914,2020-10-05,8,,390914_4
LB3-390914,2020-10-06,8,,390914_4
LB3-390914,2020-10-07,8,,390914_4
LB3-390914,2020-10-08,8,,390914_4
LB3-390914,2020-10-09,8,,390914_4
LB3-390914,2020-10-12,8,,390914_4
LB3-390914,2020-10-13,8,,390914_4
LB3-390914,2020-10-14,8,,390914_4
LB3-390914,2020-10-15,8,,390914_4
LB3-390914,2020-10-16,8,,390914_4
LB3-390914,2020-10-19,8,,390914_4
LB3-390914,2020-10-20,8,,390914_4
LB3-390914,2020-10-21,8,,390914_4
LB3-390914,2020-10-22,8,,390914_4
LB3-390914,2020-10-23,8,,390914_4
LB3-390914,2020-10-26,8,,390914_4
LB3-390914,2020-10-27,8,,390914_4
LB3-390914,2020-10-28,8,,390914_4
LB3-390914,2020-10-29,8,,390914_4
LB3-390914,2020-10-30,8,,390914_4
LB3-390914,2020-11-02,8,,390914_4
LB3-390914,2020-11-03,8,,390914_4
LB3-390914,2020-11-04,8,,390914_4
LB3-390914,2020-11-05,8,,390914_4
LB3-390914,2020-11-06,8,,390914_4
LB3-390914,2020-11-09,8,,390914_4
LB3-390914,2020-11-10,8,,390914_4
LB3-390914,2020-11-11,8,,390914_4
LB3-390914,2020-11-12,8,,390914_4
LB3-390914,2020-11-13,8,,390914_4
LB3-390914,2020-11-16,8,,390914_4
LB3-390914,2020-11-17,8,,390914_4
LB3-390914,2020-11-18,8,,390914_4
LB3-390914,2020-11-19,8,,390914_4
LB3-390914,2020-11-20,8,,390914_4
LB3-390914,2020-11-23,8,,390914_4
LB3-390914,2020-11-24,8,,390914_4
LB3-390914,2020-11-25,8,,390914_4
LB3-390914,2020-11-26,8,,390914_4
LB3-390914,2020-11-27,8,,390914_4
LB3-390914,2020-11-30,8,,390914_4
LB3-390914,2020-12-01,8,,390914_4
LB3-390914,2020-12-02,8,,390914_4
LB3-390914,2020-12-03,8,,390914_4
LB3-390914,2020-12-04,8,,390914_4
LB3-390914,2020-12-07,8,,390914_4
LB3-390914,2020-12-08,8,,390914_4
LB3-390914,2020-12-09,8,,390914_4
LB3-390914,2020-12-10,8,,390914_4
LB3-390914,2020-12-11,8,,390914_4
LB3-390914,2020-12-14,8,,390914_4
LB3-390914,2020-12-15,8,,390914_4
LB3-390914,2020-12-16,8,,390914_4
LB3-390914,2020-12-17,8,,390914_4
LB3-390914,2020-12-18,8,,390914_4
LB3-390914,2020-12-21,8,,390914_4
LB3-390914,2020-12-22,8,,390914_4
LB3-390914,2020-12-23,8,,390914_4
LB3-390914,2020-12-24,8,,390914_4
LB3-390914,2020-12-25,8,,390914_4
LB3-390914,2020-12-28,8,,390914_4
LB3-390914,2020-12-29,8,,390914_4
LB3-390914,2020-12-30,8,,390914_4
LB3-390914,2020-12-31,8,,390914_4
LB3-390914,2021-01-01,8,,390914_4
LB3-390914,2021-01-04,8,,390914_4
LB3-390914,2021-01-05,8,,390914_4
LB3-390914,2021-01-06,8,,390914_4
LB3-390914,2021-01-07,8,,390914_4
LB3-390914,2021-01-08,8,,390914_4
LB3-390914,2021-01-11,8,,390914_4
LB3-390914,2021-01-12,8,,390914_4
LB3-446667,2020-01-22,8,,446667_4
LB3-446667,2020-01-23,8,,446667_4
LB3-446667,2020-01-24,8,,446667_4
LB3-446667,2020-01-27,8,,446667_4
LB3-446667,2020-01-28,8,,446667_4
LB3-446667,2020-01-29,8,,446667_4
LB3-446667,2020-01-30,8,,446667_4
LB3-446667,2020-01-31,8,,446667_4
LB3-446667,2020-02-03,8,,446667_4
LB3-446667,2020-02-04,8,,446667_4
LB3-446667,2020-02-05,8,,446667_4
LB3-446667,2020-02-06,8,,446667_4
LB3-446667,2020-02-07,8,,446667_4
LB3-446667,2020-02-10,8,,446667_4
LB3-446667,2020-02-11,8,,446667_4
LB3-446667,2020-02-12,8,,446667_4
LB3-446667,2020-02-13,8,,446667_4
LB3-446667,2020-02-14,8,,446667_4
LB3-446667,2020-02-17,8,,446667_4
LB3-446667,2020-02-18,8,,446667_4
LB3-446667,2020-02-19,8,,446667_4
LB3-446667,2020-02-20,8,,446667_4
LB3-446667,2020-02-21,8,,446667_4
LB3-446667,2020-02-24,8,,446667_4
LB3-446667,2020-02-25,8,,446667_4
LB3-446667,2020-02-26,8,,446667_4
LB3-446667,2020-02-27,8,,446667_4
LB3-446667,2020-02-28,8,,446667_4
LB3-446667,2020-03-02,8,,446667_4
LB3-446667,2020-03-03,8,,446667_4
LB3-446667,2020-03-04,8,,446667_4
LB3-446667,2020-03-05,8,,446667_4
LB3-446667,2020-03-06,8,,446667_4
LB3-446667,2020-03-09,8,,446667_4
LB3-446667,2020-03-10,8,,446667_4
LB3-446667,2020-03-11,8,,446667_4
LB3-446667,2020-03-12,8,,446667_4
LB3-446667,2020-03-13,8,,446667_4
LB3-446667,2020-03-16,8,,446667_4
LB3-446667,2020-03-17,8,,446667_4
LB3-446667,2020-03-18,8,,446667_4
LB3-446667,2020-03-19,8,,446667_4
LB3-446667,2020-03-20,8,,446667_4
LB3-446667,2020-03-23,8,,446667_4
LB3-446667,2020-03-24,8,,446667_4
LB3-446667,2020-03-25,8,,446667_4
LB3-446667,2020-03-26,8,,446667_4
LB3-446667,2020-03-27,8,,446667_4
LB3-446667,2020-03-30,8,,446667_4
LB3-446667,2020-03-31,8,,446667_4
LB3-446667,2020-04-01,8,,446667_4
LB3-446667,2020-04-02,8,,446667_4
LB3-446667,2020-04-03,8,,446667_4
LB3-446667,2020-04-06,8,,446667_4
LB3-446667,2020-04-07,8,,446667_4
LB3-446667,2020-04-08,8,,446667_4
LB3-446667,2020-04-09,8,,446667_4
LB3-446667,2020-04-10,8,,446667_4
LB3-446667,2020-04-13,8,,446667_4
LB3-446667,2020-04-14,8,,446667_4
LB3-446667,2020-04-15,8,,446667_4
LB3-446667,2020-04-16,8,,446667_4
LB3-446667,2020-04-17,8,,446667_4
LB3-446667,2020-04-20,8,,446667_4
LB3-446667,2020-04-21,8,,446667_4
LB3-446667,2020-04-22,8,,446667_4
LB3-446667,2020-04-23,8,,446667_4
LB3-446667,2020-04-24,8,,446667_4
LB3-446667,2020-04-27,8,,446667_4
LB3-446667,2020-04-28,8,,446667_4
LB3-446667,2020-04-29,8,,446667_4
LB3-446667,2020-04-30,8,,446667_4
LUB9-487325,2022-07-07,8,,487325_4
LUB9-487325,2022-07-08,8,,487325_4
LUB9-487325,2022-07-11,8,,487325_4
LUB9-487325,2022-07-12,8,,487325_4
LUB9-487325,2022-07-13,8,,487325_4
LUB9-487325,2022-07-14,8,,487325_4
LUB9-487325,2022-07-15,8,,487325_4
LUB9-487325,2022-07-18,8,,487325_4
LUB9-487325,2022-07-19,8,,487325_4
LUB9-487325,2022-07-20,8,,487325_4
LUB9-487325,2022-07-21,8,,487325_4
LUB9-487325,2022-07-22,8,,487325_4
LUB9-487325,2022-07-25,8,,487325_4
LUB9-487325,2022-07-26,8,,487325_4
LUB9-487325,2022-07-27,8,,487325_4
LUB9-487325,2022-07-28,8,,487325_4
LUB9-487325,2022-07-29,8,,487325_4
LUB9-487325,2022-08-01,8,,487325_4
LUB9-487325,2022-08-02,8,,487325_4
LUB9-487325,2022-08-03,8,,487325_4
LUB9-487325,2022-08-04,8,,487325_4
LUB9-487325,2022-08-05,8,,487325_4
LUB9-487325,2022-08-08,8,,487325_4
LUB9-487325,2022-08-09,8,,487325_4
LUB9-487325,2022-08-10,8,,487325_4
LUB9-487325,2022-08-11,8,,487325_4
LUB9-487325,2022-08-12,8,,487325_4
LUB9-487325,2022-08-15,8,,487325_4
LUB9-487325,2022-08-16,8,,487325_4
LUB9-487325,2022-08-17,8,,487325_4
LUB9-487325,2022-08-18,8,,487325_4
LUB9-487325,2022-08-19,8,,487325_4
LUB9-487325,2022-08-22,8,,487325_4
LUB9-487325,2022-08-23,8,,487325_4
LUB9-487325,2022-08-24,8,,487325_4
LUB9-487325,2022-08-25,8,,487325_4
LUB9-487325,2022-08-26,8,,487325_4
LUB9-487325,2022-08-29,8,,487325_4
LUB9-487325,2022-08-30,8,,487325_4
LUB9-487325,2022-08-31,8,,487325_4
LUB9-487325,2022-09-01,8,,487325_4
LUB9-487325,2022-09-02,8,,487325_4
LUB9-487325,2022-09-05,8,,487325_4
LUB9-487325,2022-09-06,8,,487325_4
LUB9-487325,2022-09-07,8,,487325_4
LUB9-487325,2022-09-08,8,,487325_4
LUB9-487325,2022-09-09,8,,487325_4
LUB9-487325,2022-09-12,8,,487325_4
LUB9-487325,2022-09-13,8,,487325_4
LUB9-487325,2022-09-14,8,,487325_4
LUB9-487325,2022-09-15,8,,487325_4
LUB9-487325,2022-09-16,8,,487325_4
LUB9-487325,2022-09-19,8,,487325_4
LUB9-487325,2022-09-20,8,,487325_4
LUB9-487325,2022-09-21,8,,487325_4
LUB9-487325,2022-09-22,8,,487325_4
LUB9-487325,2022-09-23,8,,487325_4
LUB9-487325,2022-09-26,8,,487325_4
LUB9-487325,2022-09-27,8,,487325_4
LUB9-487325,2022-09-28,8,,487325_4
LUB9-487325,2022-09-29,8,,487325_4
LUB9-487325,2022-09-30,8,,487325_4
LUB9-487325,2022-10-03,8,,487325_4
LUB9-487325,2022-10-04,8,,487325_4
LUB9-487325,2022-10-05,8,,487325_4
LUB9-487325,2022-10-06,8,,487325_4
LUB9-487325,2022-10-07,8,,487325_4
LUB9-487325,2022-10-10,8,,487325_4
LUB9-487325,2022-10-11,8,,487325_4
LUB9-487325,2022-10-12,8,,487325_4
LUB9-487325,2022-10-13,8,,487325_4
LUB9-487325,2022-10-14,8,,487325_4
LUB9-487325,2022-10-17,8,,487325_4
LUB9-487325,2022-10-18,8,,487325_4
LUB9-487325,2022-10-19,8,,487325_4
LUB9-487325,2022-10-20,8,,487325_4
LUB9-487325,2022-10-21,8,,487325_4
LUB9-487325,2022-10-24,8,,487325_4
LUB9-487325,2022-10-25,8,,487325_4
LUB9-487325,2022-10-26,8,,487325_4
LUB9-487325,2022-10-27,8,,487325_4
LUB9-487325,2022-10-28,8,,487325_4
LUB9-487325,2022-10-31,8,,487325_4
LUB9-487325,2022-11-01,8,,487325_4
LUB9-487325,2022-11-02,8,,487325_4
LUB9-487325,2022-11-03,8,,487325_4
LUB9-487325,2022-11-04,8,,487325_4
LUB9-487325,2022-11-07,8,,487325_4
LUB9-487325,2022-11-08,8,,487325_4
LUB9-487325,2022-11-09,8,,487325_4
LUB9-487325,2022-11-10,8,,487325_4
LUB9-487325,2022-11-11,8,,487325_4
LUB9-487325,2022-11-14,8,,487325_4
LUB9-487325,2022-11-15,8,,487325_4
LUB9-487325,2022-11-16,8,,487325_4
LUB9-487325,2022-11-17,8,,487325_4
LUB9-487325,2022-11-18,8,,487325_4
LUB9-487325,2022-11-21,8,,487325_4
LUB9-487325,2022-11-22,8,,487325_4
LUB9-487325,2022-11-23,8,,487325_4
LUB9-487325,2022-11-24,8,,487325_4
LUB9-487325,2022-11-25,8,,487325_4
LUB9-487325,2022-11-28,8,,487325_4
LUB9-487325,2022-11-29,8,,487325_4
LUB9-487325,2022-11-30,8,,487325_4
LUB9-487325,2022-12-01,8,,487325_4
LUB9-487325,2022-12-02,8,,487325_4
LUB9-487325,2022-12-05,8,,487325_4
LUB9-487325,2022-12-06,8,,487325_4
LUB9-487325,2022-12-07,8,,487325_4
LUB9-487325,2022-12-08,8,,487325_4
LUB9-487325,2022-12-09,8,,487325_4
LUB9-487325,2022-12-12,8,,487325_4
LUB9-487325,2022-12-13,8,,487325_4
LUB9-487325,2022-12-14,8,,487325_4
LUB9-487325,2022-12-15,8,,487325_4
LUB9-487325,2022-12-16,8,,487325_4
LUB9-487325,2022-12-19,8,,487325_4
LUB9-487325,2022-12-20,8,,487325_4
LUB9-487325,2022-12-21,8,,487325_4
LUB9-487325,2022-12-22,8,,487325_4
LUB9-487325,2022-12-23,8,,487325_4
LUB9-487325,2022-12-26,8,,487325_4
LUB9-487325,2022-12-27,8,,487325_4
LUB9-487325,2022-12-28,8,,487325_4
LUB9-487325,2022-12-29,8,,487325_4
LUB9-487325,2022-12-30,8,,487325_4
LUB9-487325,2023-01-02,8,,487325_4
LUB9-487325,2023-01-03,8,,487325_4
LUB9-487325,2023-01-04,8,,487325_4
LUB9-487325,2023-01-05,8,,487325_4
LUB9-487325,2023-01-06,8,,487325_4
LUB9-487325,2023-01-09,8,,487325_4
LUB9-487325,2023-01-10,8,,487325_4
LUB9-487325,2023-01-11,8,,487325_4
LUB9-487325,2023-01-12,8,,487325_4
LUB9-487325,2023-01-13,8,,487325_4
LUB9-487325,2023-01-16,8,,487325_4
LUB9-487325,2023-01-17,8,,487325_4
LUB9-487325,2023-01-18,8,,487325_4
LUB9-487325,2023-01-19,8,,487325_4
LUB9-487325,2023-01-20,8,,487325_4
LUB9-487325,2023-01-23,8,,487325_4
LUB9-487325,2023-01-24,8,,487325_4
LUB9-487325,2023-01-25,8,,487325_4
LUB9-487325,2023-01-26,8,,487325_4
LUB9-487325,2023-01-27,8,,487325_4
LUB9-487325,2023-01-30,8,,487325_4
LUB9-487325,2023-01-31,8,,487325_4
LUB9-487325,2023-02-01,8,,487325_4
LUB9-487325,2023-02-02,8,,487325_4
LUB9-487325,2023-02-03,8,,487325_4
LUB9-487325,2023-02-06,8,,487325_4
LUB9-487325,2023-02-07,8,,487325_4
LUB9-487325,2023-02-08,8,,487325_4
LUB9-487325,2023-02-09,8,,487325_4
LUB9-487325,2023-02-10,8,,487325_4
LUB9-487325,2023-02-13,8,,487325_4
LUB9-487325,2023-02-14,8,,487325_4
LUB9-487325,2023-02-15,8,,487325_4
LUB9-487325,2023-02-16,8,,487325_4
LUB9-487325,2023-02-17,8,,487325_4
LUB9-487325,2023-02-20,8,,487325_4
LUB9-487325,2023-02-21,8,,487325_4
LUB9-487325,2023-02-22,8,,487325_4
LUB9-487325,2023-02-23,8,,487325_4
LUB9-487325,2023-02-24,8,,487325_4
LUB9-487325,2023-02-27,8,,487325_4
LUB9-487325,2023-02-28,8,,487325_4
LUB9-487325,2023-03-01,8,,487325_4
LUB9-487325,2023-03-02,8,,487325_4
LUB9-487325,2023-03-03,8,,487325_4
LUB9-487325,2023-03-06,8,,487325_4
LUB9-487325,2023-03-07,8,,487325_4
LUB9-487325,2023-03-08,8,,487325_4
LUB9-487325,2023-03-09,8,,487325_4
LUB9-487325,2023-03-10,8,,487325_4
LUB9-487325,2023-03-13,8,,487325_4
LUB9-487325,2023-03-14,8,,487325_4
LUB9-487325,2023-03-15,8,,487325_4
LUB9-487325,2023-03-16,8,,487325_4
LUB9-487325,2023-03-17,8,,487325_4
LUB9-487325,2023-03-20,8,,487325_4
LUB9-487325,2023-03-21,8,,487325_4
LUB9-487325,2023-03-22,8,,487325_4
LUB9-487325,2023-03-23,8,,487325_4
LUB9-487325,2023-03-24,8,,487325_4
LUB9-487325,2023-03-27,8,,487325_4
LUB9-487325,2023-03-28,8,,487325_4
LUB9-487325,2023-03-29,8,,487325_4
LUB9-487325,2023-03-30,8,,487325_4
LUB9-487325,2023-03-31,8,,487325_4
LUB9-487325,2023-04-03,8,,487325_4
LUB9-487325,2023-04-04,8,,487325_4
LUB9-487325,2023-04-05,8,,487325_4
LUB9-487325,2023-04-06,8,,487325_4
LUB9-487325,2023-04-07,8,,487325_4
LUB9-487325,2023-04-10,8,,487325_4
LUB9-487325,2023-04-11,8,,487325_4
LUB9-487325,2023-04-12,8,,487325_4
LUB9-487325,2023-04-13,8,,487325_4
LUB9-487325,2023-04-14,8,,487325_4
LUB9-487325,2023-04-17,8,,487325_4
LUB9-487325,2023-04-18,8,,487325_4
LUB9-487325,2023-04-19,8,,487325_4
LUB9-487325,2023-04-20,8,,487325_4
LUB9-487325,2023-04-21,8,,487325_4
LUB9-487325,2023-04-24,8,,487325_4
LUB9-487325,2023-04-25,8,,487325_4
LUB9-487325,2023-04-26,8,,487325_4
LUB9-487325,2023-04-27,8,,487325_4
LUB9-487325,2023-04-28,8,,487325_4
LUB9-487325,2023-05-01,8,,487325_4
LUB9-487325,2023-05-02,8,,487325_4
LUB9-487325,2023-05-03,8,,487325_4
LUB9-487325,2023-05-04,8,,487325_4
LUB9-487325,2023-05-05,8,,487325_4
LUB9-487325,2023-05-08,8,,487325_4
LUB9-487325,2023-05-09,8,,487325_4
LUB9-487325,2023-05-10,8,,487325_4
LUB9-487325,2023-05-11,8,,487325_4
LUB9-487325,2023-05-12,8,,487325_4
LUB9-487325,2023-05-15,8,,487325_4
LUB9-487325,2023-05-16,8,,487325_4
LUB9-487325,2023-05-17,8,,487325_4
LUB9-487325,2023-05-18,8,,487325_4
LUB9-487325,2023-05-19,8,,487325_4
LUB9-487325,2023-05-22,8,,487325_4
LUB9-487325,2023-05-23,8,,487325_4
LUB9-487325,2023-05-24,8,,487325_4
LUB9-487325,2023-05-25,8,,487325_4
LUB9-487325,2023-05-26,8,,487325_4
LUB9-487325,2023-05-29,8,,487325_4
LUB9-487325,2023-05-30,8,,487325_4
RB5-513927,2023-04-26,8,,513927_4
RB5-513927,2023-04-27,8,,513927_4
RB5-513927,2023-04-28,8,,513927_4
RB5-513927,2023-05-01,8,,513927_4
RB5-513927,2023-05-02,8,,513927_4
RB5-513927,2023-05-03,8,,513927_4
RB5-513927,2023-05-04,8,,513927_4
RB5-513927,2023-05-05,8,,513927_4
RB5-513927,2023-05-08,8,,513927_4
RB5-513927,2023-05-09,8,,513927_4
RB5-513927,2023-05-10,8,,513927_4
RB5-513927,2023-05-11,8,,513927_4
RB5-513927,2023-05-12,8,,513927_4
RB5-513927,2023-05-15,8,,513927_4
RB5-513927,2023-05-16,8,,513927_4
RB5-513927,2023-05-17,8,,513927_4
RB5-513927,2023-05-18,8,,513927_4
RB5-513927,2023-05-19,8,,513927_4
RB5-513927,2023-05-22,8,,513927_4
RB5-513927,2023-05-23,8,,513927_4
RB5-513927,2023-05-24,8,,513927_4
RB5-513927,2023-05-25,8,,513927_4
RB5-513927,2023-05-26,8,,513927_4
RB5-513927,2023-05-29,8,,513927_4
RB5-513927,2023-05-30,8,,513927_4
RB5-513927,2023-05-31,8,,513927_4
RB5-513927,2023-06-01,8,,513927_4
RB5-513927,2023-06-02,8,,513927_4
RB5-513927,2023-06-05,8,,513927_4
RB5-513927,2023-06-06,8,,513927_4
RB5-513927,2023-06-07,8,,513927_4
RB5-513927,2023-06-08,8,,513927_4
RB5-513927,2023-06-09,8,,513927_4
RB5-513927,2023-06-12,8,,513927_4
RB5-513927,2023-06-13,8,,513927_4
RB5-513927,2023-06-14,8,,513927_4
RB5-513927,2023-06-15,8,,513927_4
RB5-513927,2023-06-16,8,,513927_4
RB5-513927,2023-06-19,8,,513927_4
RB5-513927,2023-06-20,8,,513927_4
RB5-513927,2023-06-21,8,,513927_4
RB5-513927,2023-06-22,8,,513927_4
RB5-513927,2023-06-23,8,,513927_4
RB5-513927,2023-06-26,8,,513927_4
RB5-513927,2023-06-27,8,,513927_4
RB5-513927,2023-06-28,8,,513927_4
RB5-513927,2023-06-29,8,,513927_4
RB5-513927,2023-06-30,8,,513927_4
RB5-513927,2023-07-03,8,,513927_4
RB5-513927,2023-07-04,8,,513927_4
RB5-513927,2023-07-05,8,,513927_4
RB5-513927,2023-07-06,8,,513927_4
RB5-513927,2023-07-07,8,,513927_4
RB5-513927,2023-07-10,8,,513927_4
RB5-513927,2023-07-11,8,,513927_4
RB5-513927,2023-07-12,8,,513927_4
RB5-513927,2023-07-13,8,,513927_4
RB5-513927,2023-07-14,8,,513927_4
RB5-513927,2023-07-17,8,,513927_4
RB5-513927,2023-07-18,8,,513927_4
RB5-513927,2023-07-19,8,,513927_4
RB5-513927,2023-07-20,8,,513927_4
RB5-513927,2023-07-21,8,,513927_4
RB5-513927,2023-07-24,8,,513927_4
RB5-513927,2023-07-25,8,,513927_4
RB5-513927,2023-07-26,8,,513927_4
RB5-513927,2023-07-27,8,,513927_4
RB5-513927,2023-07-28,8,,513927_4
RB5-513927,2023-07-31,8,,513927_4
RB5-513927,2023-08-01,8,,513927_4
RB5-513927,2023-08-02,8,,513927_4
RB5-513927,2023-08-03,8,,513927_4
RB5-513927,2023-08-04,8,,513927_4
RB5-513927,2023-08-07,8,,513927_4
RB5-513927,2023-08-08,8,,513927_4
RB5-513927,2023-08-09,8,,513927_4
RB5-513927,2023-08-10,8,,513927_4
RB5-513927,2023-08-11,8,,513927_4
RB5-513927,2023-08-14,8,,513927_4
RB5-513927,2023-08-15,8,,513927_4
RB5-513927,2023-08-16,8,,513927_4
RB5-513927,2023-08-17,8,,513927_4
RB5-513927,2023-08-18,8,,513927_4
RB5-513927,2023-08-21,8,,513927_4
RB5-513927,2023-08-22,8,,513927_4
RB5-513927,2023-08-23,8,,513927_4
RB5-513927,2023-08-24,8,,513927_4
RB5-513927,2023-08-25,8,,513927_4
RB5-513927,2023-08-28,8,,513927_4
RB5-513927,2023-08-29,8,,513927_4
RB5-513927,2023-08-30,8,,513927_4
RB5-513927,2023-08-31,8,,513927_4
RB5-513927,2023-09-01,8,,513927_4
RIB4-510743,2023-03-29,8,,510743_4
RIB4-510743,2023-03-30,8,,510743_4
RIB4-510743,2023-03-31,8,,510743_4
RIB4-510743,2023-04-03,8,,510743_4
RIB4-510743,2023-04-04,8,,510743_4
RIB4-510743,2023-04-05,8,,510743_4
RIB4-510743,2023-04-06,8,,510743_4
RIB4-510743,2023-04-07,8,,510743_4
RIB4-510743,2023-04-10,8,,510743_4
RIB4-510743,2023-04-11,8,,510743_4
RIB4-510743,2023-04-12,8,,510743_4
RIB4-510743,2023-04-13,8,,510743_4
RIB4-510743,2023-04-14,8,,510743_4
RIB4-510743,2023-04-17,8,,510743_4
RIB4-510743,2023-04-18,8,,510743_4
RIB4-510743,2023-04-19,8,,510743_4
RIB4-510743,2023-04-20,8,,510743_4
RIB4-510743,2023-04-21,8,,510743_4
RIB4-510743,2023-04-24,8,,510743_4
RIB4-510743,2023-04-25,8,,510743_4
RIB4-510743,2023-04-26,8,,510743_4
RIB4-510743,2023-04-27,8,,510743_4
RIB4-510743,2023-04-28,8,,510743_4
RIB4-510743,2023-05-01,8,,510743_4
RIB4-510743,2023-05-02,8,,510743_4
RIB4-510743,2023-05-03,8,,510743_4
RIB4-510743,2023-05-04,8,,510743_4
RIB4-510743,2023-05-05,8,,510743_4
RIB4-510743,2023-05-08,8,,510743_4
RIB4-510743,2023-05-09,8,,510743_4
RIB4-510743,2023-05-10,8,,510743_4
RIB4-510743,2023-05-11,8,,510743_4
RIB4-510743,2023-05-12,8,,510743_4
RIB4-510743,2023-05-15,8,,510743_4
RIB4-510743,2023-05-16,8,,510743_4
RIB4-510743,2023-05-17,8,,510743_4
RIB4-510743,2023-05-18,8,,510743_4
RIB4-510743,2023-05-19,8,,510743_4
RIB4-510743,2023-05-22,8,,510743_4
RIB4-510743,2023-05-23,8,,510743_4
RIB4-510743,2023-05-24,8,,510743_4
RIB4-510743,2023-05-25,8,,510743_4
RIB4-510743,2023-05-26,8,,510743_4
RIB4-510743,2023-05-29,8,,510743_4
RIB4-510743,2023-05-30,8,,510743_4
RIB4-510743,2023-05-31,8,,510743_4
RIB4-510743,2023-06-01,8,,510743_4
RIB4-510743,2023-06-02,8,,510743_4
RIB4-510743,2023-06-05,8,,510743_4
RIB4-510743,2023-06-06,8,,510743_4
RIB4-510743,2023-06-07,8,,510743_4
RIB4-510743,2023-06-08,8,,510743_4
RIB4-510743,2023-06-09,8,,510743_4
RIB4-510743,2023-06-12,8,,510743_4
RIB4-510743,2023-06-13,8,,510743_4
RIB4-510743,2023-06-14,8,,510743_4
RIB4-510743,2023-06-15,8,,510743_4
RIB4-510743,2023-06-16,8,,510743_4
RIB4-510743,2023-06-19,8,,510743_4
RIB4-510743,2023-06-20,8,,510743_4
RIB4-510743,2023-06-21,8,,510743_4
RIB4-510743,2023-06-22,8,,510743_4
RIB4-510743,2023-06-23,8,,510743_4
RIB4-510743,2023-06-26,8,,510743_4
RIB4-510743,2023-06-27,8,,510743_4
RIB4-510743,2023-06-28,8,,510743_4
RIB4-510743,2023-06-29,8,,510743_4
RIB4-510743,2023-06-30,8,,510743_4
RIB4-510743,2023-07-03,8,,510743_4
RIB4-510743,2023-07-04,8,,510743_4
RIB4-510743,2023-07-05,8,,510743_4
RIB4-510743,2023-07-06,8,,510743_4
RIB4-510743,2023-07-07,8,,510743_4
RIB4-510743,2023-07-10,8,,510743_4
RIB4-510743,2023-07-11,8,,510743_4
RIB4-510743,2023-07-12,8,,510743_4
RIB4-510743,2023-07-13,8,,510743_4
RIB4-510743,2023-07-14,8,,510743_4
RIB4-510743,2023-07-17,8,,510743_4
RIB4-510743,2023-07-18,8,,510743_4
RIB4-510743,2023-07-19,8,,510743_4
RIB4-510743,2023-07-20,8,,510743_4
RIB4-510743,2023-07-21,8,,510743_4
RIB4-510743,2023-07-24,8,,510743_4
RIB4-510743,2023-07-25,8,,510743_4
RIB4-510743,2023-07-26,8,,510743_4
RIB4-510743,2023-07-27,8,,510743_4
RIB4-510743,2023-07-28,8,,510743_4
RIB4-510743,2023-07-31,8,,510743_4
RIB4-510743,2023-08-01,8,,510743_4
RIB4-510743,2023-08-02,8,,510743_4
RIB4-510743,2023-08-03,8,,510743_4
RIB4-510743,2023-08-04,8,,510743_4
RIB4-510743,2023-08-07,8,,510743_4
RIB4-510743,2023-08-08,8,,510743_4
RIB4-510743,2023-08-09,8,,510743_4
RIB4-510743,2023-08-10,8,,510743_4
RIB4-510743,2023-08-11,8,,510743_4
RIB4-510743,2023-08-14,8,,510743_4
RIB4-510743,2023-08-15,8,,510743_4
RIB4-510743,2023-08-16,8,,510743_4
RIB4-510743,2023-08-17,8,,510743_4
RIB4-510743,2023-08-18,8,,510743_4
RIB4-510743,2023-08-21,8,,510743_4
RIB4-510743,2023-08-22,8,,510743_4
RIB4-510743,2023-08-23,8,,510743_4
RIB4-510743,2023-08-24,8,,510743_4
RIB4-510743,2023-08-25,8,,510743_4
RIB4-510743,2023-08-28,8,,510743_4
RIB4-510743,2023-08-29,8,,510743_4
RIB4-510743,2023-08-30,8,,510743_4
RIB4-510743,2023-08-31,8,,510743_4
RIB4-510743,2023-09-01,8,,510743_4
SEB7-464606,2022-04-25,8,,464606_4
SEB7-464606,2022-04-26,8,,464606_4
SEB7-464606,2022-04-27,8,,464606_4
SEB7-464606,2022-04-28,8,,464606_4
SEB7-464606,2022-04-29,8,,464606_4
SEB7-464606,2022-05-02,8,,464606_4
SEB7-464606,2022-05-03,8,,464606_4
SEB7-464606,2022-05-04,8,,464606_4
SEB7-464606,2022-05-05,8,,464606_4
SEB7-464606,2022-05-06,8,,464606_4
SEB7-464606,2022-05-09,8,,464606_4
SEB7-464606,2022-05-10,8,,464606_4
SEB7-464606,2022-05-11,8,,464606_4
SEB7-464606,2022-05-12,8,,464606_4
SEB7-464606,2022-05-13,8,,464606_4
SEB7-464606,2022-05-16,8,,464606_4
SEB7-464606,2022-05-17,8,,464606_4
SEB7-464606,2022-05-18,8,,464606_4
SEB7-464606,2022-05-19,8,,464606_4
SEB7-464606,2022-05-20,8,,464606_4
SEB7-464606,2022-05-23,8,,464606_4
SEB7-464606,2022-05-24,8,,464606_4
SEB7-464606,2022-05-25,8,,464606_4
SEB7-464606,2022-05-26,8,,464606_4
SEB7-464606,2022-05-27,8,,464606_4
SEB7-464606,2022-05-30,8,,464606_4
SEB7-464606,2022-05-31,8,,464606_4
SEB7-464606,2022-06-01,8,,464606_4
SEB7-464606,2022-06-02,8,,464606_4
SEB7-464606,2022-06-03,8,,464606_4
SEB7-464606,2022-06-06,8,,464606_4
SEB7-464606,2022-06-07,8,,464606_4
SEB7-464606,2022-06-08,8,,464606_4
SEB7-464606,2022-06-09,8,,464606_4
SEB7-464606,2022-06-10,8,,464606_4
SEB7-464606,2022-06-13,8,,464606_4
SEB7-464606,2022-06-14,8,,464606_4
SEB7-464606,2022-06-15,8,,464606_4
SEB7-464606,2022-06-16,8,,464606_4
SEB7-464606,2022-06-17,8,,464606_4
SEB7-464606,2022-06-20,8,,464606_4
SEB7-464606,2022-06-21,8,,464606_4
SEB7-464606,2022-06-22,8,,464606_4
SEB7-464606,2022-06-23,8,,464606_4
SEB7-464606,2022-06-24,8,,464606_4
SEB7-464606,2022-06-27,8,,464606_4
SEB7-464606,2022-06-28,8,,464606_4
SEB7-464606,2022-06-29,8,,464606_4
SEB7-464606,2022-06-30,8,,464606_4
